Timestamp_Unix,Timestamp_Ms,Signal_Raw,Intent_Label,Label_Class
1772342885.622392178,6.254,500.0000,REST,0
1772342885.631394148,15.256,1060.0268,REST,0
1772342885.635155916,19.018,1180.3239,REST,0
1772342885.642782927,26.645,1049.9570,REST,0
1772342885.646605968,30.468,967.7490,REST,0
1772342885.655570030,39.432,950.9985,REST,0
1772342885.659453869,43.317,848.9590,REST,0
1772342885.667156935,51.019,721.6597,REST,0
1772342885.672279119,56.142,694.8804,REST,0
1772342885.679910898,63.773,628.8892,REST,0
1772342885.683759212,67.622,498.3008,REST,0
1772342885.692697048,76.559,518.1392,REST,0
1772342885.696557999,80.420,520.1870,REST,0
1772342885.704242945,88.105,418.3442,REST,0
1772342885.708069801,91.932,352.0825,REST,0
1772342885.717007160,100.870,375.4702,REST,0
1772342885.720961094,104.823,289.7495,REST,0
1772342885.728482008,112.344,239.7744,REST,0
1772342885.733625174,117.487,270.3325,REST,0
1772342885.740638971,124.501,219.2192,REST,0
1772342885.745722771,129.585,111.8809,REST,0
1772342885.752939939,136.802,90.5066,REST,0
1772342885.758101940,141.964,90.8704,REST,0
1772342885.765280008,149.142,-19.2222,REST,0
1772342885.770422935,154.285,-27.2534,REST,0
1772342885.777445793,161.308,25.9458,REST,0
1772342885.782298803,166.161,-98.5681,REST,0
1772342885.789997101,173.860,-122.6606,REST,0
1772342885.795185804,179.048,-66.5483,REST,0
1772342885.802063942,185.926,-90.9785,REST,0
1772342885.807240009,191.102,-159.3733,REST,0
1772342885.814246893,198.109,-102.8555,REST,0
1772342885.819380045,203.242,-135.7766,REST,0
1772342885.826629162,210.491,-230.8081,REST,0
1772342885.831795931,215.658,-248.7458,REST,0
1772342885.838949919,222.813,-264.2703,REST,0
1772342885.843009949,226.872,-371.6292,REST,0
1772342885.851151943,235.014,-357.8169,REST,0
1772342885.856312990,240.175,-341.1004,REST,0
1772342885.863512993,247.375,-397.8716,REST,0
1772342885.868690968,252.553,-408.3455,REST,0
1772342885.875981092,259.843,-310.8652,REST,0
1772342885.881085873,264.949,-379.3150,REST,0
1772342885.888185024,272.047,-430.0291,REST,0
1772342885.893354893,277.217,-419.1690,REST,0
1772342885.900436878,284.299,-440.5515,REST,0
1772342885.905610085,289.472,-457.4685,REST,0
1772342885.912616014,296.478,-385.7393,REST,0
1772342885.917680979,301.544,-474.5032,REST,0
1772342885.924888134,308.750,-499.6309,REST,0
1772342885.930068970,313.931,-460.4678,REST,0
1772342885.937226057,321.088,-429.1856,REST,0
1772342885.942391157,326.253,-509.3999,REST,0
1772342885.949419022,333.281,-537.9297,REST,0
1772342885.954500198,338.362,-488.8281,REST,0
1772342885.961874962,345.737,-514.3201,REST,0
1772342885.967053175,350.916,-536.5447,REST,0
1772342885.974092007,357.954,-467.1878,REST,0
1772342885.979257107,363.120,-482.2947,REST,0
1772342885.986322880,370.185,-609.1155,REST,0
1772342885.991453886,375.316,-605.3955,REST,0
1772342885.998682022,382.544,-603.0769,REST,0
1772342886.003854036,387.716,-669.0037,REST,0
1772342886.010908842,394.772,-640.4956,REST,0
1772342886.015774965,399.637,-553.0418,REST,0
1772342886.023164988,407.027,-666.7940,REST,0
1772342886.028088093,411.950,-725.6431,REST,0
1772342886.032006979,415.869,-655.1006,REST,0
1772342886.041040897,424.903,-685.1179,REST,0
1772342886.044931173,428.793,-737.0984,REST,0
1772342886.052592039,436.454,-683.0664,REST,0
1772342886.056410074,440.272,-678.6531,REST,0
1772342886.065240145,449.102,-732.8259,REST,0
1772342886.069000006,452.862,-750.9326,REST,0
1772342886.076708078,460.570,-715.1145,REST,0
1772342886.081964016,465.827,-776.9871,REST,0
1772342886.089406967,473.269,-782.6931,REST,0
1772342886.093228102,477.090,-706.1875,REST,0
1772342886.102213860,486.076,-750.0443,REST,0
1772342886.106106997,489.969,-773.3663,REST,0
1772342886.113821983,497.684,-724.3468,REST,0
1772342886.117711782,501.575,-768.4805,REST,0
1772342886.126653910,510.516,-835.7711,REST,0
1772342886.130547047,514.409,-781.6393,REST,0
1772342886.138247967,522.110,-788.7987,REST,0
1772342886.142132998,525.995,-852.3910,REST,0
1772342886.151347876,535.210,-781.5623,REST,0
1772342886.155193090,539.055,-689.4027,REST,0
1772342886.162663937,546.526,-799.7570,REST,0
1772342886.167729855,551.592,-696.0473,REST,0
1772342886.175440788,559.303,-636.9530,REST,0
1772342886.179331064,563.193,-778.6777,REST,0
1772342886.187866211,571.729,-826.7416,REST,0
1772342886.191695929,575.558,-732.7024,REST,0
1772342886.200404882,584.267,-789.9443,REST,0
1772342886.204292059,588.154,-843.0403,REST,0
1772342886.211939096,595.801,-777.1267,REST,0
1772342886.215823174,599.685,-767.9639,REST,0
1772342886.224656820,608.519,-834.1958,REST,0
1772342886.228477001,612.339,-808.7948,REST,0
1772342886.237445831,621.308,-786.1989,REST,0
1772342886.241312981,625.175,-856.0906,REST,0
1772342886.249015093,632.877,-874.0299,REST,0
1772342886.252900124,636.763,-869.6063,REST,0
1772342886.261775970,645.638,-948.1210,REST,0
1772342886.265641928,649.504,-957.2074,REST,0
1772342886.273345947,657.208,-893.5542,REST,0
1772342886.277229071,661.091,-898.0779,REST,0
1772342886.286195993,670.058,-943.0618,REST,0
1772342886.290047884,673.910,-928.7131,REST,0
1772342886.298955917,682.818,-905.0789,REST,0
1772342886.302855015,686.718,-958.6502,REST,0
1772342886.310528994,694.391,-925.9960,REST,0
1772342886.314416885,698.279,-885.1681,REST,0
1772342886.323390961,707.253,-955.0006,REST,0
1772342886.327219963,711.082,-957.7565,REST,0
1772342886.334854841,718.717,-936.8533,REST,0
1772342886.338747978,722.610,-1005.3870,REST,0
1772342886.347713947,731.576,-1048.8306,REST,0
1772342886.351600170,735.462,-970.6923,REST,0
1772342886.359273911,743.136,-938.7981,REST,0
1772342886.364356041,748.218,-1000.3045,REST,0
1772342886.372002125,755.864,-997.1599,REST,0
1772342886.375885963,759.748,-984.7695,REST,0
1772342886.384871006,768.733,-1065.1799,REST,0
1772342886.388759136,772.621,-1035.4158,REST,0
1772342886.396386147,780.248,-993.7570,REST,0
1772342886.400206089,784.068,-1041.2694,REST,0
1772342886.409190893,793.053,-1062.3598,REST,0
1772342886.413058043,796.920,-1002.6012,REST,0
1772342886.421561003,805.424,-1033.4250,CLICK,1
1772342886.425426006,809.288,-1042.4479,CLICK,1
1772342886.433104992,816.968,-985.3615,CLICK,1
1772342886.437090158,820.952,-998.8123,CLICK,1
1772342886.445827007,829.689,-1114.6401,CLICK,1
1772342886.449659824,833.522,-1053.0460,CLICK,1
1772342886.458528042,842.390,-1054.4522,CLICK,1
1772342886.462351799,846.214,-1103.5512,CLICK,1
1772342886.470001936,853.864,-1052.5241,CLICK,1
1772342886.477829218,861.692,-1003.5339,CLICK,1
1772342886.482919931,866.782,-1075.4693,CLICK,1
1772342886.490101099,873.964,-1073.1433,CLICK,1
1772342886.495233059,879.095,-1017.2412,CLICK,1
1772342886.502361059,886.223,-1054.0098,CLICK,1
1772342886.507440090,891.302,-1064.6281,CLICK,1
1772342886.514684916,898.547,-985.1533,CLICK,1
1772342886.519731045,903.593,-1020.6192,CLICK,1
1772342886.526998997,910.861,-1069.5605,CLICK,1
1772342886.532159090,916.021,-1013.2830,CLICK,1
1772342886.539227962,923.090,-997.3195,CLICK,1
1772342886.544311047,928.174,-1058.3690,CLICK,1
1772342886.551524162,935.386,-1084.1434,CLICK,1
1772342886.556602001,940.464,-1031.0642,CLICK,1
1772342886.563824892,947.687,-1083.3612,CLICK,1
1772342886.568901777,952.764,-1089.8498,CLICK,1
1772342886.576094866,959.957,-998.1137,CLICK,1
1772342886.581195116,965.057,-1051.2375,CLICK,1
1772342886.588579178,972.441,-1098.2021,CLICK,1
1772342886.593444109,977.306,-1042.8618,CLICK,1
1772342886.600702047,984.564,-1047.7752,CLICK,1
1772342886.605802059,989.664,-1077.0686,CLICK,1
1772342886.612965107,996.828,-991.7575,CLICK,1
1772342886.618047953,1001.910,-987.2766,CLICK,1
1772342886.625313997,1009.176,-981.8532,CLICK,1
1772342886.630392075,1014.255,-989.8455,CLICK,1
1772342886.637589931,1021.452,-1035.8996,CLICK,1
1772342886.642673969,1026.537,-1164.6335,CLICK,1
1772342886.649877071,1033.739,-1224.5375,CLICK,1
1772342886.654952049,1038.814,-1193.1833,CLICK,1
1772342886.662203789,1046.066,-1236.2332,CLICK,1
1772342886.667269945,1051.132,-1182.9499,CLICK,1
1772342886.674401045,1058.263,-1099.6535,CLICK,1
1772342886.679414988,1063.277,-1169.5751,CLICK,1
1772342886.686785936,1070.648,-1229.0489,CLICK,1
1772342886.691869974,1075.732,-1149.8489,CLICK,1
1772342886.699027061,1082.889,-1140.2373,CLICK,1
1772342886.704103947,1087.966,-1174.3134,CLICK,1
1772342886.711400032,1095.262,-1079.8564,CLICK,1
1772342886.716483116,1100.345,-1019.1234,CLICK,1
1772342886.724114895,1107.977,-1075.6009,CLICK,1
1772342886.727935076,1111.797,-1049.1812,CLICK,1
1772342886.736779928,1120.642,-1005.2302,CLICK,1
1772342886.740590096,1124.452,-1054.5919,CLICK,1
1772342886.749460936,1133.323,-1043.3586,CLICK,1
1772342886.753283978,1137.146,-951.0516,CLICK,1
1772342886.760870934,1144.733,-988.7515,CLICK,1
1772342886.764683962,1148.547,-1034.0744,CLICK,1
1772342886.773479939,1157.343,-958.1013,CLICK,1
1772342886.777311087,1161.173,-965.4019,CLICK,1
1772342886.786255836,1170.118,-1032.5571,CLICK,1
1772342886.790182829,1174.045,-1018.4400,CLICK,1
1772342886.797807217,1181.669,-1008.5189,CLICK,1
1772342886.801665068,1185.527,-1070.5963,CLICK,1
1772342886.810593128,1194.455,-1024.0998,CLICK,1
1772342886.814239025,1198.101,-961.7775,CLICK,1
1772342886.823172092,1207.034,-982.8705,CLICK,1
1772342886.827034950,1210.897,-964.2418,CLICK,1
1772342886.834658146,1218.520,-926.7731,CLICK,1
1772342886.838519096,1222.381,-1004.0736,CLICK,1
1772342886.847450972,1231.313,-1020.4898,CLICK,1
1772342886.851285934,1235.149,-941.6289,CLICK,1
1772342886.858895779,1242.758,-942.6168,CLICK,1
1772342886.863969088,1247.832,-987.2671,CLICK,1
1772342886.871568918,1255.432,-910.2261,CLICK,1
1772342886.875406027,1259.269,-892.9899,CLICK,1
1772342886.884305954,1268.169,-955.4552,CLICK,1
1772342886.888133049,1271.995,-920.2163,CLICK,1
1772342886.895734072,1279.597,-844.7656,CLICK,1
1772342886.900830984,1284.694,-902.1795,CLICK,1
1772342886.908434868,1292.297,-870.9977,CLICK,1
1772342886.912253857,1296.116,-821.1698,CLICK,1
1772342886.921118975,1304.981,-837.2522,CLICK,1
1772342886.924741030,1308.603,-933.5569,CLICK,1
1772342886.933594227,1317.456,-875.1210,CLICK,1
1772342886.937427998,1321.290,-883.3572,CLICK,1
1772342886.945050955,1328.913,-923.3958,CLICK,1
1772342886.948916912,1332.779,-846.3356,CLICK,1
1772342886.957814932,1341.678,-838.9351,CLICK,1
1772342886.961658001,1345.521,-909.2588,CLICK,1
1772342886.970508099,1354.370,-876.8301,CLICK,1
1772342886.974321842,1358.184,-851.4566,CLICK,1
1772342886.981982946,1365.845,-905.2256,CLICK,1
1772342886.985935211,1369.797,-902.7634,CLICK,1
1772342886.994817019,1378.679,-823.1340,CLICK,1
1772342886.998656988,1382.519,-852.8010,CLICK,1
1772342887.007302999,1391.165,-871.6118,CLICK,1
1772342887.011046886,1394.909,-813.1156,CLICK,1
1772342887.018908978,1402.771,-771.1227,CLICK,1
1772342887.022840977,1406.703,-856.4032,CLICK,1
1772342887.030879974,1414.743,-842.1022,CLICK,1
1772342887.036664009,1420.527,-797.5601,CLICK,1
1772342887.043621778,1427.484,-818.0253,CLICK,1
1772342887.047532082,1431.394,-834.9555,CLICK,1
1772342887.055808067,1439.671,-834.6061,CLICK,1
1772342887.060477018,1444.340,-872.9592,CLICK,1
1772342887.069015980,1452.878,-926.5321,CLICK,1
1772342887.071993113,1455.855,-838.1896,CLICK,1
1772342887.080192089,1464.054,-863.8460,CLICK,1
1772342887.084153175,1468.015,-923.9259,CLICK,1
1772342887.092410088,1476.273,-853.5982,CLICK,1
1772342887.096626997,1480.489,-839.3694,CLICK,1
1772342887.104538202,1488.401,-922.6106,CLICK,1
1772342887.108746052,1492.608,-893.7666,CLICK,1
1772342887.116822958,1500.685,-838.6945,CLICK,1
1772342887.121896982,1505.759,-862.8674,CLICK,1
1772342887.129156113,1513.018,-821.5490,CLICK,1
1772342887.134468079,1518.330,-709.4415,CLICK,1
1772342887.141415834,1525.279,-747.4777,CLICK,1
1772342887.146639109,1530.502,-837.6244,CLICK,1
1772342887.153671980,1537.534,-779.5914,CLICK,1
1772342887.158813000,1542.675,-795.7179,CLICK,1
1772342887.165955067,1549.817,-892.4623,CLICK,1
1772342887.171072960,1554.935,-855.0692,CLICK,1
1772342887.178216934,1562.079,-853.5944,CLICK,1
1772342887.183322906,1567.185,-935.1294,CLICK,1
1772342887.190510035,1574.372,-868.6124,CLICK,1
1772342887.195706129,1579.568,-811.2276,CLICK,1
1772342887.202831984,1586.694,-858.2583,CLICK,1
1772342887.208005190,1591.868,-848.1991,CLICK,1
1772342887.215104103,1598.967,-762.6182,CLICK,1
1772342887.220229864,1604.092,-785.7175,CLICK,1
1772342887.227406025,1611.269,-824.4617,CLICK,1
1772342887.232625961,1616.489,-717.8113,CLICK,1
1772342887.240002155,1623.864,-760.2836,CLICK,1
1772342887.244019985,1627.882,-872.4264,CLICK,1
1772342887.251976967,1635.840,-841.5620,CLICK,1
1772342887.257282019,1641.145,-824.1166,CLICK,1
1772342887.264290094,1648.153,-866.3635,CLICK,1
1772342887.269626141,1653.488,-825.0663,CLICK,1
1772342887.276576042,1660.438,-780.0153,CLICK,1
1772342887.281766891,1665.629,-819.7839,CLICK,1
1772342887.288866997,1672.729,-785.2501,CLICK,1
1772342887.295468092,1679.331,-699.5098,CLICK,1
1772342887.301270008,1685.133,-753.3973,CLICK,1
1772342887.307105064,1690.967,-747.1923,CLICK,1
1772342887.314195871,1698.058,-661.2606,CLICK,1
1772342887.319066048,1702.928,-715.3751,CLICK,1
1772342887.326191187,1710.053,-814.4453,CLICK,1
1772342887.334892988,1718.756,-727.9970,CLICK,1
1772342887.338036060,1721.898,-711.5198,CLICK,1
1772342887.344129086,1727.991,-755.3723,CLICK,1
1772342887.350867987,1734.730,-762.5064,CLICK,1
1772342887.355179071,1739.042,-737.2848,CLICK,1
1772342887.362576962,1746.439,-804.4287,CLICK,1
1772342887.366857052,1750.720,-801.1027,CLICK,1
1772342887.374878883,1758.741,-743.3894,CLICK,1
1772342887.380057096,1763.920,-746.6471,CLICK,1
1772342887.387149096,1771.011,-791.0000,CLICK,1
1772342887.392529011,1776.391,-708.0516,CLICK,1
1772342887.399800062,1783.662,-734.8358,CLICK,1
1772342887.403887033,1787.750,-773.1521,CLICK,1
1772342887.411713123,1795.575,-697.5719,CLICK,1
1772342887.416933775,1800.796,-673.4202,CLICK,1
1772342887.424371958,1808.235,-766.9882,CLICK,1
1772342887.428400993,1812.263,-764.3709,CLICK,1
1772342887.436702013,1820.565,-685.4663,CLICK,1
1772342887.440500021,1824.362,-748.7861,CLICK,1
1772342887.448819876,1832.682,-720.9935,CLICK,1
1772342887.452748060,1836.610,-659.8705,CLICK,1
1772342887.460883856,1844.746,-685.0983,CLICK,1
1772342887.466037035,1849.900,-698.9392,CLICK,1
1772342887.473124027,1856.987,-603.6235,CLICK,1
1772342887.478403091,1862.266,-602.6702,CLICK,1
1772342887.485468864,1869.331,-651.8192,CLICK,1
1772342887.490612984,1874.475,-675.5515,CLICK,1
1772342887.497745991,1881.608,-717.7348,CLICK,1
1772342887.502856016,1886.718,-839.4491,CLICK,1
1772342887.509980917,1893.843,-792.4464,CLICK,1
1772342887.514770985,1898.633,-733.0791,CLICK,1
1772342887.522309780,1906.173,-790.9061,CLICK,1
1772342887.526447058,1910.309,-784.7548,CLICK,1
1772342887.534573078,1918.435,-717.4326,CLICK,1
1772342887.539752007,1923.614,-740.7993,CLICK,1
1772342887.546839952,1930.702,-782.4978,CLICK,1
1772342887.551975012,1935.837,-787.8171,CLICK,1
1772342887.559154987,1943.017,-818.9335,CLICK,1
1772342887.564949036,1948.811,-1018.5706,CLICK,1
1772342887.571456909,1955.319,-1232.4699,CLICK,1
1772342887.576683998,1960.547,-1323.7515,CLICK,1
1772342887.584449053,1968.311,-1576.0695,CLICK,1
1772342887.588041067,1971.903,-1678.8610,CLICK,1
1772342887.596026182,1979.888,-1682.6081,CLICK,1
1772342887.601056099,1984.918,-1735.5515,CLICK,1
1772342887.608794928,1992.657,-1697.9125,CLICK,1
1772342887.612750053,1996.612,-1591.6787,CLICK,1
1772342887.621294022,2005.157,-1504.8151,CLICK,1
1772342887.625242949,2009.105,-1349.8730,CLICK,1
1772342887.633061171,2016.923,-1147.7905,CLICK,1
1772342887.638262987,2022.125,-1032.7083,CLICK,1
1772342887.646106958,2029.970,-930.7282,CLICK,1
1772342887.650063753,2033.927,-731.7153,CLICK,1
1772342887.657792091,2041.654,-623.7086,CLICK,1
1772342887.661847115,2045.710,-591.9082,CLICK,1
1772342887.670902967,2054.765,-421.5028,CLICK,1
1772342887.674926043,2058.789,-264.8127,CLICK,1
1772342887.682723999,2066.587,-344.0942,CLICK,1
1772342887.686964035,2070.826,-252.0002,CLICK,1
1772342887.694945097,2078.807,-157.2797,CLICK,1
1772342887.699005842,2082.868,-219.2498,CLICK,1
1772342887.707496881,2091.360,-197.7782,CLICK,1
1772342887.711456060,2095.319,-139.2643,CLICK,1
1772342887.719429970,2103.293,-91.4568,CLICK,1
1772342887.724316835,2108.179,-104.4326,CLICK,1
1772342887.731256008,2115.118,-58.3647,CLICK,1
1772342887.735728025,2119.590,-13.5172,CLICK,1
1772342887.743469000,2127.331,-50.0666,CLICK,1
1772342887.748467922,2132.331,-29.8951,CLICK,1
1772342887.755829096,2139.691,-10.7001,CLICK,1
1772342887.761059046,2144.922,-85.6204,CLICK,1
1772342887.768092871,2151.956,-118.7097,CLICK,1
1772342887.774039984,2157.902,-68.9453,CLICK,1
1772342887.780336142,2164.198,-79.3445,CLICK,1
1772342887.786377907,2170.240,-173.9911,CLICK,1
1772342887.792795897,2176.658,-158.9421,CLICK,1
1772342887.797190905,2181.053,-193.8507,CLICK,1
1772342887.804911137,2188.773,-268.6618,CLICK,1
1772342887.810414076,2194.276,-234.7241,CLICK,1
1772342887.818151951,2202.015,-208.8413,CLICK,1
1772342887.821578026,2205.441,-268.0164,CLICK,1
1772342887.830808163,2214.671,-238.2248,CLICK,1
1772342887.833822966,2217.685,-179.2277,CLICK,1
1772342887.841835022,2225.697,-268.9271,CLICK,1
1772342887.847107172,2230.969,-283.8410,CLICK,1
1772342887.854586840,2238.450,-268.1539,CLICK,1
1772342887.858880997,2242.743,-275.4548,CLICK,1
1772342887.866472006,2250.334,-329.9239,CLICK,1
1772342887.870969057,2254.831,-292.8693,CLICK,1
1772342887.878618002,2262.480,-302.6250,CLICK,1
1772342887.883996964,2267.859,-333.0081,CLICK,1
1772342887.891329050,2275.191,-326.2039,CLICK,1
1772342887.895802021,2279.664,-310.6741,CLICK,1
1772342887.903234959,2287.097,-434.6921,CLICK,1
1772342887.908563852,2292.426,-441.9913,CLICK,1
1772342887.915525198,2299.387,-395.2528,CLICK,1
1772342887.920830011,2304.693,-484.5427,CLICK,1
1772342887.927844048,2311.706,-501.2161,CLICK,1
1772342887.932444811,2316.307,-431.2579,CLICK,1
1772342887.940102816,2323.966,-471.0370,CLICK,1
1772342887.945291042,2329.153,-536.8110,CLICK,1
1772342887.952373981,2336.236,-488.6967,CLICK,1
1772342887.957435846,2341.298,-486.3768,CLICK,1
1772342887.964663029,2348.526,-517.6018,CLICK,1
1772342887.969870090,2353.733,-496.6539,CLICK,1
1772342887.976886988,2360.749,-458.0332,CLICK,1
1772342887.982201099,2366.064,-508.3341,CLICK,1
1772342887.989199877,2373.072,-515.0224,CLICK,1
1772342887.993446827,2377.309,-449.4864,CLICK,1
1772342888.001538038,2385.401,-547.9503,CLICK,1
1772342888.006970882,2390.833,-531.9893,CLICK,1
1772342888.013726950,2397.590,-423.7787,CLICK,1
1772342888.018382072,2402.244,-465.1915,CLICK,1
1772342888.026060104,2409.922,-491.8546,CLICK,1
1772342888.030667067,2414.530,-466.6808,CLICK,1
1772342888.038437843,2422.300,-488.8012,CLICK,1
1772342888.043707848,2427.570,-590.7273,CLICK,1
1772342888.050975084,2434.866,-561.6607,CLICK,1
1772342888.055693150,2439.556,-505.1776,CLICK,1
1772342888.062953949,2446.817,-598.6804,CLICK,1
1772342888.067272902,2451.135,-580.2008,CLICK,1
1772342888.076122999,2459.986,-513.1803,CLICK,1
1772342888.080334187,2464.197,-485.0493,CLICK,1
1772342888.087553024,2471.415,-460.7371,CLICK,1
1772342888.092811108,2476.673,-405.6983,CLICK,1
1772342888.099786043,2483.648,-463.0605,CLICK,1
1772342888.105154991,2489.017,-578.4989,CLICK,1
1772342888.112013102,2495.876,-506.4441,CLICK,1
1772342888.116986990,2500.849,-502.4486,CLICK,1
1772342888.124368906,2508.231,-580.6509,CLICK,1
1772342888.129736900,2513.599,-542.3400,CLICK,1
1772342888.136596918,2520.459,-494.4215,CLICK,1
1772342888.141731024,2525.593,-576.8814,CLICK,1
1772342888.148825169,2532.688,-581.1535,CLICK,1
1772342888.153954983,2537.817,-496.1408,CLICK,1
1772342888.161126852,2544.989,-501.6904,CLICK,1
1772342888.166103125,2549.965,-465.5569,CLICK,1
1772342888.173447847,2557.310,-402.7200,CLICK,1
1772342888.178564072,2562.426,-435.7583,CLICK,1
1772342888.185714006,2569.576,-491.4757,CLICK,1
1772342888.190811872,2574.674,-418.5975,CLICK,1
1772342888.197989941,2581.852,-370.7720,CLICK,1
1772342888.203049898,2586.912,-440.1312,CLICK,1
1772342888.210322857,2594.185,-436.3882,CLICK,1
1772342888.215442896,2599.306,-388.4467,CLICK,1
1772342888.222573996,2606.436,-498.8226,CLICK,1
1772342888.227671146,2611.533,-508.5211,CLICK,1
1772342888.234847069,2618.709,-458.6243,CLICK,1
1772342888.239982128,2623.844,-499.4683,CLICK,1
1772342888.247123957,2630.986,-486.3789,CLICK,1
1772342888.252254009,2636.116,-403.1004,CLICK,1
1772342888.259460211,2643.323,-375.2719,CLICK,1
1772342888.264569044,2648.431,-421.4055,CLICK,1
1772342888.271718979,2655.582,-372.8869,CLICK,1
1772342888.276642084,2660.504,-361.3825,CLICK,1
1772342888.284013987,2667.876,-368.8818,CLICK,1
1772342888.289018154,2672.880,-319.8587,CLICK,1
1772342888.296416044,2680.278,-397.2670,CLICK,1
1772342888.301735878,2685.598,-490.8863,CLICK,1
1772342888.308758974,2692.622,-470.9282,CLICK,1
1772342888.313982964,2697.846,-401.6671,CLICK,1
1772342888.320905924,2704.768,-507.2617,CLICK,1
1772342888.326292038,2710.155,-519.3416,CLICK,1
1772342888.333195925,2717.058,-452.2037,CLICK,1
1772342888.338413000,2722.275,-457.1503,CLICK,1
1772342888.346809149,2730.671,-483.5150,CLICK,1
1772342888.350085974,2733.948,-395.1495,CLICK,1
1772342888.357724905,2741.587,-380.9772,CLICK,1
1772342888.362866879,2746.729,-416.5140,CLICK,1
1772342888.370038033,2753.900,-423.4657,CLICK,1
1772342888.375711918,2759.574,-320.8959,CLICK,1
1772342888.382399082,2766.261,-452.5054,CLICK,1
1772342888.387448072,2771.310,-500.9268,CLICK,1
1772342888.394642830,2778.505,-460.7326,CLICK,1
1772342888.399901867,2783.764,-511.4234,CLICK,1
1772342888.406906128,2790.768,-518.3505,CLICK,1
1772342888.411971092,2795.833,-506.0870,CLICK,1
1772342888.419227839,2803.090,-542.1929,CLICK,1
1772342888.424442768,2808.305,-568.3967,CLICK,1
1772342888.431550026,2815.412,-470.4962,CLICK,1
1772342888.436717033,2820.580,-443.8609,CLICK,1
1772342888.444207191,2828.069,-476.5723,CLICK,1
1772342888.448096991,2831.959,-463.1276,CLICK,1
1772342888.456073046,2839.935,-374.5285,CLICK,1
1772342888.461215973,2845.078,-391.8850,CLICK,1
1772342888.468442917,2852.305,-376.9810,CLICK,1
1772342888.473568916,2857.431,-314.1997,CLICK,1
1772342888.480684042,2864.546,-377.5653,CLICK,1
1772342888.485647917,2869.510,-369.8297,CLICK,1
1772342888.492933035,2876.795,-338.9514,CLICK,1
1772342888.498053789,2881.916,-389.4507,CLICK,1
1772342888.505280018,2889.142,-461.2541,CLICK,1
1772342888.510400057,2894.262,-406.0196,CLICK,1
1772342888.517510891,2901.373,-381.6816,CLICK,1
1772342888.522634983,2906.497,-411.3208,CLICK,1
1772342888.529795170,2913.657,-369.0500,CLICK,1
1772342888.534893990,2918.756,-285.6182,CLICK,1
1772342888.542078018,2925.940,-339.2100,CLICK,1
1772342888.547153950,2931.016,-306.6180,CLICK,1
1772342888.554414034,2938.276,-316.2697,CLICK,1
1772342888.559343100,2943.205,-372.4214,CLICK,1
1772342888.566658020,2950.520,-374.5600,CLICK,1
1772342888.571735144,2955.597,-309.3294,CLICK,1
1772342888.578949213,2962.811,-310.9868,CLICK,1
1772342888.584033012,2967.895,-397.8272,CLICK,1
1772342888.591222048,2975.084,-344.1458,CLICK,1
1772342888.596316814,2980.179,-340.1630,CLICK,1
1772342888.603590965,2987.453,-412.9869,CLICK,1
1772342888.608694077,2992.556,-354.1882,CLICK,1
1772342888.615828991,2999.691,-305.6411,CLICK,1
1772342888.620910168,3004.772,-357.6557,CLICK,1
1772342888.628096104,3011.958,-342.4617,CLICK,1
1772342888.633183956,3017.046,-282.8760,CLICK,1
1772342888.640400887,3024.263,-371.9246,CLICK,1
1772342888.645483017,3029.345,-398.7631,CLICK,1
1772342888.652692080,3036.554,-314.4837,CLICK,1
1772342888.657824993,3041.687,-335.1771,CLICK,1
1772342888.664992094,3048.855,-355.6178,CLICK,1
1772342888.670104027,3053.966,-279.4209,CLICK,1
1772342888.677254915,3061.117,-299.0005,CLICK,1
1772342888.682358027,3066.220,-455.5699,CLICK,1
1772342888.689630985,3073.493,-437.6954,CLICK,1
1772342888.694717884,3078.580,-372.2387,CLICK,1
1772342888.701839924,3085.702,-412.2169,CLICK,1
1772342888.706933022,3090.795,-427.3395,CLICK,1
1772342888.714141846,3098.004,-409.1757,CLICK,1
1772342888.719219923,3103.082,-460.5752,CLICK,1
1772342888.726415873,3110.278,-457.2835,CLICK,1
1772342888.731493235,3115.356,-340.9246,CLICK,1
1772342888.738735199,3122.597,-331.7695,CLICK,1
1772342888.743808031,3127.670,-375.7106,CLICK,1
1772342888.750981808,3134.844,-333.3145,CLICK,1
1772342888.756066084,3139.928,-368.4614,CLICK,1
1772342888.763360977,3147.223,-502.0746,CLICK,1
1772342888.768450975,3152.313,-459.4926,CLICK,1
1772342888.775633812,3159.496,-404.2830,CLICK,1
1772342888.780718088,3164.580,-448.8328,CLICK,1
1772342888.787938118,3171.800,-444.3839,CLICK,1
1772342888.793011904,3176.874,-396.4584,CLICK,1
1772342888.800132036,3183.994,-409.7723,CLICK,1
1772342888.805222988,3189.085,-403.7875,CLICK,1
1772342888.812442780,3196.305,-392.6535,CLICK,1
1772342888.817514896,3201.377,-374.6655,CLICK,1
1772342888.825943947,3209.806,-391.4003,CLICK,1
1772342888.829766989,3213.629,-336.4108,CLICK,1
1772342888.837029219,3220.891,-279.1526,CLICK,1
1772342888.842098951,3225.961,-331.8207,CLICK,1
1772342888.849274158,3233.136,-248.8353,CLICK,1
1772342888.854349136,3238.211,-182.5602,CLICK,1
1772342888.861593008,3245.455,-200.4352,CLICK,1
1772342888.866672993,3250.535,-227.4679,CLICK,1
1772342888.873979807,3257.842,-192.6466,CLICK,1
1772342888.879060030,3262.922,-230.1826,CLICK,1
1772342888.886219025,3270.081,-257.6008,CLICK,1
1772342888.891302824,3275.166,-176.7081,CLICK,1
1772342888.898467064,3282.329,-211.1503,CLICK,1
1772342888.903555155,3287.418,-302.9484,CLICK,1
1772342888.910735846,3294.598,-249.4491,CLICK,1
1772342888.915824175,3299.686,-257.9163,CLICK,1
1772342888.923020124,3306.882,-325.3061,CLICK,1
1772342888.928377151,3312.239,-272.3772,CLICK,1
1772342888.935431004,3319.293,-225.8989,CLICK,1
1772342888.940524101,3324.386,-285.8611,CLICK,1
1772342888.947635889,3331.498,-252.5903,CLICK,1
1772342888.952723026,3336.585,-149.2883,CLICK,1
1772342888.959918022,3343.780,-162.4628,CLICK,1
1772342888.964751959,3348.614,-264.0858,CLICK,1
1772342888.972387075,3356.249,-239.2157,CLICK,1
1772342888.977510929,3361.373,-275.5092,CLICK,1
1772342888.985110044,3368.972,-297.9801,CLICK,1
1772342888.988925934,3372.788,-228.6156,CLICK,1
1772342888.997881174,3381.743,-196.9360,CLICK,1
1772342889.001712799,3385.575,-248.4865,CLICK,1
1772342889.009330988,3393.193,-207.3872,CLICK,1
1772342889.014487982,3398.350,-130.1703,CLICK,1
1772342889.022082090,3405.944,-218.5979,CLICK,1
1772342889.025894880,3409.757,-211.4533,CLICK,1
1772342889.033699989,3417.562,-153.5633,CLICK,1
1772342889.038799047,3422.661,-184.3690,CLICK,1
1772342889.046386957,3430.249,-187.6990,CLICK,1
1772342889.050202131,3434.064,-137.3241,CLICK,1
1772342889.059036970,3442.899,-197.5536,CLICK,1
1772342889.062859058,3446.721,-265.8146,CLICK,1
1772342889.071739912,3455.602,-168.6185,CLICK,1
1772342889.075572968,3459.436,-145.5092,CLICK,1
1772342889.083164930,3467.027,-219.1390,CLICK,1
1772342889.086980104,3470.842,-184.7226,CLICK,1
1772342889.095824957,3479.687,-163.1298,CLICK,1
1772342889.099638939,3483.501,-197.0872,CLICK,1
1772342889.108486891,3492.349,-179.9590,CLICK,1
1772342889.112302065,3496.164,-134.5732,CLICK,1
1772342889.119887829,3503.750,-150.8720,CLICK,1
1772342889.124996185,3508.858,-126.2580,CLICK,1
1772342889.132578135,3516.440,-66.5659,CLICK,1
1772342889.136409998,3520.273,-127.1409,CLICK,1
1772342889.145187140,3529.049,-190.4646,CLICK,1
1772342889.149011850,3532.874,-140.3714,CLICK,1
1772342889.156599045,3540.461,-136.7396,CLICK,1
1772342889.161671877,3545.534,-195.3146,CLICK,1
1772342889.169260979,3553.123,-142.8705,CLICK,1
1772342889.173099995,3556.962,-107.6635,CLICK,1
1772342889.181826115,3565.689,-215.0775,CLICK,1
1772342889.185656071,3569.518,-182.0091,CLICK,1
1772342889.194522142,3578.384,-121.7835,CLICK,1
1772342889.198348045,3582.210,-157.5652,CLICK,1
1772342889.206137180,3589.999,-196.2643,CLICK,1
1772342889.209966183,3593.828,-185.9127,CLICK,1
1772342889.218842983,3602.705,-208.9655,CLICK,1
1772342889.222743034,3606.605,-234.9290,CLICK,1
1772342889.230335951,3614.198,-174.2761,CLICK,1
1772342889.235411882,3619.274,-167.0533,CLICK,1
1772342889.243024826,3626.888,-241.1142,CLICK,1
1772342889.246850967,3630.713,-204.4705,CLICK,1
1772342889.255765915,3639.628,-147.6747,CLICK,1
1772342889.259648085,3643.510,-192.5590,CLICK,1
1772342889.267354012,3651.216,-207.6461,CLICK,1
1772342889.272571802,3656.434,-119.7023,CLICK,1
1772342889.280205965,3664.068,-234.1415,CLICK,1
1772342889.284023046,3667.885,-253.8867,CLICK,1
1772342889.293008804,3676.871,-141.0419,CLICK,1
1772342889.296854973,3680.717,-180.5286,CLICK,1
1772342889.304550886,3688.413,-286.3348,CLICK,1
1772342889.308521986,3692.384,-235.4691,CLICK,1
1772342889.317177057,3701.039,-220.4001,CLICK,1
1772342889.321079016,3704.941,-284.8385,CLICK,1
1772342889.329861879,3713.724,-226.5625,CLICK,1
1772342889.333715916,3717.578,-142.4919,CLICK,1
1772342889.341435909,3725.299,-230.6554,CLICK,1
1772342889.345268011,3729.130,-211.8304,CLICK,1
1772342889.354151964,3738.014,-149.6670,CLICK,1
1772342889.358063221,3741.925,-201.1553,CLICK,1
1772342889.365765810,3749.628,-203.9900,CLICK,1
1772342889.369648218,3753.510,-133.8535,CLICK,1
1772342889.378547907,3762.410,-166.7664,CLICK,1
1772342889.382363796,3766.226,-198.8810,CLICK,1
1772342889.391294003,3775.156,-121.8849,CLICK,1
1772342889.395174980,3779.037,-99.8467,CLICK,1
1772342889.402876854,3786.739,-159.5102,CLICK,1
1772342889.406759024,3790.621,-154.9831,CLICK,1
1772342889.415634871,3799.498,-81.0161,CLICK,1
1772342889.419455051,3803.317,-165.9758,CLICK,1
1772342889.427182198,3811.044,-145.5998,CLICK,1
1772342889.431066990,3814.929,-134.1689,CLICK,1
1772342889.440064907,3823.927,-210.4756,CLICK,1
1772342889.443958998,3827.821,-205.4121,CLICK,1
1772342889.451446056,3835.308,-133.1465,CLICK,1
1772342889.456524134,3840.386,-136.6036,CLICK,1
1772342889.463973999,3847.836,-195.7755,CLICK,1
1772342889.468989849,3852.852,-120.1071,CLICK,1
1772342889.476698160,3860.560,-114.5320,CLICK,1
1772342889.480570078,3864.432,-153.4246,CLICK,1
1772342889.489426851,3873.289,-69.5277,CLICK,1
1772342889.493283987,3877.147,-20.5175,CLICK,1
1772342889.500995159,3884.857,-90.7343,CLICK,1
1772342889.504884005,3888.746,-112.4847,CLICK,1
1772342889.513829947,3897.692,-64.3266,CLICK,1
1772342889.517645121,3901.507,-93.7921,CLICK,1
1772342889.525305033,3909.167,-139.4069,CLICK,1
1772342889.530469179,3914.331,-126.3038,CLICK,1
1772342889.538144112,3922.006,-154.7599,CLICK,1
1772342889.541965008,3925.827,-172.8644,CLICK,1
1772342889.550845861,3934.709,-102.1613,CLICK,1
1772342889.554677010,3938.539,-94.6381,CLICK,1
1772342889.562280893,3946.143,-193.4734,CLICK,1
1772342889.566098928,3949.961,-161.1868,CLICK,1
1772342889.574753046,3958.615,-104.2941,CLICK,1
1772342889.578572989,3962.436,-156.3710,CLICK,1
1772342889.587421894,3971.284,-112.0581,CLICK,1
1772342889.591236115,3975.098,-40.7212,CLICK,1
1772342889.598860979,3982.723,-39.5750,CLICK,1
1772342889.603951216,3987.813,-108.4119,CLICK,1
1772342889.611578226,3995.440,-65.9870,CLICK,1
1772342889.615402937,3999.265,-68.6873,CLICK,1
1772342889.624282122,4008.144,-124.7709,CLICK,1
1772342889.628030062,4011.892,-60.3033,CLICK,1
1772342889.636893988,4020.756,-94.4545,CLICK,1
1772342889.640772104,4024.634,-163.6137,CLICK,1
1772342889.648485184,4032.347,-158.3060,CLICK,1
1772342889.652288914,4036.151,-110.3729,CLICK,1
1772342889.661156178,4045.018,-159.5830,CLICK,1
1772342889.665048122,4048.910,-113.2726,CLICK,1
1772342889.672753811,4056.617,-40.2908,CLICK,1
1772342889.677911043,4061.773,-68.4184,CLICK,1
1772342889.685599089,4069.461,-90.6908,CLICK,1
1772342889.689406872,4073.269,-5.5920,CLICK,1
1772342889.698305130,4082.167,-8.0120,CLICK,1
1772342889.702178001,4086.040,-68.7530,CLICK,1
1772342889.709430933,4093.293,-25.2145,CLICK,1
1772342889.714596033,4098.458,-54.2674,CLICK,1
1772342889.721739054,4105.601,-140.4597,CLICK,1
1772342889.726824999,4110.687,-153.2147,CLICK,1
1772342889.734076977,4117.939,-103.9232,CLICK,1
1772342889.739243984,4123.106,-136.6465,CLICK,1
1772342889.746326923,4130.189,-99.0792,CLICK,1
1772342889.751502037,4135.364,-58.2984,CLICK,1
1772342889.758555889,4142.418,-50.3937,CLICK,1
1772342889.763637066,4147.499,-59.2741,CLICK,1
1772342889.770893097,4154.755,-15.2540,CLICK,1
1772342889.776052952,4159.915,33.7748,CLICK,1
1772342889.783187866,4167.050,-61.5705,CLICK,1
1772342889.788352013,4172.214,-41.2306,CLICK,1
1772342889.795416117,4179.278,-72.6751,CLICK,1
1772342889.800503969,4184.366,-131.0037,CLICK,1
1772342889.807770967,4191.633,-87.9650,CLICK,1
1772342889.812928915,4196.791,-28.2806,CLICK,1
1772342889.820076942,4203.939,-73.7551,CLICK,1
1772342889.824213028,4208.075,-72.4597,CLICK,1
1772342889.832249165,4216.112,-13.9661,CLICK,1
1772342889.837342978,4221.205,-14.3715,CLICK,1
1772342889.844543934,4228.406,88.3067,CLICK,1
1772342889.849615812,4233.478,166.4984,CLICK,1
1772342889.856918097,4240.780,140.4741,CLICK,1
1772342889.862231970,4246.094,90.2691,CLICK,1
1772342889.869207144,4253.069,-44.4617,CLICK,1
1772342889.874366045,4258.228,-190.7882,CLICK,1
1772342889.881448984,4265.311,-340.7593,CLICK,1
1772342889.886614084,4270.476,-283.7012,CLICK,1
1772342889.893679142,4277.541,-161.8834,CLICK,1
1772342889.898777008,4282.639,-172.0923,CLICK,1
1772342889.906018019,4289.880,-147.9913,CLICK,1
1772342889.911183834,4295.046,-52.9299,CLICK,1
1772342889.918269873,4302.133,-69.8640,CLICK,1
1772342889.923476934,4307.340,-143.4708,CLICK,1
1772342889.927323818,4311.186,-24.6978,CLICK,1
1772342889.934911966,4318.774,-39.7647,CLICK,1
1772342889.940001965,4323.864,-45.0463,CLICK,1
1772342889.947704077,4331.566,-58.2098,CLICK,1
1772342889.951578140,4335.440,-138.0772,CLICK,1
1772342889.960551977,4344.414,-198.2291,CLICK,1
1772342889.964382887,4348.245,-193.6669,CLICK,1
1772342889.971980095,4355.842,-65.4307,CLICK,1
1772342889.975875139,4359.737,-108.1054,CLICK,1
1772342889.984852076,4368.714,-96.3585,CLICK,1
1772342889.988725901,4372.589,-8.1938,CLICK,1
1772342889.996400833,4380.263,-53.2764,CLICK,1
1772342890.000211954,4384.074,-85.8330,CLICK,1
1772342890.008880138,4392.742,49.4262,CLICK,1
1772342890.012768030,4396.630,73.0518,CLICK,1
1772342890.021547079,4405.409,15.0272,CLICK,1
1772342890.025428057,4409.290,33.3535,CLICK,1
1772342890.033050060,4416.912,-5.6447,CLICK,1
1772342890.038124084,4421.986,-82.0028,CLICK,1
1772342890.045839787,4429.703,-112.5071,CLICK,1
1772342890.049701929,4433.564,-100.1492,CLICK,1
1772342890.058691025,4442.553,-144.7622,CLICK,1
1772342890.062575102,4446.437,-107.5278,CLICK,1
1772342890.070188999,4454.052,-15.3433,CLICK,1
1772342890.074018955,4457.881,-67.8673,CLICK,1
1772342890.082998991,4466.861,-32.0708,CLICK,1
1772342890.086872101,4470.734,45.8719,CLICK,1
1772342890.094579935,4478.442,108.9249,CLICK,1
1772342890.099686861,4483.549,77.8959,CLICK,1
1772342890.107291937,4491.154,55.3040,CLICK,1
1772342890.111149073,4495.011,86.8963,CLICK,1
1772342890.120087147,4503.949,79.9717,CLICK,1
1772342890.124010086,4507.872,105.2449,CLICK,1
1772342890.131690979,4515.553,158.0256,CLICK,1
1772342890.135512114,4519.374,68.4655,CLICK,1
1772342890.144282818,4528.145,21.9285,CLICK,1
1772342890.148160934,4532.023,1.2399,CLICK,1
1772342890.156912088,4540.774,20.2689,CLICK,1
1772342890.160634995,4544.497,-46.2611,CLICK,1
1772342890.168306828,4552.170,2.6524,CLICK,1
1772342890.173384905,4557.247,65.3299,CLICK,1
1772342890.181007147,4564.869,10.0027,CLICK,1
1772342890.184884071,4568.746,24.4952,CLICK,1
1772342890.192758083,4576.620,89.6458,CLICK,1
1772342890.197915792,4581.778,40.6355,CLICK,1
1772342890.204965115,4588.827,29.4011,CLICK,1
1772342890.210050106,4593.912,129.7893,CLICK,1
1772342890.217323065,4601.185,147.6155,CLICK,1
1772342890.222531080,4606.393,97.7476,CLICK,1
1772342890.229594231,4613.456,111.8272,CLICK,1
1772342890.234741926,4618.604,83.0494,CLICK,1
1772342890.241808891,4625.671,-15.8759,CLICK,1
1772342890.246886969,4630.749,24.4232,CLICK,1
1772342890.254203796,4638.066,21.8370,CLICK,1
1772342890.259386778,4643.250,-66.5912,CLICK,1
1772342890.266402006,4650.264,-57.3569,CLICK,1
1772342890.271533012,4655.395,-6.9477,CLICK,1
1772342890.278642893,4662.505,-65.0710,CLICK,1
1772342890.283720970,4667.583,-94.1249,CLICK,1
1772342890.290960789,4674.824,-40.2706,CLICK,1
1772342890.296028852,4679.891,-43.0202,CLICK,1
1772342890.299908161,4683.770,-93.5219,CLICK,1
1772342890.307585955,4691.448,-39.3610,CLICK,1
1772342890.312659025,4696.521,61.7368,CLICK,1
1772342890.320225954,4704.088,73.7945,CLICK,1
1772342890.324115992,4707.978,-8.1530,CLICK,1
1772342890.333084822,4716.948,17.1171,CLICK,1
1772342890.336970091,4720.832,-61.3338,CLICK,1
1772342890.344598055,4728.460,-177.8773,CLICK,1
1772342890.348411798,4732.274,-169.4025,CLICK,1
1772342890.357277870,4741.140,-228.0715,CLICK,1
1772342890.361167908,4745.030,-240.8106,CLICK,1
1772342890.370170116,4754.032,-167.7341,CLICK,1
1772342890.374034882,4757.897,-182.5739,CLICK,1
1772342890.381637812,4765.500,-257.8793,CLICK,1
1772342890.385414839,4769.277,-215.6449,CLICK,1
1772342890.394398928,4778.261,-177.9890,CLICK,1
1772342890.398279905,4782.142,-245.6758,CLICK,1
1772342890.405987024,4789.849,-200.4294,CLICK,1
1772342890.409945011,4793.807,-80.2142,CLICK,1
1772342890.419034004,4802.896,-120.3461,REST,0
1772342890.422955990,4806.818,-89.6989,REST,0
1772342890.430650949,4814.513,79.4908,REST,0
1772342890.434519053,4818.381,-43.3819,REST,0
1772342890.443378925,4827.241,-53.2252,REST,0
1772342890.447228909,4831.091,89.8579,REST,0
1772342890.456115007,4839.977,107.8456,REST,0
1772342890.459928989,4843.791,-49.2111,REST,0
1772342890.467589855,4851.452,-124.5338,REST,0
1772342890.471454859,4855.317,-75.2363,REST,0
1772342890.480424881,4864.287,-110.2503,REST,0
1772342890.484249115,4868.111,-74.0387,REST,0
1772342890.491834879,4875.698,24.5930,REST,0
1772342890.496989965,4880.852,-1.2496,REST,0
1772342890.504703045,4888.566,5.1579,REST,0
1772342890.508572817,4892.435,124.9581,REST,0
1772342890.517487049,4901.349,122.0366,REST,0
1772342890.521357059,4905.219,133.5287,REST,0
1772342890.528988838,4912.851,209.0183,REST,0
1772342890.532866955,4916.729,154.0840,REST,0
1772342890.541856050,4925.718,110.1442,REST,0
1772342890.545747995,4929.610,152.0269,REST,0
1772342890.553411007,4937.273,193.3129,REST,0
1772342890.558532000,4942.394,123.5500,REST,0
1772342890.566213846,4950.076,66.3746,REST,0
1772342890.570107937,4953.970,123.0674,REST,0
1772342890.579066038,4962.928,73.0757,REST,0
1772342890.582940817,4966.803,57.8960,REST,0
1772342890.590551138,4974.413,158.0343,REST,0
1772342890.594375849,4978.238,163.2272,REST,0
1772342890.603353024,4987.215,134.1851,REST,0
1772342890.607230902,4991.093,153.7401,REST,0
1772342890.614939928,4998.802,69.5394,REST,0
1772342890.618803024,5002.665,-68.7785,REST,0
1772342890.627701998,5011.564,1.0851,REST,0
1772342890.631325960,5015.188,50.3359,REST,0
1772342890.640244961,5024.107,-44.6097,REST,0
1772342890.643970966,5027.833,-46.3181,REST,0
1772342890.652731895,5036.595,31.9117,REST,0
1772342890.656549931,5040.412,49.9290,REST,0
1772342890.664171934,5048.034,65.4511,REST,0
1772342890.668052912,5051.916,122.5089,REST,0
1772342890.677029133,5060.891,101.5829,REST,0
1772342890.680904865,5064.767,76.9003,REST,0
1772342890.688558102,5072.420,129.4858,REST,0
1772342890.692374945,5076.237,98.0875,REST,0
1772342890.701289892,5085.152,97.0325,REST,0
1772342890.705166101,5089.028,152.1150,REST,0
1772342890.714179039,5098.042,146.7151,REST,0
1772342890.718055010,5101.917,-1.1171,REST,0
1772342890.725162983,5109.025,-16.9033,REST,0
1772342890.730252981,5114.115,79.5889,REST,0
1772342890.737515926,5121.378,81.0486,REST,0
1772342890.742682934,5126.545,43.9194,REST,0
1772342890.749766827,5133.629,116.3690,REST,0
1772342890.754899979,5138.762,107.9611,REST,0
1772342890.761978865,5145.842,109.2894,REST,0
1772342890.767045975,5150.908,146.7841,REST,0
1772342890.774393082,5158.255,197.3004,REST,0
1772342890.779557943,5163.420,146.4394,REST,0
1772342890.786636114,5170.498,145.3502,REST,0
1772342890.791733027,5175.595,189.4256,REST,0
1772342890.798849106,5182.711,107.1978,REST,0
1772342890.803974867,5187.837,115.9861,REST,0
1772342890.811635971,5195.498,134.1211,REST,0
1772342890.815521002,5199.383,30.6821,REST,0
1772342890.823454857,5207.318,-7.1997,REST,0
1772342890.828495026,5212.357,78.3819,REST,0
1772342890.835711956,5219.574,93.4477,REST,0
1772342890.840897083,5224.759,27.3266,REST,0
1772342890.848015070,5231.877,81.0309,REST,0
1772342890.853082895,5236.945,155.8493,REST,0
1772342890.860234976,5244.097,57.4554,REST,0
1772342890.865309954,5249.172,89.9223,REST,0
1772342890.872663021,5256.525,176.0067,REST,0
1772342890.877824068,5261.686,157.7440,REST,0
1772342890.884933949,5268.796,103.4758,REST,0
1772342890.890094042,5273.956,158.5778,REST,0
1772342890.897103786,5280.966,129.2898,REST,0
1772342890.902177095,5286.039,114.8603,REST,0
1772342890.909502029,5293.364,120.3967,REST,0
1772342890.914659977,5298.522,84.6574,REST,0
1772342890.921756983,5305.619,-31.9654,REST,0
1772342890.925936937,5309.799,-6.1452,REST,0
1772342890.933967829,5317.830,73.0134,REST,0
1772342890.939049006,5322.911,24.0640,REST,0
1772342890.942693233,5326.555,34.9807,REST,0
1772342890.951663017,5335.525,118.2649,REST,0
1772342890.955540895,5339.403,75.6365,REST,0
1772342890.963141918,5347.004,53.5912,REST,0
1772342890.966961861,5350.824,115.0219,REST,0
1772342890.975849867,5359.712,118.1990,REST,0
1772342890.979729891,5363.592,97.6999,REST,0
1772342890.987432003,5371.294,89.1198,REST,0
1772342890.992592812,5376.455,137.2955,REST,0
1772342891.000219822,5384.082,87.3149,REST,0
1772342891.004031897,5387.894,136.0698,REST,0
1772342891.012980938,5396.843,182.6921,REST,0
1772342891.016860008,5400.722,110.5736,REST,0
1772342891.024616957,5408.479,97.4774,REST,0
1772342891.028773785,5412.636,46.3145,REST,0
1772342891.037626982,5421.489,12.4466,REST,0
1772342891.041377068,5425.239,0.4036,REST,0
1772342891.049076080,5432.938,86.1889,REST,0
1772342891.052940130,5436.802,93.5266,REST,0
1772342891.061918020,5445.780,44.1537,REST,0
1772342891.065729141,5449.591,101.3816,REST,0
1772342891.074579000,5458.442,117.5614,REST,0
1772342891.078451872,5462.314,43.7895,REST,0
1772342891.086146116,5470.008,116.5492,REST,0
1772342891.090034008,5473.896,147.7577,REST,0
1772342891.098964930,5482.827,97.2459,REST,0
1772342891.102780819,5486.643,74.8129,REST,0
1772342891.110337973,5494.200,86.2172,REST,0
1772342891.115501165,5499.363,40.9295,REST,0
1772342891.123199940,5507.062,-34.5168,REST,0
1772342891.127079964,5510.942,32.9147,REST,0
1772342891.136026859,5519.889,68.9908,REST,0
1772342891.139841080,5523.703,45.8472,REST,0
1772342891.147223949,5531.086,69.5752,REST,0
1772342891.152303219,5536.165,158.9004,REST,0
1772342891.160019875,5543.882,102.3899,REST,0
1772342891.163907051,5547.769,104.2301,REST,0
1772342891.172692060,5556.554,188.1372,REST,0
1772342891.176507950,5560.370,151.5151,REST,0
1772342891.184191942,5568.054,119.0363,REST,0
1772342891.188071012,5571.933,220.2204,REST,0
1772342891.197054863,5580.917,263.0888,REST,0
1772342891.200909138,5584.771,220.6749,REST,0
1772342891.209805965,5593.668,295.9992,REST,0
1772342891.213653088,5597.515,215.5378,REST,0
1772342891.221359015,5605.222,126.6080,REST,0
1772342891.225242853,5609.105,144.9049,REST,0
1772342891.234257936,5618.120,172.4107,REST,0
1772342891.238085985,5621.948,83.0104,REST,0
1772342891.245682955,5629.545,85.6091,REST,0
1772342891.249546051,5633.408,176.1846,REST,0
1772342891.258518934,5642.381,161.0590,REST,0
1772342891.262408018,5646.270,148.5525,REST,0
1772342891.270080090,5653.943,206.5104,REST,0
1772342891.275163889,5659.026,151.9984,REST,0
1772342891.282817125,5666.679,118.0989,REST,0
1772342891.286692142,5670.554,192.4039,REST,0
1772342891.295670986,5679.533,203.9160,REST,0
1772342891.299555063,5683.418,166.2137,REST,0
1772342891.307183027,5691.045,176.6634,REST,0
1772342891.311002970,5694.865,236.9560,REST,0
1772342891.319746971,5703.609,175.3088,REST,0
1772342891.323682070,5707.544,150.0471,REST,0
1772342891.332665205,5716.527,212.2781,REST,0
1772342891.336282015,5720.144,176.8209,REST,0
1772342891.343873978,5727.736,111.5247,REST,0
1772342891.348942995,5732.805,172.1803,REST,0
1772342891.356659889,5740.522,123.7195,REST,0
1772342891.360542059,5744.404,61.3910,REST,0
1772342891.369534969,5753.397,130.3949,REST,0
1772342891.373367071,5757.229,171.2324,REST,0
1772342891.380962133,5764.824,71.3369,REST,0
1772342891.384816170,5768.678,119.4869,REST,0
1772342891.393801928,5777.664,143.6916,REST,0
1772342891.397676945,5781.539,86.8697,REST,0
1772342891.405583858,5789.446,95.8217,REST,0
1772342891.409316063,5793.178,183.6367,REST,0
1772342891.417998075,5801.860,106.7281,REST,0
1772342891.421944141,5805.806,99.8264,REST,0
1772342891.430927753,5814.790,182.8633,REST,0
1772342891.434806108,5818.668,186.8355,REST,0
1772342891.442392111,5826.254,150.0962,REST,0
1772342891.446232080,5830.094,230.3666,REST,0
1772342891.455140114,5839.002,219.0672,REST,0
1772342891.459048986,5842.911,139.5532,REST,0
1772342891.466753960,5850.616,140.4029,REST,0
1772342891.470640898,5854.503,115.7928,REST,0
1772342891.479777098,5863.639,49.7684,REST,0
1772342891.483642817,5867.506,-40.0467,REST,0
1772342891.491163969,5875.026,-59.3002,REST,0
1772342891.496244907,5880.107,-227.5367,REST,0
1772342891.503517866,5887.380,-385.5435,REST,0
1772342891.508671045,5892.533,-462.8831,REST,0
1772342891.515691042,5899.553,-574.1852,REST,0
1772342891.520638943,5904.501,-706.9063,REST,0
1772342891.528007030,5911.869,-728.4463,REST,0
1772342891.533168793,5917.031,-768.6148,REST,0
1772342891.540252924,5924.115,-823.1018,REST,0
1772342891.545412064,5929.274,-741.3831,REST,0
1772342891.552535057,5936.397,-636.0684,REST,0
1772342891.557447910,5941.310,-629.8674,REST,0
1772342891.564826965,5948.689,-612.0776,REST,0
1772342891.569989920,5953.852,-518.2155,REST,0
1772342891.577117920,5960.980,-602.5025,REST,0
1772342891.582199097,5966.061,-573.5532,REST,0
1772342891.589421988,5973.284,-444.0070,REST,0
1772342891.594573975,5978.437,-427.0326,REST,0
1772342891.601742029,5985.604,-388.8933,REST,0
1772342891.606916189,5990.778,-275.5225,REST,0
1772342891.614419937,5998.282,-177.4991,REST,0
1772342891.618235826,6002.098,-164.4258,REST,0
1772342891.627233982,6011.096,-44.1665,REST,0
1772342891.631108046,6014.970,88.1593,REST,0
1772342891.638814926,6022.677,98.3721,REST,0
1772342891.644058943,6027.921,205.0702,REST,0
1772342891.651762962,6035.625,319.5232,REST,0
1772342891.655578136,6039.440,306.1500,REST,0
1772342891.664496899,6048.359,354.3905,REST,0
1772342891.668346167,6052.208,422.5137,REST,0
1772342891.676049948,6059.912,461.8410,REST,0
1772342891.680119038,6063.981,458.5102,REST,0
1772342891.687734127,6071.596,535.5746,REST,0
1772342891.692826033,6076.688,615.4939,REST,0
1772342891.700515032,6084.377,528.6201,REST,0
1772342891.704398155,6088.260,537.6023,REST,0
1772342891.713379145,6097.241,606.4182,REST,0
1772342891.717257023,6101.119,548.6613,REST,0
1772342891.724715948,6108.578,585.9509,REST,0
1772342891.729825974,6113.688,628.7844,REST,0
1772342891.737532854,6121.395,576.1238,REST,0
1772342891.741430998,6125.293,551.3473,REST,0
1772342891.750170946,6134.033,596.2184,REST,0
1772342891.753986120,6137.848,544.0211,REST,0
1772342891.762676001,6146.538,445.1042,REST,0
1772342891.766415119,6150.277,527.0034,REST,0
1772342891.774119854,6157.982,596.2416,REST,0
1772342891.778010845,6161.873,471.1860,REST,0
1772342891.786864996,6170.728,489.2015,REST,0
1772342891.790678024,6174.541,535.3423,REST,0
1772342891.798343897,6182.206,466.7494,REST,0
1772342891.803519011,6187.381,470.3951,REST,0
1772342891.811225176,6195.087,543.4293,REST,0
1772342891.815107107,6198.969,475.9776,REST,0
1772342891.823970079,6207.833,421.7485,REST,0
1772342891.827790022,6211.652,478.9000,REST,0
1772342891.835489988,6219.352,455.4160,REST,0
1772342891.839359999,6223.222,388.5964,REST,0
1772342891.848325968,6232.188,417.3201,REST,0
1772342891.852190971,6236.053,403.3761,REST,0
1772342891.859800100,6243.663,321.1766,REST,0
1772342891.864921093,6248.783,319.6451,REST,0
1772342891.872631073,6256.493,360.9299,REST,0
1772342891.876519918,6260.382,291.0875,REST,0
1772342891.885426998,6269.289,294.7367,REST,0
1772342891.889242172,6273.104,367.0599,REST,0
1772342891.896847010,6280.709,366.6201,REST,0
1772342891.901758909,6285.621,359.6028,REST,0
1772342891.909361839,6293.224,442.7189,REST,0
1772342891.913242817,6297.105,456.1462,REST,0
1772342891.922178030,6306.040,386.4631,REST,0
1772342891.925975084,6309.837,418.0285,REST,0
1772342891.933610916,6317.473,437.7684,REST,0
1772342891.938766003,6322.628,423.8130,REST,0
1772342891.946454048,6330.316,398.1918,REST,0
1772342891.950336933,6334.199,404.6195,REST,0
1772342891.959197044,6343.059,313.4798,REST,0
1772342891.963021040,6346.883,305.8960,REST,0
1772342891.970432043,6354.294,372.1622,REST,0
1772342891.975532055,6359.394,336.3450,REST,0
1772342891.983083010,6366.945,290.9092,REST,0
1772342891.986963987,6370.826,366.2869,REST,0
1772342891.995855808,6379.719,378.6166,REST,0
1772342891.999674082,6383.536,278.7367,REST,0
1772342892.007369995,6391.232,338.9440,REST,0
1772342892.012555122,6396.417,344.4692,REST,0
1772342892.020260096,6404.122,250.2246,REST,0
1772342892.024130106,6407.992,261.2279,REST,0
1772342892.031728983,6415.591,330.8683,REST,0
1772342892.036839008,6420.701,288.6308,REST,0
1772342892.044527054,6428.389,262.1728,REST,0
1772342892.048407078,6432.269,337.6366,REST,0
1772342892.057665110,6441.527,305.6987,REST,0
1772342892.061362028,6445.224,259.0573,REST,0
1772342892.068954945,6452.817,289.2549,REST,0
1772342892.072840929,6456.703,253.0540,REST,0
1772342892.081825972,6465.688,194.1285,REST,0
1772342892.085628986,6469.491,250.3316,REST,0
1772342892.093266010,6477.128,275.6841,REST,0
1772342892.098336935,6482.199,205.7796,REST,0
1772342892.105999947,6489.862,224.7915,REST,0
1772342892.109870195,6493.732,267.8603,REST,0
1772342892.118877888,6502.740,254.0932,REST,0
1772342892.122858047,6506.720,255.7636,REST,0
1772342892.130496979,6514.359,284.2359,REST,0
1772342892.134314060,6518.176,280.6210,REST,0
1772342892.143254042,6527.116,197.7320,REST,0
1772342892.147134066,6530.996,299.7868,REST,0
1772342892.154838085,6538.700,291.3904,REST,0
1772342892.160018921,6543.881,230.4395,REST,0
1772342892.167617083,6551.479,311.8607,REST,0
1772342892.171426058,6555.288,366.1088,REST,0
1772342892.180397987,6564.260,325.3652,REST,0
1772342892.184274912,6568.137,385.6942,REST,0
1772342892.191978931,6575.841,439.8849,REST,0
1772342892.195823193,6579.685,390.5315,REST,0
1772342892.204687119,6588.549,365.3339,REST,0
1772342892.208558083,6592.420,422.6103,REST,0
1772342892.216260195,6600.122,355.5386,REST,0
1772342892.220185995,6604.048,325.3197,REST,0
1772342892.229104042,6612.967,412.8322,REST,0
1772342892.232914925,6616.777,387.5241,REST,0
1772342892.241770029,6625.632,310.6943,REST,0
1772342892.245657206,6629.519,359.5094,REST,0
1772342892.253358126,6637.220,428.7184,REST,0
1772342892.257239103,6641.101,331.3862,REST,0
1772342892.266183853,6650.047,307.4366,REST,0
1772342892.269998074,6653.860,327.1415,REST,0
1772342892.277637959,6661.500,274.0520,REST,0
1772342892.282791853,6666.654,287.1715,REST,0
1772342892.290498018,6674.360,378.6838,REST,0
1772342892.294375896,6678.238,343.6792,REST,0
1772342892.303152084,6687.014,316.3471,REST,0
1772342892.306967974,6690.830,392.3218,REST,0
1772342892.314629078,6698.491,387.8386,REST,0
1772342892.318509102,6702.371,357.1863,REST,0
1772342892.327521086,6711.383,395.0611,REST,0
1772342892.331408978,6715.271,415.9481,REST,0
1772342892.340169907,6724.032,339.3031,REST,0
1772342892.343904972,6727.767,334.3948,REST,0
1772342892.351599216,6735.461,357.6326,REST,0
1772342892.355482817,6739.345,285.7066,REST,0
1772342892.364439011,6748.301,310.8549,REST,0
1772342892.368287086,6752.149,352.4935,REST,0
1772342892.375887156,6759.749,307.6746,REST,0
1772342892.380995989,6764.858,248.2322,REST,0
1772342892.388702869,6772.565,301.9415,REST,0
1772342892.392589092,6776.451,295.6921,REST,0
1772342892.401561022,6785.423,241.0232,REST,0
1772342892.405374050,6789.236,291.2416,REST,0
1772342892.412970066,6796.832,310.7656,REST,0
1772342892.418109894,6801.972,237.3931,REST,0
1772342892.425846100,6809.708,274.5895,REST,0
1772342892.429733038,6813.595,341.1792,REST,0
1772342892.437389135,6821.251,288.9968,REST,0
1772342892.442469835,6826.332,273.5873,REST,0
1772342892.450096130,6833.958,323.0691,REST,0
1772342892.453984976,6837.848,272.5630,REST,0
1772342892.462981939,6846.844,244.8926,REST,0
1772342892.466866016,6850.729,316.9222,REST,0
1772342892.474630833,6858.493,276.5209,REST,0
1772342892.478446007,6862.308,200.1896,REST,0
1772342892.487378836,6871.241,251.0078,REST,0
1772342892.491261005,6875.123,262.5976,REST,0
1772342892.498947144,6882.809,180.0227,REST,0
1772342892.502838135,6886.700,191.8485,REST,0
1772342892.511701107,6895.564,267.4300,REST,0
1772342892.515604973,6899.467,203.9382,REST,0
1772342892.523290157,6907.152,208.3661,REST,0
1772342892.528409004,6912.272,250.4965,REST,0
1772342892.536092997,6919.955,204.4375,REST,0
1772342892.539929152,6923.791,173.7178,REST,0
1772342892.548807859,6932.670,276.9078,REST,0
1772342892.552634001,6936.496,270.5278,REST,0
1772342892.560338974,6944.201,212.0668,REST,0
1772342892.564244032,6948.106,281.8796,REST,0
1772342892.573207140,6957.069,320.9878,REST,0
1772342892.577050209,6960.912,237.3083,REST,0
1772342892.584650993,6968.513,262.2210,REST,0
1772342892.589781046,6973.644,341.3862,REST,0
1772342892.597477913,6981.340,236.6580,REST,0
1772342892.601356030,6985.218,223.6049,REST,0
1772342892.610275984,6994.138,291.6321,REST,0
1772342892.614094019,6997.956,266.6521,REST,0
1772342892.621726990,7005.589,245.9661,REST,0
1772342892.626937151,7010.799,328.7283,REST,0
1772342892.634651899,7018.515,292.3073,REST,0
1772342892.638537884,7022.400,209.3639,REST,0
1772342892.646282911,7030.146,250.1444,REST,0
1772342892.651357889,7035.220,280.6312,REST,0
1772342892.658869982,7042.732,184.8662,REST,0
1772342892.662753105,7046.616,179.8032,REST,0
1772342892.671519041,7055.381,209.3002,REST,0
1772342892.675397873,7059.260,140.5002,REST,0
1772342892.683013201,7066.875,165.5903,REST,0
1772342892.688090086,7071.952,244.8197,REST,0
1772342892.695502043,7079.364,211.1057,REST,0
1772342892.700510025,7084.372,191.1877,REST,0
1772342892.708055019,7091.917,254.5104,REST,0
1772342892.711889982,7095.752,201.3861,REST,0
1772342892.720781088,7104.643,157.4224,REST,0
1772342892.724646807,7108.509,255.6081,REST,0
1772342892.732259035,7116.121,244.8923,REST,0
1772342892.737375975,7121.238,155.9744,REST,0
1772342892.745054960,7128.917,203.6875,REST,0
1772342892.748888016,7132.750,256.5286,REST,0
1772342892.757740974,7141.603,190.3703,REST,0
1772342892.761417866,7145.280,175.7283,REST,0
1772342892.769129992,7152.992,253.2679,REST,0
1772342892.774284124,7158.146,234.4936,REST,0
1772342892.781854868,7165.717,199.1733,REST,0
1772342892.785676003,7169.538,289.1141,REST,0
1772342892.794541121,7178.403,244.8032,REST,0
1772342892.798412085,7182.274,200.1619,REST,0
1772342892.806133986,7189.996,269.2521,REST,0
1772342892.810014009,7193.876,291.9826,REST,0
1772342892.818940878,7202.803,210.1977,REST,0
1772342892.822827101,7206.689,236.2275,REST,0
1772342892.831557035,7215.420,280.6299,REST,0
1772342892.835441828,7219.304,213.0116,REST,0
1772342892.843175888,7227.038,203.9639,REST,0
1772342892.847045183,7230.907,297.8736,REST,0
1772342892.855911970,7239.774,342.7069,REST,0
1772342892.859724045,7243.586,186.6286,REST,0
1772342892.868479013,7252.341,216.2200,REST,0
1772342892.872361898,7256.224,170.0381,REST,0
1772342892.879842043,7263.705,58.5814,REST,0
1772342892.884956837,7268.819,47.9599,REST,0
1772342892.892551899,7276.414,46.4358,REST,0
1772342892.896425962,7280.288,-73.5847,REST,0
1772342892.905521870,7289.384,-29.9086,REST,0
1772342892.909405947,7293.269,20.5110,REST,0
1772342892.917007208,7300.869,-17.2532,REST,0
1772342892.920862913,7304.725,7.3837,REST,0
1772342892.929775000,7313.637,131.9628,REST,0
1772342892.933665991,7317.528,115.3858,REST,0
1772342892.941344023,7325.206,88.0752,REST,0
1772342892.945217133,7329.079,178.4423,REST,0
1772342892.954144001,7338.006,198.1221,REST,0
1772342892.957969904,7341.832,171.9288,REST,0
1772342892.965628862,7349.491,227.4943,REST,0
1772342892.970787048,7354.649,290.0833,REST,0
1772342892.978490829,7362.353,212.5554,REST,0
1772342892.982370138,7366.232,205.3683,REST,0
1772342892.991261005,7375.123,226.1111,REST,0
1772342892.995079994,7378.943,169.0406,REST,0
1772342893.002769947,7386.632,156.6201,REST,0
1772342893.006651878,7390.514,259.0810,REST,0
1772342893.015594959,7399.457,258.4529,REST,0
1772342893.019482851,7403.345,200.2371,REST,0
1772342893.027227879,7411.090,284.6802,REST,0
1772342893.032392979,7416.256,284.7017,REST,0
1772342893.040112972,7423.976,224.5685,REST,0
1772342893.044008017,7427.870,278.3549,REST,0
1772342893.051695108,7435.557,303.3962,REST,0
1772342893.056792021,7440.654,265.6632,REST,0
1772342893.064400911,7448.263,304.4738,REST,0
1772342893.068265915,7452.128,366.1520,REST,0
1772342893.077255011,7461.118,327.8975,REST,0
1772342893.081137896,7465.000,317.7972,REST,0
1772342893.088827848,7472.690,399.5377,REST,0
1772342893.092646837,7476.509,374.2880,REST,0
1772342893.101544857,7485.407,332.6329,REST,0
1772342893.105424881,7489.287,401.7882,REST,0
1772342893.113132954,7496.996,377.2268,REST,0
1772342893.118286133,7502.148,347.5249,REST,0
1772342893.125914097,7509.776,359.7767,REST,0
1772342893.129740953,7513.603,372.6368,REST,0
1772342893.138653994,7522.516,290.3146,REST,0
1772342893.142541170,7526.403,319.4073,REST,0
1772342893.150226831,7534.089,360.5782,REST,0
1772342893.154107809,7537.970,295.1342,REST,0
1772342893.162626982,7546.489,268.7117,REST,0
1772342893.166448116,7550.310,366.2274,REST,0
1772342893.175321102,7559.183,314.6560,REST,0
1772342893.179205179,7563.067,276.9102,REST,0
1772342893.186894178,7570.756,367.1465,REST,0
1772342893.192025185,7575.887,361.5487,REST,0
1772342893.199620008,7583.482,299.3996,REST,0
1772342893.203482866,7587.345,333.9648,REST,0
1772342893.212456942,7596.319,399.0578,REST,0
1772342893.216337919,7600.200,306.0551,REST,0
1772342893.224092007,7607.954,275.3941,REST,0
1772342893.227918148,7611.781,314.8095,REST,0
1772342893.236777067,7620.639,251.9699,REST,0
1772342893.240669966,7624.532,267.9335,REST,0
1772342893.248378038,7632.240,357.5137,REST,0
1772342893.253570080,7637.432,351.9233,REST,0
1772342893.261218071,7645.080,286.2850,REST,0
1772342893.265039206,7648.901,339.6073,REST,0
1772342893.273946047,7657.808,352.3229,REST,0
1772342893.277832031,7661.694,306.2028,REST,0
1772342893.285530090,7669.392,348.2723,REST,0
1772342893.289414883,7673.277,381.6476,REST,0
1772342893.298333883,7682.196,318.1788,REST,0
1772342893.302148104,7686.010,314.8914,REST,0
1772342893.309799910,7693.662,381.3596,REST,0
1772342893.313691854,7697.555,323.0018,REST,0
1772342893.322668076,7706.530,314.1449,REST,0
1772342893.326583147,7710.445,379.8308,REST,0
1772342893.334211111,7718.073,369.3704,REST,0
1772342893.339294910,7723.157,296.6316,REST,0
1772342893.346987009,7730.849,350.6094,REST,0
1772342893.350898027,7734.760,315.1838,REST,0
1772342893.359888792,7743.751,263.3167,REST,0
1772342893.363743067,7747.605,299.6708,REST,0
1772342893.371340036,7755.202,300.6768,REST,0
1772342893.375163794,7759.026,245.2764,REST,0
1772342893.384143114,7768.005,271.7288,REST,0
1772342893.388026953,7771.890,326.3548,REST,0
1772342893.395738840,7779.601,283.3048,REST,0
1772342893.400834084,7784.696,243.0554,REST,0
1772342893.408434868,7792.297,300.2949,REST,0
1772342893.412322044,7796.184,269.2939,REST,0
1772342893.421247005,7805.109,239.9737,CLICK,1
1772342893.425221205,7809.083,327.5784,CLICK,1
1772342893.432922125,7816.784,341.5260,CLICK,1
1772342893.436768055,7820.630,263.6257,CLICK,1
1772342893.445645094,7829.507,326.0049,CLICK,1
1772342893.449461937,7833.324,338.3560,CLICK,1
1772342893.457067966,7840.930,221.6030,CLICK,1
1772342893.462148190,7846.010,238.7602,CLICK,1
1772342893.469755888,7853.618,331.8534,CLICK,1
1772342893.474629164,7858.491,233.2318,CLICK,1
1772342893.482233047,7866.095,202.9548,CLICK,1
1772342893.486097813,7869.961,281.6872,CLICK,1
1772342893.494979143,7878.841,273.4325,CLICK,1
1772342893.498790979,7882.653,275.0991,CLICK,1
1772342893.507466078,7891.328,377.5371,CLICK,1
1772342893.511281967,7895.144,408.6676,CLICK,1
1772342893.518874168,7902.736,353.0593,CLICK,1
1772342893.522736073,7906.599,387.1242,CLICK,1
1772342893.531600952,7915.463,395.5753,CLICK,1
1772342893.535442829,7919.305,312.5826,CLICK,1
1772342893.544369936,7928.232,313.1840,CLICK,1
1772342893.548181057,7932.043,337.8995,CLICK,1
1772342893.555815935,7939.678,302.0570,CLICK,1
1772342893.559633970,7943.496,284.6096,CLICK,1
1772342893.568723917,7952.587,371.2151,CLICK,1
1772342893.572549820,7956.412,384.0130,CLICK,1
1772342893.580197811,7964.060,382.5111,CLICK,1
1772342893.584084988,7967.947,416.7870,CLICK,1
1772342893.593060017,7976.922,428.2360,CLICK,1
1772342893.596944809,7980.807,396.7185,CLICK,1
1772342893.604591131,7988.454,422.3073,CLICK,1
1772342893.609671831,7993.534,447.0238,CLICK,1
1772342893.617200136,8001.062,382.0379,CLICK,1
1772342893.621118069,8004.980,402.5117,CLICK,1
1772342893.629950047,8013.812,441.1917,CLICK,1
1772342893.637197018,8021.059,376.0890,CLICK,1
1772342893.642279863,8026.142,358.7503,CLICK,1
1772342893.646090984,8029.953,427.8150,CLICK,1
1772342893.654850006,8038.712,452.4419,CLICK,1
1772342893.661791086,8045.654,373.2753,CLICK,1
1772342893.666945934,8050.808,449.7554,CLICK,1
1772342893.674012899,8057.875,465.0464,CLICK,1
1772342893.679088116,8062.950,421.0490,CLICK,1
1772342893.686394215,8070.256,457.3926,CLICK,1
1772342893.691576004,8075.438,430.1330,CLICK,1
1772342893.698633909,8082.496,338.2200,CLICK,1
1772342893.703805923,8087.668,359.2156,CLICK,1
1772342893.710876942,8094.739,432.2580,CLICK,1
1772342893.715946913,8099.809,416.3665,CLICK,1
1772342893.723222971,8107.086,403.1052,CLICK,1
1772342893.728410959,8112.273,477.8766,CLICK,1
1772342893.735510111,8119.372,447.5511,CLICK,1
1772342893.740766048,8124.628,404.7453,CLICK,1
1772342893.747770071,8131.632,470.5180,CLICK,1
1772342893.752880096,8136.742,478.2149,CLICK,1
1772342893.760063887,8143.927,388.4148,CLICK,1
1772342893.765224934,8149.087,444.6223,CLICK,1
1772342893.772403955,8156.266,505.8935,CLICK,1
1772342893.777708054,8161.570,478.2319,CLICK,1
1772342893.784634829,8168.497,458.8556,CLICK,1
1772342893.789761066,8173.623,535.2973,CLICK,1
1772342893.796951056,8180.814,467.0014,CLICK,1
1772342893.802120924,8185.984,447.5197,CLICK,1
1772342893.809274912,8193.137,532.2746,CLICK,1
1772342893.814362049,8198.224,474.4146,CLICK,1
1772342893.821540117,8205.402,409.6624,CLICK,1
1772342893.826715946,8210.578,463.7873,CLICK,1
1772342893.833792925,8217.655,454.6012,CLICK,1
1772342893.838949919,8222.812,365.4088,CLICK,1
1772342893.846163988,8230.026,420.7054,CLICK,1
1772342893.851089954,8234.952,479.4379,CLICK,1
1772342893.858422041,8242.284,382.1427,CLICK,1
1772342893.863577127,8247.439,353.8763,CLICK,1
1772342893.870756149,8254.619,418.8037,CLICK,1
1772342893.875921965,8259.784,341.2358,CLICK,1
1772342893.883038998,8266.902,334.1411,CLICK,1
1772342893.888120174,8271.982,384.4420,CLICK,1
1772342893.895266056,8279.128,318.9505,CLICK,1
1772342893.900427103,8284.289,281.4387,CLICK,1
1772342893.907557011,8291.419,355.7499,CLICK,1
1772342893.912697077,8296.559,349.8991,CLICK,1
1772342893.919813156,8303.675,301.1952,CLICK,1
1772342893.924834967,8308.697,348.2149,CLICK,1
1772342893.932133198,8315.995,408.4635,CLICK,1
1772342893.937296867,8321.159,348.8664,CLICK,1
1772342893.944436073,8328.298,353.1578,CLICK,1
1772342893.949562788,8333.425,409.6567,CLICK,1
1772342893.956671000,8340.533,365.4197,CLICK,1
1772342893.961809874,8345.672,365.8886,CLICK,1
1772342893.969039202,8352.901,418.2576,CLICK,1
1772342893.974202156,8358.064,383.3161,CLICK,1
1772342893.981302023,8365.164,316.5251,CLICK,1
1772342893.986346006,8370.208,359.3109,CLICK,1
1772342893.993524075,8377.386,352.4105,CLICK,1
1772342893.998682976,8382.545,296.8529,CLICK,1
1772342894.006016016,8389.878,369.3611,CLICK,1
1772342894.011184216,8395.046,366.7829,CLICK,1
1772342894.018090010,8401.952,313.6740,CLICK,1
1772342894.023248911,8407.111,329.6526,CLICK,1
1772342894.030472994,8414.335,439.3663,CLICK,1
1772342894.035641193,8419.503,331.3599,CLICK,1
1772342894.042770863,8426.633,269.4473,CLICK,1
1772342894.047913074,8431.775,332.5541,CLICK,1
1772342894.055020094,8438.882,296.8192,CLICK,1
1772342894.060099125,8443.961,226.4492,CLICK,1
1772342894.067404032,8451.266,309.4912,CLICK,1
1772342894.072570801,8456.433,332.3795,CLICK,1
1772342894.079705000,8463.567,295.4142,CLICK,1
1772342894.084828854,8468.691,318.7011,CLICK,1
1772342894.091907024,8475.770,352.4058,CLICK,1
1772342894.097018957,8480.881,306.0859,CLICK,1
1772342894.104279041,8488.142,323.1306,CLICK,1
1772342894.109450102,8493.312,383.5162,CLICK,1
1772342894.116549969,8500.412,329.3583,CLICK,1
1772342894.121693850,8505.557,320.3736,CLICK,1
1772342894.128738165,8512.600,406.0274,CLICK,1
1772342894.133866072,8517.728,382.7341,CLICK,1
1772342894.141098976,8524.961,312.2464,CLICK,1
1772342894.146013021,8529.875,358.5104,CLICK,1
1772342894.153395891,8537.258,338.4620,CLICK,1
1772342894.158484936,8542.348,303.2353,CLICK,1
1772342894.165611029,8549.474,362.4254,CLICK,1
1772342894.170774937,8554.637,374.9496,CLICK,1
1772342894.177942038,8561.804,237.0002,CLICK,1
1772342894.183098078,8566.961,234.5128,CLICK,1
1772342894.190189123,8574.051,280.6629,CLICK,1
1772342894.195261002,8579.123,257.3614,CLICK,1
1772342894.202580929,8586.443,294.0967,CLICK,1
1772342894.207746029,8591.608,412.3442,CLICK,1
1772342894.214831114,8598.693,414.8015,CLICK,1
1772342894.219992161,8603.854,356.2477,CLICK,1
1772342894.226988077,8610.850,400.1602,CLICK,1
1772342894.232070923,8615.933,394.7878,CLICK,1
1772342894.239444017,8623.307,250.6939,CLICK,1
1772342894.244606972,8628.469,256.7009,CLICK,1
1772342894.251632929,8635.495,307.9089,CLICK,1
1772342894.256789923,8640.652,281.8430,CLICK,1
1772342894.263867855,8647.730,335.4857,CLICK,1
1772342894.268983126,8652.845,441.4541,CLICK,1
1772342894.276222944,8660.085,348.5953,CLICK,1
1772342894.281382799,8665.245,303.5773,CLICK,1
1772342894.288527966,8672.390,370.4475,CLICK,1
1772342894.293427944,8677.290,374.3557,CLICK,1
1772342894.300779104,8684.642,319.4428,CLICK,1
1772342894.305938959,8689.801,373.6631,CLICK,1
1772342894.313076019,8696.938,352.5620,CLICK,1
1772342894.318235874,8702.098,268.5420,CLICK,1
1772342894.325380087,8709.242,336.6054,CLICK,1
1772342894.330473900,8714.336,316.6658,CLICK,1
1772342894.337749004,8721.611,279.1897,CLICK,1
1772342894.342911959,8726.774,345.7483,CLICK,1
1772342894.349957943,8733.820,381.7416,CLICK,1
1772342894.355121851,8738.984,328.0476,CLICK,1
1772342894.362167120,8746.029,360.9224,CLICK,1
1772342894.367249966,8751.112,367.4475,CLICK,1
1772342894.374602079,8758.464,294.2694,CLICK,1
1772342894.379773855,8763.636,287.2133,CLICK,1
1772342894.386816978,8770.679,318.6161,CLICK,1
1772342894.391963959,8775.826,295.0828,CLICK,1
1772342894.399042130,8782.904,266.7900,CLICK,1
1772342894.404109001,8787.971,367.0388,CLICK,1
1772342894.411440849,8795.303,326.7058,CLICK,1
1772342894.416532993,8800.395,170.9991,CLICK,1
1772342894.423701048,8807.563,220.7224,CLICK,1
1772342894.429009914,8812.872,342.8995,CLICK,1
1772342894.435939074,8819.802,269.6665,CLICK,1
1772342894.441076040,8824.938,203.8479,CLICK,1
1772342894.448250771,8832.113,303.4082,CLICK,1
1772342894.453414917,8837.277,355.0893,CLICK,1
1772342894.460524082,8844.386,300.2177,CLICK,1
1772342894.465627909,8849.490,497.8784,CLICK,1
1772342894.472816229,8856.678,462.4720,CLICK,1
1772342894.477925777,8861.788,363.9517,CLICK,1
1772342894.485154152,8869.016,398.9523,CLICK,1
1772342894.490301847,8874.164,384.2571,CLICK,1
1772342894.497407913,8881.270,339.4285,CLICK,1
1772342894.502362013,8886.224,304.8380,CLICK,1
1772342894.509669065,8893.531,381.8103,CLICK,1
1772342894.514868975,8898.731,352.0813,CLICK,1
1772342894.522040129,8905.902,306.5481,CLICK,1
1772342894.527193069,8911.055,392.0522,CLICK,1
1772342894.534301043,8918.163,432.1697,CLICK,1
1772342894.539375067,8923.238,415.1234,CLICK,1
1772342894.546566963,8930.429,477.8024,CLICK,1
1772342894.551730871,8935.593,432.1374,CLICK,1
1772342894.558842897,8942.705,350.2096,CLICK,1
1772342894.564009905,8947.872,335.0128,CLICK,1
1772342894.571128130,8954.990,380.0419,CLICK,1
1772342894.576207161,8960.069,295.2561,CLICK,1
1772342894.583866835,8967.729,288.4457,CLICK,1
1772342894.587746143,8971.608,383.1962,CLICK,1
1772342894.596637964,8980.500,398.0046,CLICK,1
1772342894.600372076,8984.234,347.5017,CLICK,1
1772342894.609280109,8993.142,450.7211,CLICK,1
1772342894.613131046,8996.993,405.4767,CLICK,1
1772342894.620845079,9004.707,310.1526,CLICK,1
1772342894.624730825,9008.593,364.7539,CLICK,1
1772342894.633710146,9017.572,385.2693,CLICK,1
1772342894.637506962,9021.369,316.0747,CLICK,1
1772342894.645100117,9028.962,365.2434,CLICK,1
1772342894.650305986,9034.168,382.3161,CLICK,1
1772342894.658014059,9041.877,287.3613,CLICK,1
1772342894.661893845,9045.756,327.4567,CLICK,1
1772342894.669850111,9053.712,397.1997,CLICK,1
1772342894.673666000,9057.528,332.4812,CLICK,1
1772342894.682406902,9066.270,258.6718,CLICK,1
1772342894.686266899,9070.129,345.8987,CLICK,1
1772342894.695212126,9079.074,313.5869,CLICK,1
1772342894.699100018,9082.962,286.3607,CLICK,1
1772342894.706911087,9090.773,350.6379,CLICK,1
1772342894.710689068,9094.551,414.6600,CLICK,1
1772342894.719610214,9103.473,381.9742,CLICK,1
1772342894.723613024,9107.475,398.1476,CLICK,1
1772342894.731249809,9115.112,471.8888,CLICK,1
1772342894.734981060,9118.843,332.1415,CLICK,1
1772342894.743691921,9127.554,370.0702,CLICK,1
1772342894.747505903,9131.368,435.6348,CLICK,1
1772342894.756440163,9140.302,367.7993,CLICK,1
1772342894.760134935,9143.997,312.7713,CLICK,1
1772342894.767811060,9151.674,409.0461,CLICK,1
1772342894.772977829,9156.840,379.5496,CLICK,1
1772342894.780580044,9164.443,337.7022,CLICK,1
1772342894.784398079,9168.260,431.4929,CLICK,1
1772342894.793359756,9177.222,444.3762,CLICK,1
1772342894.797245026,9181.108,349.1168,CLICK,1
1772342894.804956913,9188.819,370.4436,CLICK,1
1772342894.808772087,9192.634,394.6516,CLICK,1
1772342894.817637205,9201.499,318.3015,CLICK,1
1772342894.821614027,9205.476,319.4227,CLICK,1
1772342894.829331875,9213.194,384.1690,CLICK,1
1772342894.834478140,9218.340,361.3649,CLICK,1
1772342894.842164040,9226.026,351.8413,CLICK,1
1772342894.845984936,9229.847,423.6170,CLICK,1
1772342894.854871988,9238.734,379.1718,CLICK,1
1772342894.858748913,9242.611,327.2368,CLICK,1
1772342894.866465092,9250.327,400.1438,CLICK,1
1772342894.870351076,9254.213,401.8208,CLICK,1
1772342894.879252911,9263.115,345.7102,CLICK,1
1772342894.883070946,9266.933,395.9901,CLICK,1
1772342894.890704870,9274.567,468.2343,CLICK,1
1772342894.895833015,9279.695,425.5462,CLICK,1
1772342894.903532982,9287.396,398.9636,CLICK,1
1772342894.907415152,9291.277,336.1949,CLICK,1
1772342894.916297913,9300.160,272.3305,CLICK,1
1772342894.920154810,9304.017,290.3988,CLICK,1
1772342894.927830935,9311.693,370.8136,CLICK,1
1772342894.931723118,9315.585,355.5452,CLICK,1
1772342894.940702915,9324.565,302.0281,CLICK,1
1772342894.944596052,9328.458,388.2263,CLICK,1
1772342894.952186823,9336.049,403.1100,CLICK,1
1772342894.957262039,9341.124,349.1026,CLICK,1
1772342894.964976072,9348.838,378.8764,CLICK,1
1772342894.968863010,9352.725,421.6271,CLICK,1
1772342894.977938890,9361.801,351.4902,CLICK,1
1772342894.981961966,9365.824,352.0672,CLICK,1
1772342894.989464998,9373.327,380.3490,CLICK,1
1772342894.993327141,9377.190,325.2604,CLICK,1
1772342895.002319098,9386.182,304.2548,CLICK,1
1772342895.006200075,9390.062,380.0213,CLICK,1
1772342895.014032841,9397.895,357.8044,CLICK,1
1772342895.017761946,9401.624,335.8368,CLICK,1
1772342895.026667118,9410.529,410.8154,CLICK,1
1772342895.030557871,9414.420,390.4355,CLICK,1
1772342895.038277149,9422.139,309.1630,CLICK,1
1772342895.043454885,9427.318,301.9334,CLICK,1
1772342895.051104069,9434.967,339.8186,CLICK,1
1772342895.054923058,9438.785,262.0887,CLICK,1
1772342895.063831091,9447.693,256.1899,CLICK,1
1772342895.067716122,9451.578,331.9153,CLICK,1
1772342895.075426102,9459.288,320.0294,CLICK,1
1772342895.079308033,9463.170,305.2476,CLICK,1
1772342895.088128090,9471.990,356.5705,CLICK,1
1772342895.091945887,9475.808,360.1382,CLICK,1
1772342895.099619150,9483.481,330.7107,CLICK,1
1772342895.104776859,9488.639,397.6375,CLICK,1
1772342895.112406015,9496.269,413.7746,CLICK,1
1772342895.116293907,9500.156,312.7875,CLICK,1
1772342895.124191999,9508.054,310.1167,CLICK,1
1772342895.129271030,9513.133,364.2794,CLICK,1
1772342895.136922121,9520.784,339.0216,CLICK,1
1772342895.140803099,9524.665,335.6033,CLICK,1
1772342895.149780989,9533.643,407.1252,CLICK,1
1772342895.153605223,9537.467,341.3656,CLICK,1
1772342895.161199093,9545.061,312.5659,CLICK,1
1772342895.165056944,9548.919,411.5820,CLICK,1
1772342895.174062014,9557.924,374.6994,CLICK,1
1772342895.177941084,9561.803,313.8218,CLICK,1
1772342895.185614109,9569.476,364.5969,CLICK,1
1772342895.190693855,9574.556,401.8379,CLICK,1
1772342895.198288918,9582.151,344.2381,CLICK,1
1772342895.202172995,9586.035,267.0914,CLICK,1
1772342895.211179972,9595.042,348.3309,CLICK,1
1772342895.215049982,9598.912,273.0394,CLICK,1
1772342895.222707987,9606.570,280.0527,CLICK,1
1772342895.226529121,9610.391,356.2559,CLICK,1
1772342895.235419989,9619.282,347.5549,CLICK,1
1772342895.239305019,9623.167,308.1557,CLICK,1
1772342895.247009039,9630.871,402.8551,CLICK,1
1772342895.252160072,9636.022,413.9447,CLICK,1
1772342895.259705067,9643.567,388.9597,CLICK,1
1772342895.263531923,9647.394,458.3521,CLICK,1
1772342895.272305012,9656.167,462.6624,CLICK,1
1772342895.276149988,9660.012,404.1775,CLICK,1
1772342895.283855200,9667.717,447.6205,CLICK,1
1772342895.289002895,9672.865,484.9501,CLICK,1
1772342895.296602011,9680.464,450.1090,CLICK,1
1772342895.300416946,9684.280,365.0875,CLICK,1
1772342895.309402227,9693.264,414.8538,CLICK,1
1772342895.313284159,9697.146,435.3962,CLICK,1
1772342895.320987940,9704.850,464.7601,CLICK,1
1772342895.324804068,9708.666,588.9757,CLICK,1
1772342895.333666086,9717.528,490.5216,CLICK,1
1772342895.337538004,9721.400,383.0359,CLICK,1
1772342895.346585035,9730.447,410.7831,CLICK,1
1772342895.350473881,9734.336,420.4754,CLICK,1
1772342895.358134985,9741.997,373.1458,CLICK,1
1772342895.361952066,9745.814,411.2628,CLICK,1
1772342895.370854855,9754.718,502.2485,CLICK,1
1772342895.374738932,9758.601,464.0872,CLICK,1
1772342895.382447004,9766.309,424.0542,CLICK,1
1772342895.386332989,9770.196,496.2151,CLICK,1
1772342895.395184040,9779.046,449.2000,CLICK,1
1772342895.399001122,9782.863,411.5885,CLICK,1
1772342895.407940149,9791.803,454.4744,CLICK,1
1772342895.411825895,9795.688,432.2609,CLICK,1
1772342895.419540882,9803.403,342.2211,CLICK,1
1772342895.423480988,9807.343,373.1567,CLICK,1
1772342895.432206154,9816.068,420.5893,CLICK,1
1772342895.436018944,9819.881,383.3169,CLICK,1
1772342895.444741964,9828.604,406.3240,CLICK,1
1772342895.448621035,9832.483,462.7253,CLICK,1
1772342895.456243992,9840.106,381.4208,CLICK,1
1772342895.460097075,9843.959,378.3209,CLICK,1
1772342895.468954802,9852.817,450.8708,CLICK,1
1772342895.472806931,9856.669,397.5102,CLICK,1
1772342895.480513096,9864.375,361.6698,CLICK,1
1772342895.485678196,9869.540,418.5962,CLICK,1
1772342895.493371964,9877.234,376.6080,CLICK,1
1772342895.497191906,9881.054,330.6283,CLICK,1
1772342895.506043911,9889.906,410.4860,CLICK,1
1772342895.509921074,9893.783,412.9840,CLICK,1
1772342895.517621040,9901.483,343.1673,CLICK,1
1772342895.521537066,9905.399,385.9665,CLICK,1
1772342895.530379057,9914.241,428.2797,CLICK,1
1772342895.534206867,9918.069,349.5181,CLICK,1
1772342895.543164968,9927.027,357.3008,CLICK,1
1772342895.547050953,9930.913,412.4856,CLICK,1
1772342895.554752111,9938.614,332.2236,CLICK,1
1772342895.558639050,9942.501,360.5961,CLICK,1
1772342895.567688942,9951.551,448.7601,CLICK,1
1772342895.571501970,9955.364,391.7076,CLICK,1
1772342895.579151869,9963.014,337.1112,CLICK,1
1772342895.583032131,9966.894,462.6937,CLICK,1
1772342895.592013121,9975.875,478.6342,CLICK,1
1772342895.595905066,9979.767,330.1516,CLICK,1
1772342895.603497982,9987.360,361.3733,CLICK,1
1772342895.608573914,9992.436,454.0909,CLICK,1
1772342895.616276026,10000.138,407.3130,CLICK,1
1772342895.620199919,10004.062,410.2839,CLICK,1
1772342895.627888203,10011.750,488.2400,CLICK,1
1772342895.633003950,10016.866,451.5395,CLICK,1
1772342895.640594006,10024.456,452.4617,CLICK,1
1772342895.644410133,10028.272,520.7096,CLICK,1
1772342895.653383017,10037.245,456.8738,CLICK,1
1772342895.657272100,10041.134,374.0470,CLICK,1
1772342895.664947033,10048.809,453.1694,CLICK,1
1772342895.670078039,10053.940,487.4685,CLICK,1
1772342895.677669048,10061.531,409.7865,CLICK,1
1772342895.681529045,10065.391,456.5147,CLICK,1
1772342895.690472841,10074.335,523.4777,CLICK,1
1772342895.694318056,10078.180,473.3859,CLICK,1
1772342895.701764107,10085.626,487.1234,CLICK,1
1772342895.706838131,10090.700,538.5541,CLICK,1
1772342895.714467049,10098.329,471.0878,CLICK,1
1772342895.718316078,10102.178,460.5882,CLICK,1
1772342895.727339029,10111.201,520.3169,CLICK,1
1772342895.731226206,10115.088,455.7572,CLICK,1
1772342895.738874197,10122.736,427.4497,CLICK,1
1772342895.742697954,10126.560,487.6566,CLICK,1
1772342895.751610041,10135.472,487.9546,CLICK,1
1772342895.755500078,10139.363,409.7746,CLICK,1
1772342895.763207912,10147.070,411.5886,CLICK,1
1772342895.768388033,10152.250,426.3615,CLICK,1
1772342895.775995970,10159.859,386.8674,CLICK,1
1772342895.779809952,10163.672,341.8078,CLICK,1
1772342895.788764000,10172.626,411.0145,CLICK,1
1772342895.792654037,10176.516,446.3724,CLICK,1
1772342895.800370932,10184.233,358.9617,CLICK,1
1772342895.804150105,10188.012,399.6930,CLICK,1
1772342895.812997818,10196.860,397.7611,CLICK,1
1772342895.816853046,10200.715,369.9466,CLICK,1
1772342895.824589014,10208.451,478.5863,CLICK,1
1772342895.829749107,10213.611,558.5852,CLICK,1
1772342895.837411165,10221.273,408.7707,CLICK,1
1772342895.841238976,10225.101,353.7303,CLICK,1
1772342895.850090027,10233.952,361.2141,CLICK,1
1772342895.853969812,10237.832,223.4337,CLICK,1
1772342895.861414909,10245.277,221.7706,CLICK,1
1772342895.866538048,10250.400,342.3853,CLICK,1
1772342895.874207020,10258.069,321.1788,CLICK,1
1772342895.878005028,10261.867,323.5390,CLICK,1
1772342895.886916161,10270.778,414.2135,CLICK,1
1772342895.890801907,10274.664,401.2638,CLICK,1
1772342895.898519993,10282.382,386.3074,CLICK,1
1772342895.902421951,10286.284,496.3348,CLICK,1
1772342895.911304951,10295.167,647.2816,CLICK,1
1772342895.915120840,10298.983,571.6491,CLICK,1
1772342895.923990965,10307.853,409.0332,CLICK,1
1772342895.927870989,10311.733,288.2918,CLICK,1
1772342895.935573101,10319.435,282.2972,CLICK,1
1772342895.939459085,10323.321,326.7403,CLICK,1
1772342895.948339939,10332.202,423.5634,CLICK,1
1772342895.952155828,10336.018,393.8526,CLICK,1
1772342895.959855080,10343.717,374.9128,CLICK,1
1772342895.963745117,10347.607,464.7528,CLICK,1
1772342895.972741127,10356.603,451.3594,CLICK,1
1772342895.976580143,10360.442,393.0379,CLICK,1
1772342895.984173059,10368.035,400.3037,CLICK,1
1772342895.989308834,10373.171,429.1875,CLICK,1
1772342895.997008801,10380.871,346.6829,CLICK,1
1772342896.000878096,10384.740,395.3135,CLICK,1
1772342896.009823084,10393.685,458.8002,CLICK,1
1772342896.013636112,10397.498,379.9263,CLICK,1
1772342896.021241188,10405.103,427.1212,CLICK,1
1772342896.025134087,10408.996,470.1214,CLICK,1
1772342896.034126997,10417.990,430.3845,CLICK,1
1772342896.038014889,10421.877,410.8816,CLICK,1
1772342896.047055006,10430.917,583.0592,CLICK,1
1772342896.050868034,10434.730,611.8001,CLICK,1
1772342896.058530092,10442.392,438.2148,CLICK,1
1772342896.062394857,10446.257,464.0098,CLICK,1
1772342896.071368933,10455.231,436.4560,CLICK,1
1772342896.075257063,10459.119,354.2074,CLICK,1
1772342896.082893133,10466.755,423.1433,CLICK,1
1772342896.086714029,10470.576,492.4241,CLICK,1
1772342896.095640182,10479.502,360.4175,CLICK,1
1772342896.102877855,10486.741,175.0822,CLICK,1
1772342896.108042002,10491.904,256.2699,CLICK,1
1772342896.111931801,10495.794,262.6856,CLICK,1
1772342896.119536877,10503.399,293.0593,CLICK,1
1772342896.124653101,10508.516,412.2563,CLICK,1
1772342896.132339001,10516.201,406.4662,CLICK,1
1772342896.139764071,10523.626,373.4127,CLICK,1
1772342896.144742966,10528.605,422.2938,CLICK,1
1772342896.151953936,10535.816,411.8313,CLICK,1
1772342896.157029867,10540.893,372.1318,CLICK,1
1772342896.164357901,10548.221,434.0760,CLICK,1
1772342896.169548035,10553.410,497.7425,CLICK,1
1772342896.176598072,10560.460,364.0031,CLICK,1
1772342896.181727886,10565.590,355.2518,CLICK,1
1772342896.188848972,10572.711,431.5272,CLICK,1
1772342896.193922997,10577.785,369.2655,CLICK,1
1772342896.201140881,10585.003,317.9329,CLICK,1
1772342896.206322908,10590.185,412.6445,CLICK,1
1772342896.213495016,10597.357,425.4992,CLICK,1
1772342896.218584061,10602.446,364.0656,CLICK,1
1772342896.225675106,10609.537,433.9268,CLICK,1
1772342896.230790854,10614.653,442.7258,CLICK,1
1772342896.238081932,10621.945,360.2228,CLICK,1
1772342896.243250847,10627.113,453.0685,CLICK,1
1772342896.250313997,10634.177,514.3914,CLICK,1
1772342896.255396128,10639.258,434.4056,CLICK,1
1772342896.262574196,10646.436,405.8583,CLICK,1
1772342896.267723083,10651.585,445.2651,CLICK,1
1772342896.274958134,10658.821,375.7436,CLICK,1
1772342896.280121088,10663.983,367.2002,CLICK,1
1772342896.287172079,10671.034,466.1374,CLICK,1
1772342896.292154074,10676.016,474.9197,CLICK,1
1772342896.299470186,10683.332,449.1760,CLICK,1
1772342896.304638863,10688.501,603.9640,CLICK,1
1772342896.311767101,10695.629,584.0023,CLICK,1
1772342896.316937923,10700.800,510.2124,CLICK,1
1772342896.324047089,10707.909,504.1145,CLICK,1
1772342896.329123020,10712.986,566.4871,CLICK,1
1772342896.336453199,10720.315,547.2469,CLICK,1
1772342896.341629982,10725.492,556.6004,CLICK,1
1772342896.348628998,10732.491,467.3280,CLICK,1
1772342896.353757858,10737.620,208.7329,CLICK,1
1772342896.360841036,10744.703,211.0073,CLICK,1
1772342896.365920067,10749.782,367.4018,CLICK,1
1772342896.373219013,10757.081,390.6364,CLICK,1
1772342896.378388882,10762.251,360.5437,CLICK,1
1772342896.385492086,10769.354,418.5230,CLICK,1
1772342896.390594006,10774.456,448.1131,CLICK,1
1772342896.397730112,10781.592,382.4543,CLICK,1
1772342896.402858973,10786.721,426.5389,CLICK,1
1772342896.410085201,10793.948,474.2713,CLICK,1
1772342896.415247202,10799.110,417.9341,CLICK,1
1772342896.422384977,10806.247,424.1825,CLICK,1
1772342896.427471161,10811.333,483.7699,CLICK,1
1772342896.434654951,10818.517,446.9318,CLICK,1
1772342896.439805031,10823.667,435.0823,CLICK,1
1772342896.446977139,10830.839,474.5438,CLICK,1
1772342896.452134848,10835.998,439.9357,CLICK,1
1772342896.459183216,10843.045,380.2295,CLICK,1
1772342896.464257002,10848.119,431.2892,CLICK,1
1772342896.471495867,10855.358,445.3558,CLICK,1
1772342896.476670980,10860.533,386.3569,CLICK,1
1772342896.483792782,10867.655,424.2819,CLICK,1
1772342896.488956928,10872.819,487.6825,CLICK,1
1772342896.496041059,10879.903,460.6944,CLICK,1
1772342896.501080990,10884.943,493.6571,CLICK,1
1772342896.508421183,10892.283,610.9794,CLICK,1
1772342896.513576031,10897.438,496.5447,CLICK,1
1772342896.520711899,10904.574,481.3802,CLICK,1
1772342896.525828123,10909.690,576.5048,CLICK,1
1772342896.532896996,10916.760,477.6756,CLICK,1
1772342896.537978172,10921.840,408.6532,CLICK,1
1772342896.545242071,10929.104,392.3925,CLICK,1
1772342896.550396919,10934.259,367.4942,CLICK,1
1772342896.557589054,10941.452,318.6205,CLICK,1
1772342896.562693119,10946.556,344.5316,CLICK,1
1772342896.569775105,10953.637,386.8890,CLICK,1
1772342896.574885130,10958.747,347.2685,CLICK,1
1772342896.582105160,10965.967,406.3724,CLICK,1
1772342896.587261915,10971.124,520.1303,CLICK,1
1772342896.594347000,10978.209,416.8283,CLICK,1
1772342896.599447012,10983.309,355.7799,CLICK,1
1772342896.606724024,10990.586,466.7409,CLICK,1
1772342896.611881971,10995.744,557.9438,CLICK,1
1772342896.618974924,11002.837,504.9092,CLICK,1
1772342896.624226093,11008.088,504.5016,CLICK,1
1772342896.631222010,11015.085,417.0674,CLICK,1
1772342896.636173964,11020.036,317.2586,CLICK,1
1772342896.643630028,11027.492,357.7830,CLICK,1
1772342896.648777962,11032.640,417.6795,CLICK,1
1772342896.655925035,11039.787,381.7146,CLICK,1
1772342896.661078930,11044.941,455.4505,CLICK,1
1772342896.668122053,11051.984,483.9319,CLICK,1
1772342896.673192024,11057.054,440.2404,CLICK,1
1772342896.680458069,11064.320,428.8450,CLICK,1
1772342896.685611010,11069.473,503.6917,CLICK,1
1772342896.692710876,11076.573,476.5022,CLICK,1
1772342896.697831869,11081.694,425.3777,CLICK,1
1772342896.705060005,11088.922,474.4355,CLICK,1
1772342896.710141897,11094.004,508.7034,CLICK,1
1772342896.717285872,11101.148,489.5455,CLICK,1
1772342896.722474098,11106.337,430.1487,CLICK,1
1772342896.729565859,11113.428,415.4919,CLICK,1
1772342896.734431028,11118.293,393.2930,CLICK,1
1772342896.741874933,11125.737,398.6990,CLICK,1
1772342896.747003794,11130.866,494.9984,CLICK,1
1772342896.754163027,11138.025,446.2925,CLICK,1
1772342896.759332180,11143.194,403.2028,CLICK,1
1772342896.766374826,11150.237,460.8106,CLICK,1
1772342896.771450996,11155.314,407.2451,CLICK,1
1772342896.778661966,11162.524,363.6741,CLICK,1
1772342896.783807039,11167.669,409.4348,CLICK,1
1772342896.791034222,11174.896,430.8497,CLICK,1
1772342896.796200991,11180.063,396.9186,CLICK,1
1772342896.803256035,11187.119,477.6306,CLICK,1
1772342896.808164120,11192.026,530.0912,CLICK,1
1772342896.815617085,11199.479,441.2301,CLICK,1
1772342896.820786953,11204.649,444.1028,CLICK,1
1772342896.827872992,11211.735,519.5331,CLICK,1
1772342896.833032846,11216.895,449.0742,CLICK,1
1772342896.840143919,11224.006,412.4455,CLICK,1
1772342896.845219135,11229.081,546.7697,CLICK,1
1772342896.852500916,11236.363,532.3977,CLICK,1
1772342896.857658148,11241.520,436.2194,CLICK,1
1772342896.864748001,11248.610,501.7565,CLICK,1
1772342896.869587898,11253.450,438.7467,CLICK,1
1772342896.877022028,11260.884,343.2433,CLICK,1
1772342896.882095098,11265.957,388.3848,CLICK,1
1772342896.889513016,11273.375,447.7262,CLICK,1
1772342896.894699097,11278.561,395.7083,CLICK,1
1772342896.901644945,11285.507,420.5400,CLICK,1
1772342896.907001019,11290.863,469.2262,CLICK,1
1772342896.913880110,11297.742,458.5463,CLICK,1
1772342896.918992996,11302.855,489.6150,CLICK,1
1772342896.926221132,11310.083,522.6989,CLICK,1
1772342896.931396008,11315.258,530.3073,CLICK,1
1772342896.938453913,11322.316,468.8946,CLICK,1
1772342896.943545103,11327.407,539.3043,CLICK,1
1772342896.950726986,11334.589,443.3352,CLICK,1
1772342896.955868006,11339.730,311.0818,CLICK,1
1772342896.963051081,11346.913,347.8987,CLICK,1
1772342896.968219995,11352.082,428.5553,CLICK,1
1772342896.975562096,11359.424,396.4863,CLICK,1
1772342896.980698824,11364.561,426.6088,CLICK,1
1772342896.987627029,11371.489,548.5852,CLICK,1
1772342896.992779016,11376.641,442.1030,CLICK,1
1772342896.999926090,11383.788,413.7314,CLICK,1
1772342897.005082130,11388.944,508.6211,CLICK,1
1772342897.012345076,11396.207,457.0345,CLICK,1
1772342897.017452955,11401.315,438.5888,CLICK,1
1772342897.024506092,11408.368,421.3713,CLICK,1
1772342897.029669046,11413.531,429.3914,CLICK,1
1772342897.037371874,11421.235,379.6810,CLICK,1
1772342897.041167974,11425.030,450.8855,CLICK,1
1772342897.050035954,11433.898,498.5903,CLICK,1
1772342897.053857088,11437.719,457.4264,CLICK,1
1772342897.061408997,11445.271,434.8965,CLICK,1
1772342897.066536903,11450.399,526.6087,CLICK,1
1772342897.074222088,11458.084,515.5249,CLICK,1
1772342897.078021049,11461.883,460.5609,CLICK,1
1772342897.086869001,11470.731,551.1069,CLICK,1
1772342897.090551138,11474.413,518.7985,CLICK,1
1772342897.098275185,11482.137,490.2958,CLICK,1
1772342897.103431940,11487.294,501.1787,CLICK,1
1772342897.111122847,11494.985,471.4655,CLICK,1
1772342897.114946127,11498.808,371.4288,CLICK,1
1772342897.123800039,11507.663,400.4965,CLICK,1
1772342897.127688885,11511.551,450.2604,CLICK,1
1772342897.135390043,11519.253,386.4492,CLICK,1
1772342897.140633106,11524.495,387.1780,CLICK,1
1772342897.148424864,11532.287,512.8901,CLICK,1
1772342897.152256012,11536.118,515.0371,CLICK,1
1772342897.159776926,11543.639,495.0520,CLICK,1
1772342897.164934874,11548.797,562.7672,CLICK,1
1772342897.172645807,11556.508,450.7214,CLICK,1
1772342897.176484108,11560.346,288.2168,CLICK,1
1772342897.185077906,11568.940,300.0875,CLICK,1
1772342897.188894987,11572.757,346.0516,CLICK,1
1772342897.196573973,11580.436,325.6645,CLICK,1
1772342897.201632977,11585.495,399.3523,CLICK,1
1772342897.209322929,11593.185,451.1815,CLICK,1
1772342897.213205099,11597.067,404.0836,CLICK,1
1772342897.222073078,11605.935,417.5717,CLICK,1
1772342897.225895882,11609.758,479.3625,CLICK,1
1772342897.233577013,11617.439,430.3104,CLICK,1
1772342897.238777161,11622.639,359.2203,CLICK,1
1772342897.246501207,11630.363,424.6400,CLICK,1
1772342897.250236988,11634.100,451.7583,CLICK,1
1772342897.259097099,11642.959,493.1473,CLICK,1
1772342897.262958050,11646.820,501.4064,CLICK,1
1772342897.270663977,11654.526,414.8747,CLICK,1
1772342897.274552107,11658.414,356.7937,CLICK,1
1772342897.283473969,11667.336,380.4253,CLICK,1
1772342897.287287951,11671.150,435.3511,CLICK,1
1772342897.295930862,11679.793,358.8292,CLICK,1
1772342897.299818039,11683.681,361.8319,CLICK,1
1772342897.307524204,11691.386,441.3916,CLICK,1
1772342897.311385155,11695.247,402.9847,CLICK,1
1772342897.320302010,11704.164,373.1735,CLICK,1
1772342897.324122190,11707.984,456.2007,CLICK,1
1772342897.331750870,11715.613,436.7169,CLICK,1
1772342897.336913824,11720.776,399.2022,CLICK,1
1772342897.344627857,11728.490,489.6939,CLICK,1
1772342897.348510027,11732.372,496.6645,CLICK,1
1772342897.357398033,11741.260,446.1662,CLICK,1
1772342897.361221075,11745.083,525.5454,CLICK,1
1772342897.369726896,11753.589,574.6010,CLICK,1
1772342897.373593092,11757.455,394.8129,CLICK,1
1772342897.381297827,11765.160,315.6851,CLICK,1
1772342897.385435820,11769.298,367.2988,CLICK,1
1772342897.394399881,11778.262,346.5399,CLICK,1
1772342897.398211002,11782.073,323.1309,CLICK,1
1772342897.405948877,11789.812,438.7899,CLICK,1
1772342897.409828186,11793.690,442.1047,CLICK,1
1772342897.418806076,11802.668,388.8797,CLICK,1
1772342897.422911882,11806.774,450.0054,CLICK,1
1772342897.430510998,11814.373,451.7176,CLICK,1
1772342897.434341192,11818.203,414.9054,REST,0
1772342897.442965031,11826.827,437.2581,REST,0
1772342897.446799040,11830.661,542.2596,REST,0
1772342897.455706120,11839.568,439.8662,REST,0
1772342897.459420919,11843.283,472.8971,REST,0
1772342897.466863155,11850.725,535.4790,REST,0
1772342897.471933842,11855.796,481.3334,REST,0
1772342897.479537010,11863.399,430.0916,REST,0
1772342897.484440088,11868.302,479.1723,REST,0
1772342897.492148876,11876.011,474.6439,REST,0
1772342897.495966911,11879.829,430.7292,REST,0
1772342897.504832983,11888.695,450.8118,REST,0
1772342897.508646965,11892.509,491.1863,REST,0
1772342897.516232014,11900.094,392.0956,REST,0
1772342897.520083904,11903.946,406.2554,REST,0
1772342897.528980970,11912.843,449.6885,REST,0
1772342897.532799959,11916.662,405.8717,REST,0
1772342897.541494131,11925.356,390.9414,REST,0
1772342897.545307875,11929.170,457.5180,REST,0
1772342897.552896976,11936.759,425.2591,REST,0
1772342897.557981968,11941.844,442.0864,REST,0
1772342897.565640926,11949.503,521.2152,REST,0
1772342897.569458008,11953.320,479.5868,REST,0
1772342897.578308105,11962.170,360.5540,REST,0
1772342897.582128048,11965.990,348.9986,REST,0
1772342897.589726925,11973.589,369.5173,REST,0
1772342897.594738007,11978.600,332.8820,REST,0
1772342897.602332830,11986.195,359.3365,REST,0
1772342897.606149197,11990.011,420.3888,REST,0
1772342897.615152836,11999.016,392.1889,REST,0
1772342897.619034052,12002.896,424.8388,REST,0
1772342897.627841949,12011.704,510.8308,REST,0
1772342897.631659031,12015.521,458.8942,REST,0
1772342897.639307022,12023.169,417.7312,REST,0
1772342897.643192053,12027.054,432.4086,REST,0
1772342897.652172089,12036.034,391.4879,REST,0
1772342897.656051874,12039.914,360.4103,REST,0
1772342897.663664818,12047.527,454.0704,REST,0
1772342897.668794870,12052.657,485.7364,REST,0
1772342897.676095963,12059.958,430.6448,REST,0
1772342897.679973125,12063.836,469.2657,REST,0
1772342897.688905954,12072.768,510.8054,REST,0
1772342897.692772150,12076.634,526.6949,REST,0
1772342897.700396061,12084.258,437.2524,REST,0
1772342897.705479860,12089.342,466.9288,REST,0
1772342897.713101149,12096.963,452.0602,REST,0
1772342897.716928005,12100.790,409.7943,REST,0
1772342897.725826025,12109.688,462.3979,REST,0
1772342897.729665995,12113.528,453.8569,REST,0
1772342897.737272024,12121.134,406.9629,REST,0
1772342897.742187023,12126.049,453.7571,REST,0
1772342897.749859095,12133.722,458.6634,REST,0
1772342897.753692865,12137.555,400.4040,REST,0
1772342897.762629032,12146.491,470.6437,REST,0
1772342897.766438961,12150.301,486.5447,REST,0
1772342897.774025917,12157.888,407.0689,REST,0
1772342897.779182196,12163.044,428.7011,REST,0
1772342897.786877871,12170.740,454.4486,REST,0
1772342897.790754080,12174.616,391.3560,REST,0
1772342897.799679995,12183.542,358.5057,REST,0
1772342897.803497076,12187.359,449.2651,REST,0
1772342897.811161995,12195.024,444.1508,REST,0
1772342897.815051079,12198.913,394.0216,REST,0
1772342897.824028969,12207.891,483.6707,REST,0
1772342897.827913046,12211.775,494.9436,REST,0
1772342897.835465908,12219.328,407.1676,REST,0
1772342897.840538025,12224.400,433.7145,REST,0
1772342897.848212957,12232.075,416.2957,REST,0
1772342897.852066040,12235.928,283.3227,REST,0
1772342897.861051798,12244.914,241.1432,REST,0
1772342897.864925861,12248.788,164.8369,REST,0
1772342897.872530937,12256.393,43.7720,REST,0
1772342897.877609015,12261.472,-61.9731,REST,0
1772342897.885087967,12268.950,-57.4783,REST,0
1772342897.888971090,12272.833,-137.0473,REST,0
1772342897.897911072,12281.774,-224.0078,REST,0
1772342897.901744843,12285.607,-157.8611,REST,0
1772342897.909338951,12293.201,-117.3113,REST,0
1772342897.914466143,12298.328,-159.7642,REST,0
1772342897.922174931,12306.037,-91.3980,REST,0
1772342897.926059008,12309.921,-20.9725,REST,0
1772342897.934067965,12317.930,-42.9611,REST,0
1772342897.937894821,12321.757,29.7556,REST,0
1772342897.946745157,12330.607,152.4631,REST,0
1772342897.950612068,12334.474,142.0928,REST,0
1772342897.959566116,12343.428,179.2816,REST,0
1772342897.963416100,12347.278,262.5516,REST,0
1772342897.971233130,12355.095,309.1351,REST,0
1772342897.975066900,12358.929,335.1740,REST,0
1772342897.983963966,12367.826,448.9790,REST,0
1772342897.987787008,12371.649,583.9231,REST,0
1772342897.995462894,12379.325,577.1076,REST,0
1772342897.999340057,12383.202,644.1851,REST,0
1772342898.008228064,12392.091,755.8233,REST,0
1772342898.012058020,12395.920,743.7836,REST,0
1772342898.021034002,12404.896,799.1422,REST,0
1772342898.024821043,12408.684,893.9544,REST,0
1772342898.032444954,12416.307,905.1401,REST,0
1772342898.036301136,12420.163,851.2692,REST,0
1772342898.045171022,12429.034,927.3753,REST,0
1772342898.049057007,12432.919,910.7819,REST,0
1772342898.056759119,12440.621,845.6872,REST,0
1772342898.061891079,12445.753,893.6339,REST,0
1772342898.069546938,12453.409,915.6911,REST,0
1772342898.073364973,12457.227,849.0749,REST,0
1772342898.082251072,12466.114,867.7223,REST,0
1772342898.086127043,12469.989,921.4692,REST,0
1772342898.093832016,12477.694,862.4987,REST,0
1772342898.097710133,12481.573,845.8369,REST,0
1772342898.106664896,12490.528,919.4666,REST,0
1772342898.110496044,12494.358,865.6098,REST,0
1772342898.118112087,12501.974,775.3799,REST,0
1772342898.123354197,12507.216,792.1294,REST,0
1772342898.131071091,12514.933,764.1131,REST,0
1772342898.134953976,12518.816,679.3066,REST,0
1772342898.143927097,12527.789,718.3279,REST,0
1772342898.147742033,12531.604,752.9574,REST,0
1772342898.155373096,12539.235,673.0234,REST,0
1772342898.160126925,12543.989,672.9929,REST,0
1772342898.167799950,12551.662,711.4143,REST,0
1772342898.171679974,12555.542,635.5446,REST,0
1772342898.180515051,12564.377,618.6359,REST,0
1772342898.184329987,12568.192,678.1810,REST,0
1772342898.192025185,12575.887,640.1521,REST,0
1772342898.195914030,12579.776,593.8071,REST,0
1772342898.204887152,12588.750,642.3647,REST,0
1772342898.208767891,12592.630,592.1496,REST,0
1772342898.217679977,12601.542,504.5957,REST,0
1772342898.221576929,12605.439,543.7406,REST,0
1772342898.229284048,12613.146,547.7825,REST,0
1772342898.233160973,12617.023,475.8212,REST,0
1772342898.242144108,12626.006,487.3038,REST,0
1772342898.245980978,12629.843,524.5472,REST,0
1772342898.253569126,12637.431,456.4287,REST,0
1772342898.258575201,12642.437,427.6857,REST,0
1772342898.266258955,12650.121,481.4600,REST,0
1772342898.270140886,12654.003,423.0903,REST,0
1772342898.277858973,12661.721,376.7822,REST,0
1772342898.282949209,12666.811,423.1790,REST,0
1772342898.290542126,12674.404,390.6902,REST,0
1772342898.294426203,12678.288,320.1221,REST,0
1772342898.303390026,12687.252,364.7173,REST,0
1772342898.307276011,12691.138,375.7225,REST,0
1772342898.314948082,12698.811,287.8349,REST,0
1772342898.318767071,12702.629,297.3729,REST,0
1772342898.327698946,12711.561,335.3788,REST,0
1772342898.331578970,12715.441,286.0228,REST,0
1772342898.340565920,12724.428,288.9744,REST,0
1772342898.344445944,12728.308,279.7960,REST,0
1772342898.352007866,12735.870,241.4100,REST,0
1772342898.355823040,12739.685,227.2229,REST,0
1772342898.364732981,12748.595,319.1479,REST,0
1772342898.368605852,12752.468,331.8599,REST,0
1772342898.376310110,12760.172,286.6148,REST,0
1772342898.381488800,12765.352,319.0850,REST,0
1772342898.389086962,12772.949,303.3350,REST,0
1772342898.392899990,12776.762,246.1741,REST,0
1772342898.401796103,12785.658,260.7520,REST,0
1772342898.405673027,12789.536,350.4374,REST,0
1772342898.413374901,12797.237,278.4355,REST,0
1772342898.417145014,12801.007,230.8887,REST,0
1772342898.426038027,12809.900,308.4527,REST,0
1772342898.429872036,12813.734,271.3258,REST,0
1772342898.438863754,12822.726,211.6276,REST,0
1772342898.442714214,12826.576,343.2202,REST,0
1772342898.450387001,12834.249,359.3468,REST,0
1772342898.454203844,12838.066,313.8697,REST,0
1772342898.463118076,12846.980,337.0479,REST,0
1772342898.467010975,12850.873,341.0148,REST,0
1772342898.474709034,12858.571,259.7977,REST,0
1772342898.478597879,12862.460,289.3380,REST,0
1772342898.487493038,12871.355,348.4095,REST,0
1772342898.491312981,12875.175,303.8370,REST,0
1772342898.498965979,12882.828,300.9013,REST,0
1772342898.504119158,12887.981,388.9384,REST,0
1772342898.511827946,12895.690,377.2507,REST,0
1772342898.515706778,12899.569,350.9405,REST,0
1772342898.524610996,12908.473,399.5227,REST,0
1772342898.528438091,12912.300,418.6182,REST,0
1772342898.536113977,12919.976,321.5716,REST,0
1772342898.539995909,12923.858,408.4365,REST,0
1772342898.548973083,12932.835,474.7862,REST,0
1772342898.552817822,12936.680,406.4285,REST,0
1772342898.560429096,12944.291,439.3823,REST,0
1772342898.565483093,12949.345,521.9088,REST,0
1772342898.573193073,12957.055,461.4827,REST,0
1772342898.576797962,12960.660,456.7940,REST,0
1772342898.585740089,12969.602,545.3743,REST,0
1772342898.589587927,12973.451,536.7589,REST,0
1772342898.598491907,12982.354,517.0187,REST,0
1772342898.602362871,12986.225,603.0271,REST,0
1772342898.610095024,12993.957,621.7372,REST,0
1772342898.613981962,12997.844,575.3192,REST,0
1772342898.622910976,13006.774,621.5690,REST,0
1772342898.626732111,13010.594,641.4484,REST,0
1772342898.634357929,13018.220,566.6390,REST,0
1772342898.639580965,13023.443,577.0999,REST,0
1772342898.647298098,13031.160,633.6950,REST,0
1772342898.651184797,13035.047,599.8171,REST,0
1772342898.658884048,13042.746,641.3734,REST,0
1772342898.663956881,13047.819,705.4910,REST,0
1772342898.671610832,13055.473,653.9224,REST,0
1772342898.675493002,13059.355,615.6910,REST,0
1772342898.684479952,13068.342,676.4353,REST,0
1772342898.688346148,13072.209,666.5877,REST,0
1772342898.696024179,13079.886,587.1370,REST,0
1772342898.699841976,13083.704,612.8724,REST,0
1772342898.708798885,13092.662,644.2570,REST,0
1772342898.712685108,13096.547,588.8425,REST,0
1772342898.720371962,13104.234,599.3585,REST,0
1772342898.724322081,13108.184,641.9492,REST,0
1772342898.733056068,13116.918,586.9665,REST,0
1772342898.736831903,13120.694,581.7510,REST,0
1772342898.745815992,13129.678,666.0039,REST,0
1772342898.749660015,13133.522,644.2778,REST,0
1772342898.757360220,13141.222,590.5930,REST,0
1772342898.761197090,13145.059,622.3112,REST,0
1772342898.770057917,13153.920,610.4258,REST,0
1772342898.773934126,13157.796,536.0573,REST,0
1772342898.782774925,13166.637,564.3232,REST,0
1772342898.786653042,13170.515,593.4808,REST,0
1772342898.794077873,13177.940,500.1055,REST,0
1772342898.799169064,13183.031,506.7946,REST,0
1772342898.806663990,13190.526,540.7392,REST,0
1772342898.810552120,13194.414,496.6419,REST,0
1772342898.819526911,13203.389,495.6387,REST,0
1772342898.823469162,13207.331,579.8466,REST,0
1772342898.831119776,13214.983,549.9813,REST,0
1772342898.834912062,13218.774,487.6610,REST,0
1772342898.843832016,13227.694,552.0535,REST,0
1772342898.847718000,13231.580,566.5710,REST,0
1772342898.856777906,13240.640,545.2273,REST,0
1772342898.859394073,13243.256,599.2484,REST,0
1772342898.868289948,13252.152,610.8580,REST,0
1772342898.872104883,13255.967,536.6760,REST,0
1772342898.881103039,13264.965,547.1369,REST,0
1772342898.884984016,13268.846,582.9278,REST,0
1772342898.892693996,13276.557,525.5100,REST,0
1772342898.896560192,13280.422,493.4475,REST,0
1772342898.905364037,13289.226,520.3651,REST,0
1772342898.909239054,13293.101,470.2737,REST,0
1772342898.916939974,13300.802,406.5417,REST,0
1772342898.920878172,13304.740,471.2350,REST,0
1772342898.929833889,13313.696,494.5166,REST,0
1772342898.933650970,13317.513,446.4013,REST,0
1772342898.942481995,13326.344,518.1213,REST,0
1772342898.946362019,13330.224,549.5599,REST,0
1772342898.954056978,13337.919,472.8941,REST,0
1772342898.957945108,13341.807,485.3508,REST,0
1772342898.966832161,13350.694,535.8047,REST,0
1772342898.970643997,13354.506,505.4603,REST,0
1772342898.978305101,13362.167,483.5584,REST,0
1772342898.983465910,13367.328,527.6878,REST,0
1772342898.991174936,13375.037,473.3630,REST,0
1772342898.998521090,13382.383,410.5263,REST,0
1772342899.003597021,13387.459,508.1015,REST,0
1772342899.010847092,13394.709,467.7943,REST,0
1772342899.016026974,13399.889,390.8984,REST,0
1772342899.023134947,13406.997,432.1956,REST,0
1772342899.028069973,13411.932,378.3595,REST,0
1772342899.035410881,13419.273,189.2624,REST,0
1772342899.040491104,13424.353,59.2336,REST,0
1772342899.044310093,13428.172,-68.6588,REST,0
1772342899.053080082,13436.942,-321.4395,REST,0
1772342899.056971073,13440.833,-451.7600,REST,0
1772342899.064599991,13448.463,-477.3027,REST,0
1772342899.068437099,13452.299,-532.3152,REST,0
1772342899.077296019,13461.158,-552.5689,REST,0
1772342899.081178188,13465.040,-470.2307,REST,0
1772342899.088895082,13472.757,-362.4041,REST,0
1772342899.094059944,13477.922,-291.9010,REST,0
1772342899.101602077,13485.464,-121.1129,REST,0
1772342899.105422020,13489.284,55.0435,REST,0
1772342899.114310980,13498.173,115.4314,REST,0
1772342899.118200064,13502.062,240.6963,REST,0
1772342899.125963926,13509.826,346.0617,REST,0
1772342899.130928040,13514.790,389.1157,REST,0
1772342899.138581991,13522.444,455.8100,REST,0
1772342899.142396927,13526.259,620.0434,REST,0
1772342899.151111841,13534.974,662.1066,REST,0
1772342899.155001163,13538.863,697.3873,REST,0
1772342899.162677050,13546.539,848.0164,REST,0
1772342899.167799950,13551.662,863.4926,REST,0
1772342899.175415039,13559.277,872.9618,REST,0
1772342899.182869911,13566.732,929.5582,REST,0
1772342899.188048840,13571.911,988.3650,REST,0
1772342899.195130110,13578.992,955.8026,REST,0
1772342899.200303078,13584.165,963.0419,REST,0
1772342899.207454920,13591.317,1000.1124,REST,0
1772342899.212527037,13596.389,919.4255,REST,0
1772342899.219760895,13603.623,894.9017,REST,0
1772342899.224858761,13608.721,945.3641,REST,0
1772342899.232028008,13615.890,898.6620,REST,0
1772342899.236991882,13620.854,844.0225,REST,0
1772342899.244333029,13628.195,878.1962,REST,0
1772342899.249411106,13633.274,868.1054,REST,0
1772342899.256619930,13640.482,801.7111,REST,0
1772342899.261797905,13645.660,848.9651,REST,0
1772342899.268914938,13652.778,897.7362,REST,0
1772342899.274250031,13658.112,816.0859,REST,0
1772342899.281186104,13665.048,801.6358,REST,0
1772342899.286314964,13670.177,824.6162,REST,0
1772342899.293489933,13677.352,735.4448,REST,0
1772342899.298646927,13682.509,730.7882,REST,0
1772342899.305851936,13689.714,793.4159,REST,0
1772342899.310955048,13694.818,722.4870,REST,0
1772342899.318064928,13701.927,664.4768,REST,0
1772342899.323234081,13707.097,689.3919,REST,0
1772342899.330379009,13714.242,654.4978,REST,0
1772342899.335547924,13719.411,577.3374,REST,0
1772342899.342710972,13726.573,619.3332,REST,0
1772342899.347795010,13731.657,652.2596,REST,0
1772342899.354938030,13738.801,594.8019,REST,0
1772342899.360120058,13743.983,610.1651,REST,0
1772342899.367211103,13751.073,677.1768,REST,0
1772342899.372361898,13756.224,611.0228,REST,0
1772342899.379495859,13763.358,581.0130,REST,0
1772342899.384410143,13768.272,619.2252,REST,0
1772342899.391788960,13775.651,567.6824,REST,0
1772342899.396903992,13780.767,394.0353,REST,0
1772342899.404101133,13787.963,278.8379,REST,0
1772342899.409262180,13793.124,58.3925,REST,0
1772342899.416355133,13800.217,-173.9922,REST,0
1772342899.421479940,13805.342,-350.5739,REST,0
1772342899.428668022,13812.530,-467.6351,REST,0
1772342899.433832884,13817.695,-614.4597,REST,0
1772342899.440951109,13824.813,-606.8217,REST,0
1772342899.446079969,13829.942,-530.9901,REST,0
1772342899.453235865,13837.098,-495.8541,REST,0
1772342899.458208084,13842.070,-415.0064,REST,0
1772342899.465496063,13849.358,-170.5864,REST,0
1772342899.470664024,13854.526,-34.5233,REST,0
1772342899.477792978,13861.655,67.1596,REST,0
1772342899.482892990,13866.755,280.7936,REST,0
1772342899.490053177,13873.915,441.3279,REST,0
1772342899.495163918,13879.026,445.9771,REST,0
1772342899.502382994,13886.245,611.1329,REST,0
1772342899.507544994,13891.408,694.2909,REST,0
1772342899.514677048,13898.539,669.9251,REST,0
1772342899.519665003,13903.527,770.6224,REST,0
1772342899.526991129,13910.853,889.2334,REST,0
1772342899.532153130,13916.016,923.0634,REST,0
1772342899.539232969,13923.096,942.2263,REST,0
1772342899.544391870,13928.254,1036.1623,REST,0
1772342899.551518917,13935.381,1054.6870,REST,0
1772342899.556607008,13940.469,1025.2148,REST,0
1772342899.563872099,13947.734,1086.6052,REST,0
1772342899.569050074,13952.912,1074.2640,REST,0
1772342899.576240063,13960.102,983.6212,REST,0
1772342899.581400156,13965.262,1009.3114,REST,0
1772342899.588407040,13972.269,996.7625,REST,0
1772342899.593398094,13977.260,910.4409,REST,0
1772342899.600723028,13984.586,903.7380,REST,0
1772342899.605871201,13989.733,931.3787,REST,0
1772342899.613020897,13996.883,876.5545,REST,0
1772342899.618151903,14002.014,843.6945,REST,0
1772342899.625263214,14009.125,901.6795,REST,0
1772342899.630378008,14014.240,856.3906,REST,0
1772342899.637609959,14021.472,775.2828,REST,0
1772342899.642774105,14026.636,816.2980,REST,0
1772342899.650010109,14033.872,807.8182,REST,0
1772342899.655103922,14038.966,738.1538,REST,0
1772342899.662142038,14046.004,770.8305,REST,0
1772342899.667017937,14050.880,811.2988,REST,0
1772342899.674499035,14058.361,739.5971,REST,0
1772342899.679657936,14063.520,703.7730,REST,0
1772342899.686776161,14070.638,712.2533,REST,0
1772342899.691869020,14075.731,641.5264,REST,0
1772342899.698977947,14082.840,620.5764,REST,0
1772342899.704121113,14087.984,683.5314,REST,0
1772342899.711418867,14095.281,614.0817,REST,0
1772342899.716525078,14100.387,585.6007,REST,0
1772342899.723587990,14107.450,641.1464,REST,0
1772342899.728600979,14112.463,609.7274,REST,0
1772342899.735899925,14119.762,505.8836,REST,0
1772342899.741060019,14124.922,544.6234,REST,0
1772342899.748197079,14132.060,578.4010,REST,0
1772342899.753338814,14137.201,515.2659,REST,0
1772342899.760396957,14144.259,548.1511,REST,0
1772342899.765487194,14149.349,610.7080,REST,0
1772342899.772864103,14156.726,542.9245,REST,0
1772342899.778044939,14161.907,512.3886,REST,0
1772342899.785051823,14168.914,566.2658,REST,0
1772342899.790159941,14174.023,524.0368,REST,0
1772342899.797767878,14181.630,490.6051,REST,0
1772342899.801390171,14185.252,564.7160,REST,0
1772342899.810119867,14193.982,549.2092,REST,0
1772342899.813987017,14197.849,455.4663,REST,0
1772342899.822917938,14206.780,495.8268,REST,0
1772342899.826745033,14210.607,507.2303,REST,0
1772342899.834350109,14218.212,410.7156,REST,0
1772342899.839498043,14223.360,422.7793,REST,0
1772342899.847206831,14231.069,495.5034,REST,0
1772342899.851075172,14234.937,438.3382,REST,0
1772342899.859931946,14243.794,411.9004,REST,0
1772342899.863754034,14247.616,479.3357,REST,0
1772342899.871381998,14255.244,393.5581,REST,0
1772342899.875258207,14259.120,354.8308,REST,0
1772342899.884239912,14268.102,428.6826,REST,0
1772342899.888120174,14271.982,434.9750,REST,0
1772342899.895777941,14279.640,388.4562,REST,0
1772342899.900858164,14284.720,431.2514,REST,0
1772342899.908540010,14292.402,464.4270,REST,0
1772342899.912420034,14296.282,379.9904,REST,0
1772342899.921338081,14305.200,400.2914,REST,0
1772342899.925215960,14309.078,467.2439,REST,0
1772342899.932816982,14316.679,390.5527,REST,0
1772342899.936629057,14320.491,404.5957,REST,0
1772342899.945350885,14329.213,456.3445,REST,0
1772342899.949227095,14333.090,424.1715,REST,0
1772342899.958171844,14342.034,383.7934,REST,0
1772342899.962025881,14345.888,450.9208,REST,0
1772342899.969619989,14353.482,440.9353,REST,0
1772342899.973487139,14357.349,351.9340,REST,0
1772342899.982427835,14366.291,403.8999,REST,0
1772342899.986309052,14370.171,432.7583,REST,0
1772342899.994025946,14377.889,345.4469,REST,0
1772342899.999108076,14382.971,378.9133,REST,0
1772342900.006735802,14390.598,452.4928,REST,0
1772342900.010618925,14394.481,398.0126,REST,0
1772342900.019596100,14403.458,388.9009,REST,0
1772342900.023540020,14407.402,456.3420,REST,0
1772342900.031028032,14414.890,405.1696,REST,0
1772342900.034840107,14418.702,373.7101,REST,0
1772342900.043756008,14427.618,437.1759,REST,0
1772342900.047636032,14431.498,449.7803,REST,0
1772342900.056591988,14440.454,391.6407,REST,0
1772342900.060477972,14444.340,416.1532,REST,0
1772342900.068084955,14451.947,449.0494,REST,0
1772342900.071898937,14455.761,373.9765,REST,0
1772342900.080595970,14464.459,368.4046,REST,0
1772342900.084464788,14468.327,443.5541,REST,0
1772342900.093436956,14477.299,407.4839,REST,0
1772342900.097318888,14481.181,406.0032,REST,0
1772342900.104931116,14488.793,486.7608,REST,0
1772342900.108749151,14492.611,467.7906,REST,0
1772342900.117711782,14501.574,468.0287,REST,0
1772342900.121632099,14505.494,455.4076,REST,0
1772342900.129338026,14513.200,456.7002,REST,0
1772342900.134345055,14518.207,387.5503,REST,0
1772342900.141937971,14525.800,430.8316,REST,0
1772342900.145807981,14529.670,462.4434,REST,0
1772342900.154782057,14538.644,392.1754,REST,0
1772342900.158670187,14542.532,383.6579,REST,0
1772342900.166368008,14550.231,448.5470,REST,0
1772342900.170197010,14554.059,412.2435,REST,0
1772342900.179090023,14562.952,418.7487,REST,0
1772342900.182955027,14566.817,515.2442,REST,0
1772342900.190655947,14574.518,475.3894,REST,0
1772342900.195796967,14579.659,428.0497,REST,0
1772342900.203445911,14587.308,514.8181,REST,0
1772342900.207268000,14591.130,501.9875,REST,0
1772342900.216188908,14600.052,416.2059,REST,0
1772342900.220121145,14603.983,426.7232,REST,0
1772342900.227846861,14611.709,438.3973,REST,0
1772342900.231727123,14615.589,308.5816,REST,0
1772342900.240450144,14624.312,237.4715,REST,0
1772342900.244263887,14628.126,137.2269,REST,0
1772342900.251990080,14635.853,-110.1077,REST,0
1772342900.257131100,14640.993,-283.8138,REST,0
1772342900.264805794,14648.668,-342.9749,REST,0
1772342900.268661022,14652.523,-464.4747,REST,0
1772342900.277548075,14661.410,-564.6616,REST,0
1772342900.281430006,14665.292,-475.0429,REST,0
1772342900.289119005,14672.981,-392.7214,REST,0
1772342900.292996168,14676.858,-356.0875,REST,0
1772342900.301967859,14685.830,-166.2650,REST,0
1772342900.305806160,14689.668,51.2545,REST,0
1772342900.313430071,14697.292,73.3024,REST,0
1772342900.318458080,14702.320,202.1800,REST,0
1772342900.326139927,14710.002,335.4042,REST,0
1772342900.330029964,14713.892,348.1813,REST,0
1772342900.338939905,14722.802,410.1806,REST,0
1772342900.342738867,14726.601,530.2419,REST,0
1772342900.350354910,14734.218,561.4784,REST,0
1772342900.355514765,14739.377,563.0091,REST,0
1772342900.363233089,14747.095,667.8942,REST,0
1772342900.367125034,14750.987,710.2476,REST,0
1772342900.376041889,14759.904,653.5331,REST,0
1772342900.379855871,14763.718,724.6710,REST,0
1772342900.387517929,14771.380,747.0626,REST,0
1772342900.391416073,14775.278,681.2756,REST,0
1772342900.400357008,14784.219,701.0881,REST,0
1772342900.404247999,14788.110,721.0012,REST,0
1772342900.411895037,14795.758,649.6731,REST,0
1772342900.416980982,14800.843,615.9835,REST,0
1772342900.424714088,14808.576,677.6903,REST,0
1772342900.428597927,14812.460,616.9863,REST,0
1772342900.438213825,14822.076,576.8622,CLICK,1
1772342900.440791130,14824.653,626.3654,CLICK,1
1772342900.449676991,14833.540,651.7504,CLICK,1
1772342900.453529119,14837.391,586.7192,CLICK,1
1772342900.461132050,14844.994,631.3344,CLICK,1
1772342900.466096878,14849.959,662.2918,CLICK,1
1772342900.473681927,14857.544,597.5101,CLICK,1
1772342900.477341890,14861.204,614.5062,CLICK,1
1772342900.486294031,14870.156,681.6358,CLICK,1
1772342900.490120888,14873.983,616.9663,CLICK,1
1772342900.497730017,14881.592,588.6533,CLICK,1
1772342900.502623081,14886.486,668.1043,CLICK,1
1772342900.510210991,14894.073,612.3483,CLICK,1
1772342900.515171051,14899.033,553.7357,CLICK,1
1772342900.522786140,14906.648,620.6038,CLICK,1
1772342900.526597977,14910.460,599.7276,CLICK,1
1772342900.535305023,14919.167,518.7930,CLICK,1
1772342900.539189100,14923.051,545.5370,CLICK,1
1772342900.547852039,14931.714,558.7709,CLICK,1
1772342900.551666975,14935.529,527.3584,CLICK,1
1772342900.559262037,14943.125,559.9065,CLICK,1
1772342900.564377069,14948.239,631.0851,CLICK,1
1772342900.571969032,14955.832,584.0062,CLICK,1
1772342900.575783968,14959.646,567.3967,CLICK,1
1772342900.584634781,14968.497,646.1241,CLICK,1
1772342900.588531971,14972.394,618.4806,CLICK,1
1772342900.596130133,14979.992,559.6798,CLICK,1
1772342900.601063967,14984.926,618.9042,CLICK,1
1772342900.608767986,14992.630,614.1430,CLICK,1
1772342900.612639904,14996.502,530.2744,CLICK,1
1772342900.621582031,15005.445,552.9209,CLICK,1
1772342900.625326157,15009.188,563.4451,CLICK,1
1772342900.632913828,15016.776,487.5561,CLICK,1
1772342900.637900114,15021.762,489.1817,CLICK,1
1772342900.645545006,15029.407,545.7364,CLICK,1
1772342900.649423122,15033.285,479.7879,CLICK,1
1772342900.658127785,15041.990,457.5451,CLICK,1
1772342900.661947966,15045.810,520.0326,CLICK,1
1772342900.670857906,15054.720,489.7639,CLICK,1
1772342900.674734116,15058.596,474.5838,CLICK,1
1772342900.682399035,15066.261,527.0390,CLICK,1
1772342900.686246872,15070.109,522.8613,CLICK,1
1772342900.695127010,15078.989,439.7048,CLICK,1
1772342900.698953867,15082.816,489.6742,CLICK,1
1772342900.706552029,15090.414,520.1325,CLICK,1
1772342900.711653948,15095.516,447.6498,CLICK,1
1772342900.719027042,15102.889,447.0322,CLICK,1
1772342900.723969936,15107.832,490.4818,CLICK,1
1772342900.731578112,15115.440,451.4815,CLICK,1
1772342900.735328913,15119.191,417.2102,CLICK,1
1772342900.744131088,15127.993,480.2168,CLICK,1
1772342900.747963905,15131.826,447.4955,CLICK,1
1772342900.756792068,15140.654,431.7406,CLICK,1
1772342900.760669947,15144.532,491.8548,CLICK,1
1772342900.768068075,15151.930,469.9267,CLICK,1
1772342900.773144007,15157.006,434.5760,CLICK,1
1772342900.780797005,15164.660,501.0724,CLICK,1
1772342900.784689903,15168.552,523.4011,CLICK,1
1772342900.793591022,15177.453,461.1215,CLICK,1
1772342900.797593117,15181.455,467.3283,CLICK,1
1772342900.805207014,15189.069,591.2856,CLICK,1
1772342900.809984922,15193.848,535.7726,CLICK,1
1772342900.817638874,15201.501,540.1885,CLICK,1
1772342900.821572065,15205.434,606.3892,CLICK,1
1772342900.830458164,15214.321,554.7459,CLICK,1
1772342900.834277868,15218.140,501.0509,CLICK,1
1772342900.841890097,15225.752,542.9374,CLICK,1
1772342900.846991777,15230.854,530.6481,CLICK,1
1772342900.854700089,15238.562,461.4110,CLICK,1
1772342900.858532190,15242.394,502.9022,CLICK,1
1772342900.867462873,15251.325,541.3874,CLICK,1
1772342900.871290922,15255.153,475.7192,CLICK,1
1772342900.878908873,15262.771,463.8288,CLICK,1
1772342900.882783890,15266.646,539.5607,CLICK,1
1772342900.891769171,15275.631,486.4643,CLICK,1
1772342900.895645857,15279.508,474.2242,CLICK,1
1772342900.903222084,15287.084,556.9357,CLICK,1
1772342900.908311129,15292.173,521.0879,CLICK,1
1772342900.915974855,15299.837,471.6694,CLICK,1
1772342900.919847012,15303.710,522.3617,CLICK,1
1772342900.928925037,15312.787,517.5467,CLICK,1
1772342900.932818890,15316.681,453.5544,CLICK,1
1772342900.940433979,15324.296,500.1363,CLICK,1
1772342900.944270134,15328.132,521.6962,CLICK,1
1772342900.953219175,15337.081,447.8733,CLICK,1
1772342900.957118034,15340.981,452.2922,CLICK,1
1772342900.964807987,15348.670,509.0460,CLICK,1
1772342900.968776941,15352.639,451.4505,CLICK,1
1772342900.977650881,15361.513,431.3267,CLICK,1
1772342900.981518030,15365.380,499.2153,CLICK,1
1772342900.989228010,15373.090,492.9771,CLICK,1
1772342900.994395971,15378.258,428.8027,CLICK,1
1772342901.002266169,15386.128,496.3948,CLICK,1
1772342901.006093979,15389.956,454.9465,CLICK,1
1772342901.014984846,15398.847,375.5796,CLICK,1
1772342901.018867016,15402.729,456.6901,CLICK,1
1772342901.026628017,15410.490,462.8241,CLICK,1
1772342901.030519962,15414.382,363.9104,CLICK,1
1772342901.039454937,15423.317,332.8270,CLICK,1
1772342901.043269157,15427.131,397.9530,CLICK,1
1772342901.050921917,15434.784,368.4223,CLICK,1
1772342901.054800987,15438.663,330.7305,CLICK,1
1772342901.063802958,15447.665,419.8987,CLICK,1
1772342901.067686796,15451.549,406.8054,CLICK,1
1772342901.075305939,15459.168,356.6611,CLICK,1
1772342901.080377102,15464.239,431.2044,CLICK,1
1772342901.088070869,15471.933,440.2976,CLICK,1
1772342901.091957092,15475.819,359.6958,CLICK,1
1772342901.100919008,15484.781,371.8963,CLICK,1
1772342901.104748011,15488.610,435.5239,CLICK,1
1772342901.112368107,15496.231,366.6834,CLICK,1
1772342901.116186142,15500.048,401.2223,CLICK,1
1772342901.125157833,15509.020,463.9049,CLICK,1
1772342901.129040956,15512.903,409.3177,CLICK,1
1772342901.136752129,15520.614,396.3036,CLICK,1
1772342901.141861916,15525.725,480.4766,CLICK,1
1772342901.149462938,15533.325,503.0740,CLICK,1
1772342901.153336048,15537.198,473.9748,CLICK,1
1772342901.162326097,15546.188,521.1089,CLICK,1
1772342901.166209936,15550.072,494.2574,CLICK,1
1772342901.173919916,15557.782,428.4637,CLICK,1
1772342901.177748919,15561.611,499.3701,CLICK,1
1772342901.186634064,15570.496,535.3029,CLICK,1
1772342901.190522194,15574.384,430.6174,CLICK,1
1772342901.198229074,15582.092,382.9528,CLICK,1
1772342901.203387976,15587.251,416.3662,CLICK,1
1772342901.211079836,15594.942,371.9286,CLICK,1
1772342901.214896202,15598.758,366.1601,CLICK,1
1772342901.223832130,15607.695,461.9506,CLICK,1
1772342901.227717876,15611.580,465.4807,CLICK,1
1772342901.235408783,15619.272,440.6236,CLICK,1
1772342901.239288092,15623.150,538.6201,CLICK,1
1772342901.248178005,15632.041,531.5320,CLICK,1
1772342901.252002954,15635.865,429.2170,CLICK,1
1772342901.260740042,15644.602,468.7886,CLICK,1
1772342901.264621019,15648.483,514.3802,CLICK,1
1772342901.272285938,15656.148,430.5688,CLICK,1
1772342901.276125908,15659.988,488.5191,CLICK,1
1772342901.284976959,15668.839,502.3021,CLICK,1
1772342901.288803101,15672.665,440.7061,CLICK,1
1772342901.296500921,15680.364,431.1868,CLICK,1
1772342901.301638842,15685.501,471.3921,CLICK,1
1772342901.309366941,15693.229,451.4693,CLICK,1
1772342901.313142061,15697.004,431.2062,CLICK,1
1772342901.321989059,15705.851,496.5402,CLICK,1
1772342901.325872183,15709.734,543.2714,CLICK,1
1772342901.333558083,15717.420,462.6562,CLICK,1
1772342901.337406874,15721.269,473.2360,CLICK,1
1772342901.346327066,15730.190,503.2668,CLICK,1
1772342901.350171804,15734.034,462.7885,CLICK,1
1772342901.359117985,15742.980,518.8570,CLICK,1
1772342901.362973928,15746.836,575.6330,CLICK,1
1772342901.370615005,15754.478,531.6292,CLICK,1
1772342901.378155947,15762.018,491.1847,CLICK,1
1772342901.383306980,15767.169,566.5311,CLICK,1
1772342901.390471935,15774.334,520.6069,CLICK,1
1772342901.395578146,15779.440,456.2525,CLICK,1
1772342901.402739048,15786.602,498.8197,CLICK,1
1772342901.407836914,15791.699,503.1345,CLICK,1
1772342901.415029049,15798.891,412.9693,CLICK,1
1772342901.420108080,15803.970,472.8289,CLICK,1
1772342901.427304983,15811.167,510.9019,CLICK,1
1772342901.432384968,15816.247,442.0885,CLICK,1
1772342901.439557076,15823.419,418.5227,CLICK,1
1772342901.444667816,15828.530,498.9046,CLICK,1
1772342901.451845169,15835.707,466.7670,CLICK,1
1772342901.456928968,15840.791,441.9674,CLICK,1
1772342901.464201927,15848.065,538.4827,CLICK,1
1772342901.469339848,15853.202,513.1226,CLICK,1
1772342901.476512909,15860.375,469.5220,CLICK,1
1772342901.481617928,15865.480,549.5459,CLICK,1
1772342901.488756895,15872.619,590.5274,CLICK,1
1772342901.493834019,15877.696,497.5325,CLICK,1
1772342901.501075029,15884.938,524.2029,CLICK,1
1772342901.506162882,15890.025,567.0499,CLICK,1
1772342901.513316154,15897.178,495.2381,CLICK,1
1772342901.518469810,15902.332,531.8929,CLICK,1
1772342901.525638819,15909.502,547.7518,CLICK,1
1772342901.530736208,15914.598,491.5191,CLICK,1
1772342901.538010120,15921.872,490.2338,CLICK,1
1772342901.543202162,15927.064,570.3257,CLICK,1
1772342901.550213099,15934.076,560.7183,CLICK,1
1772342901.555322170,15939.184,518.2696,CLICK,1
1772342901.562506914,15946.369,552.8326,CLICK,1
1772342901.567685127,15951.548,559.7460,CLICK,1
1772342901.574821234,15958.683,460.6341,CLICK,1
1772342901.579982042,15963.844,501.6198,CLICK,1
1772342901.587069035,15970.931,555.7283,CLICK,1
1772342901.592141151,15976.003,494.2037,CLICK,1
1772342901.599395037,15983.257,480.3453,CLICK,1
1772342901.604330063,15988.192,531.9586,CLICK,1
1772342901.611717939,15995.580,482.2857,CLICK,1
1772342901.616878033,16000.740,485.4058,CLICK,1
1772342901.623931885,16007.795,552.3751,CLICK,1
1772342901.629027128,16012.889,533.5095,CLICK,1
1772342901.636350870,16020.213,502.5830,CLICK,1
1772342901.641483068,16025.346,555.6787,CLICK,1
1772342901.648542881,16032.405,535.7879,CLICK,1
1772342901.653666973,16037.529,465.4218,CLICK,1
1772342901.660830975,16044.694,521.7968,CLICK,1
1772342901.665906906,16049.770,568.1518,CLICK,1
1772342901.673172951,16057.036,507.7306,CLICK,1
1772342901.678189039,16062.051,494.4777,CLICK,1
1772342901.685465097,16069.327,585.5218,CLICK,1
1772342901.690654993,16074.517,548.6291,CLICK,1
1772342901.697712183,16081.574,534.7836,CLICK,1
1772342901.702750921,16086.613,600.4839,CLICK,1
1772342901.709985971,16093.849,572.4513,CLICK,1
1772342901.715143919,16099.006,501.7760,CLICK,1
1772342901.722398996,16106.261,493.3226,CLICK,1
1772342901.727502108,16111.364,477.5569,CLICK,1
1772342901.734563112,16118.425,404.0257,CLICK,1
1772342901.739717007,16123.579,446.3489,CLICK,1
1772342901.746942997,16130.805,464.9726,CLICK,1
1772342901.752087116,16135.949,419.8180,CLICK,1
1772342901.759118080,16142.981,460.1874,CLICK,1
1772342901.764203072,16148.065,513.0616,CLICK,1
1772342901.771518946,16155.381,457.1303,CLICK,1
1772342901.776688814,16160.551,456.5524,CLICK,1
1772342901.783801079,16167.663,510.6361,CLICK,1
1772342901.788970947,16172.833,506.8243,CLICK,1
1772342901.795982122,16179.844,452.5122,CLICK,1
1772342901.801069975,16184.932,482.4671,CLICK,1
1772342901.808420181,16192.282,475.1520,CLICK,1
1772342901.813583851,16197.446,437.7760,CLICK,1
1772342901.820680857,16204.543,459.5288,CLICK,1
1772342901.825845003,16209.707,515.4425,CLICK,1
1772342901.832830906,16216.693,453.0113,CLICK,1
1772342901.837703943,16221.566,453.8697,CLICK,1
1772342901.845253944,16229.116,534.6492,CLICK,1
1772342901.850414038,16234.276,501.8997,CLICK,1
1772342901.857523918,16241.387,422.5210,CLICK,1
1772342901.862646103,16246.508,460.6378,CLICK,1
1772342901.869744778,16253.608,439.5516,CLICK,1
1772342901.874853134,16258.715,423.7460,CLICK,1
1772342901.882108927,16265.971,497.0154,CLICK,1
1772342901.887270927,16271.133,464.4016,CLICK,1
1772342901.894391060,16278.253,410.7690,CLICK,1
1772342901.899484873,16283.347,454.1132,CLICK,1
1772342901.906600952,16290.463,498.1411,CLICK,1
1772342901.911527872,16295.390,475.1112,CLICK,1
1772342901.918945074,16302.807,462.6052,CLICK,1
1772342901.924163103,16308.025,527.9588,CLICK,1
1772342901.931154966,16315.018,494.5805,CLICK,1
1772342901.936163187,16320.026,452.7025,CLICK,1
1772342901.943506956,16327.369,545.3936,CLICK,1
1772342901.948666811,16332.529,469.7204,CLICK,1
1772342901.955859900,16339.722,398.5471,CLICK,1
1772342901.961017132,16344.879,452.7992,CLICK,1
1772342901.968079090,16351.941,476.2817,CLICK,1
1772342901.973154068,16357.017,415.9572,CLICK,1
1772342901.980443954,16364.306,452.6299,CLICK,1
1772342901.985620022,16369.482,482.6975,CLICK,1
1772342901.992671013,16376.533,440.9183,CLICK,1
1772342901.997836113,16381.698,435.4454,CLICK,1
1772342902.004942179,16388.804,496.2472,CLICK,1
1772342902.010025024,16393.887,418.0200,CLICK,1
1772342902.017221212,16401.083,426.1648,CLICK,1
1772342902.022420883,16406.283,501.3034,CLICK,1
1772342902.029549122,16413.411,496.4020,CLICK,1
1772342902.034673929,16418.536,521.9276,CLICK,1
1772342902.041807890,16425.670,526.6915,CLICK,1
1772342902.046943903,16430.806,469.8287,CLICK,1
1772342902.054106951,16437.969,386.5516,CLICK,1
1772342902.059266090,16443.128,424.0936,CLICK,1
1772342902.066369057,16450.231,472.6106,CLICK,1
1772342902.071448088,16455.310,435.9356,CLICK,1
1772342902.078673840,16462.536,454.3938,CLICK,1
1772342902.083828926,16467.691,513.4560,CLICK,1
1772342902.091002226,16474.864,476.2916,CLICK,1
1772342902.096133947,16479.997,450.8367,CLICK,1
1772342902.103662014,16487.524,537.2807,CLICK,1
1772342902.107480049,16491.342,516.1678,CLICK,1
1772342902.116388083,16500.250,476.7436,CLICK,1
1772342902.120352030,16504.214,538.5167,CLICK,1
1772342902.128062010,16511.925,549.7592,CLICK,1
1772342902.131948948,16515.811,468.9322,CLICK,1
1772342902.140764952,16524.627,493.3509,CLICK,1
1772342902.144581795,16528.444,541.7658,CLICK,1
1772342902.153537989,16537.400,474.7359,CLICK,1
1772342902.157433033,16541.295,482.2089,CLICK,1
1772342902.165142059,16549.004,505.7271,CLICK,1
1772342902.169042826,16552.905,469.7877,CLICK,1
1772342902.177768946,16561.632,435.1053,CLICK,1
1772342902.181581974,16565.444,505.5209,CLICK,1
1772342902.190248966,16574.111,519.9303,CLICK,1
1772342902.194035053,16577.897,510.5257,CLICK,1
1772342902.201743841,16585.606,580.7266,CLICK,1
1772342902.206731081,16590.593,615.1141,CLICK,1
1772342902.214335918,16598.198,526.2824,CLICK,1
1772342902.218147993,16602.010,567.3792,CLICK,1
1772342902.227190018,16611.052,596.6640,CLICK,1
1772342902.231077194,16614.939,528.5354,CLICK,1
1772342902.238789797,16622.652,484.9845,CLICK,1
1772342902.242611885,16626.474,565.0523,CLICK,1
1772342902.251462936,16635.325,480.7489,CLICK,1
1772342902.255275965,16639.138,472.6507,CLICK,1
1772342902.264072895,16647.935,559.4364,CLICK,1
1772342902.267770052,16651.632,547.7125,CLICK,1
1772342902.275424957,16659.287,501.1205,CLICK,1
1772342902.280498028,16664.360,589.1807,CLICK,1
1772342902.288141966,16672.004,624.6675,CLICK,1
1772342902.292031050,16675.893,534.6678,CLICK,1
1772342902.301015139,16684.877,586.3402,CLICK,1
1772342902.304880857,16688.743,646.5455,CLICK,1
1772342902.312525034,16696.387,596.9494,CLICK,1
1772342902.316344023,16700.206,558.2890,CLICK,1
1772342902.325345039,16709.207,528.0798,CLICK,1
1772342902.329247952,16713.110,478.8759,CLICK,1
1772342902.336955786,16720.818,455.7956,CLICK,1
1772342902.340841055,16724.703,473.7536,CLICK,1
1772342902.349704027,16733.566,439.2340,CLICK,1
1772342902.353580952,16737.443,389.1388,CLICK,1
1772342902.361295938,16745.158,483.8654,CLICK,1
1772342902.366463900,16750.326,506.3184,CLICK,1
1772342902.374171972,16758.034,458.6938,CLICK,1
1772342902.378020048,16761.882,474.0734,CLICK,1
1772342902.386872053,16770.734,518.4091,CLICK,1
1772342902.390755177,16774.617,478.3645,CLICK,1
1772342902.398458958,16782.321,470.8312,CLICK,1
1772342902.402341843,16786.205,520.0215,CLICK,1
1772342902.411300182,16795.162,472.9798,CLICK,1
1772342902.415113926,16798.976,451.6899,CLICK,1
1772342902.424073935,16807.936,504.1489,CLICK,1
1772342902.427964926,16811.827,484.4711,CLICK,1
1772342902.435674906,16819.537,429.6534,CLICK,1
1772342902.439570904,16823.433,493.6960,CLICK,1
1772342902.447412014,16831.274,511.8943,CLICK,1
1772342902.452324152,16836.186,433.6175,CLICK,1
1772342902.459997892,16843.860,443.2567,CLICK,1
1772342902.463886023,16847.748,480.8475,CLICK,1
1772342902.472863913,16856.726,442.5850,CLICK,1
1772342902.476747990,16860.610,425.2470,CLICK,1
1772342902.485188007,16869.050,490.5700,CLICK,1
1772342902.489002943,16872.865,468.3186,CLICK,1
1772342902.496625900,16880.489,402.4477,CLICK,1
1772342902.500511885,16884.374,469.5249,CLICK,1
1772342902.509495974,16893.358,451.5863,CLICK,1
1772342902.513386011,16897.248,394.8800,CLICK,1
1772342902.522267818,16906.130,463.7565,CLICK,1
1772342902.526082993,16909.945,467.8769,CLICK,1
1772342902.533677101,16917.539,410.3792,CLICK,1
1772342902.537559032,16921.421,423.5861,CLICK,1
1772342902.546532154,16930.394,445.6221,CLICK,1
1772342902.550380945,16934.243,422.9924,CLICK,1
1772342902.557991982,16941.854,422.9668,CLICK,1
1772342902.563117981,16946.980,514.6559,CLICK,1
1772342902.570833921,16954.696,461.3950,CLICK,1
1772342902.574714184,16958.577,422.8162,CLICK,1
1772342902.583627939,16967.490,509.1029,CLICK,1
1772342902.587445021,16971.307,504.3901,CLICK,1
1772342902.595055103,16978.917,464.0414,CLICK,1
1772342902.598943949,16982.807,536.2319,CLICK,1
1772342902.607909918,16991.772,522.8487,CLICK,1
1772342902.611791849,16995.655,462.0377,CLICK,1
1772342902.620280027,17004.142,490.1866,CLICK,1
1772342902.624104977,17007.967,543.9766,CLICK,1
1772342902.631759167,17015.621,482.6090,CLICK,1
1772342902.636932135,17020.794,456.6326,CLICK,1
1772342902.644649982,17028.512,542.2315,CLICK,1
1772342902.648531914,17032.395,498.6936,CLICK,1
1772342902.657299995,17041.163,475.9984,CLICK,1
1772342902.660782099,17044.644,526.3728,CLICK,1
1772342902.669615030,17053.477,505.4168,CLICK,1
1772342902.673532963,17057.395,467.0530,CLICK,1
1772342902.681185961,17065.048,515.6676,CLICK,1
1772342902.686068058,17069.930,513.7877,CLICK,1
1772342902.693679094,17077.541,443.9812,CLICK,1
1772342902.697418928,17081.281,470.6199,CLICK,1
1772342902.705762148,17089.624,510.4898,CLICK,1
1772342902.709388018,17093.250,449.3008,CLICK,1
1772342902.718272924,17102.135,454.7514,CLICK,1
1772342902.722148180,17106.010,540.3253,CLICK,1
1772342902.731073141,17114.935,523.9624,CLICK,1
1772342902.734896183,17118.758,512.1256,CLICK,1
1772342902.742493868,17126.356,520.8965,CLICK,1
1772342902.746336937,17130.200,508.8674,CLICK,1
1772342902.755220890,17139.083,448.4003,CLICK,1
1772342902.758938789,17142.801,501.7153,CLICK,1
1772342902.767674923,17151.538,524.8831,CLICK,1
1772342902.771569967,17155.432,448.8775,CLICK,1
1772342902.779260874,17163.123,461.5289,CLICK,1
1772342902.783141136,17167.003,507.6440,CLICK,1
1772342902.792053938,17175.916,433.4291,CLICK,1
1772342902.795867920,17179.730,445.1047,CLICK,1
1772342902.804763794,17188.626,506.5969,CLICK,1
1772342902.808645010,17192.507,444.3237,CLICK,1
1772342902.816295862,17200.158,412.9310,CLICK,1
1772342902.820204020,17204.066,476.7142,CLICK,1
1772342902.829081059,17212.943,470.3677,CLICK,1
1772342902.832893848,17216.756,427.1386,CLICK,1
1772342902.840584040,17224.446,480.3846,CLICK,1
1772342902.845746994,17229.610,539.1386,CLICK,1
1772342902.853424788,17237.287,487.3892,CLICK,1
1772342902.857287884,17241.150,472.7413,CLICK,1
1772342902.866153002,17250.015,508.0928,CLICK,1
1772342902.869843960,17253.706,487.0654,CLICK,1
1772342902.877557993,17261.420,479.7595,CLICK,1
1772342902.882790804,17266.653,551.0504,CLICK,1
1772342902.890502930,17274.365,526.0943,CLICK,1
1772342902.894356966,17278.219,493.9722,CLICK,1
1772342902.901951075,17285.813,556.4743,CLICK,1
1772342902.907086134,17290.948,523.2791,CLICK,1
1772342902.914566994,17298.429,461.4384,CLICK,1
1772342902.919625044,17303.487,548.6380,CLICK,1
1772342902.927346945,17311.209,530.4328,CLICK,1
1772342902.931163788,17315.026,453.1454,CLICK,1
1772342902.940147877,17324.010,476.9772,CLICK,1
1772342902.944034100,17327.896,517.6670,CLICK,1
1772342902.951738119,17335.600,437.2261,CLICK,1
1772342902.955621958,17339.484,441.8206,CLICK,1
1772342902.964489937,17348.352,507.6704,CLICK,1
1772342902.968305826,17352.168,467.0334,CLICK,1
1772342902.975983143,17359.845,433.1315,CLICK,1
1772342902.979872942,17363.735,500.4290,CLICK,1
1772342902.988848209,17372.710,486.0796,CLICK,1
1772342902.992724895,17376.587,473.4036,CLICK,1
1772342903.001499891,17385.362,534.8765,CLICK,1
1772342903.005314112,17389.176,558.9592,CLICK,1
1772342903.013029099,17396.891,470.7116,CLICK,1
1772342903.016911983,17400.774,475.7609,CLICK,1
1772342903.025925875,17409.788,517.6296,CLICK,1
1772342903.029757977,17413.620,422.3369,CLICK,1
1772342903.037348032,17421.210,464.4143,CLICK,1
1772342903.042268991,17426.131,483.7329,CLICK,1
1772342903.049850225,17433.712,431.2238,CLICK,1
1772342903.053689003,17437.551,416.9236,CLICK,1
1772342903.062680006,17446.542,508.7305,CLICK,1
1772342903.066501856,17450.364,497.1565,CLICK,1
1772342903.074087858,17457.950,436.8288,CLICK,1
1772342903.079067945,17462.930,488.8102,CLICK,1
1772342903.086778879,17470.641,513.9900,CLICK,1
1772342903.090659142,17474.521,449.9733,CLICK,1
1772342903.099606991,17483.469,469.5008,CLICK,1
1772342903.103422880,17487.285,503.6519,CLICK,1
1772342903.112172127,17496.034,427.2749,CLICK,1
1772342903.116060019,17499.922,416.5700,CLICK,1
1772342903.123764992,17507.627,482.3035,CLICK,1
1772342903.127652168,17511.514,399.8259,CLICK,1
1772342903.136451006,17520.313,395.5656,CLICK,1
1772342903.140265942,17524.128,454.6626,CLICK,1
1772342903.147736073,17531.599,459.1736,CLICK,1
1772342903.152887106,17536.749,409.1353,CLICK,1
1772342903.160604000,17544.466,505.4052,CLICK,1
1772342903.164468050,17548.330,522.7564,CLICK,1
1772342903.173357010,17557.219,438.3953,CLICK,1
1772342903.177170038,17561.033,455.2932,CLICK,1
1772342903.184870005,17568.732,514.6784,CLICK,1
1772342903.188760042,17572.622,464.0009,CLICK,1
1772342903.197746992,17581.609,471.1479,CLICK,1
1772342903.201569080,17585.431,557.4067,CLICK,1
1772342903.209161997,17593.024,552.7402,CLICK,1
1772342903.214234114,17598.096,540.2318,CLICK,1
1772342903.221947908,17605.810,612.0113,CLICK,1
1772342903.225824118,17609.686,563.1654,CLICK,1
1772342903.234540939,17618.403,502.9165,CLICK,1
1772342903.238367081,17622.230,546.4079,CLICK,1
1772342903.247272015,17631.134,567.8225,CLICK,1
1772342903.251143932,17635.006,474.7275,CLICK,1
1772342903.258843899,17642.706,501.1481,CLICK,1
1772342903.262735844,17646.598,576.4096,CLICK,1
1772342903.271628141,17655.490,511.1993,CLICK,1
1772342903.275442839,17659.305,522.0859,CLICK,1
1772342903.283089876,17666.952,599.7321,CLICK,1
1772342903.286973000,17670.835,570.0581,CLICK,1
1772342903.295950174,17679.812,507.3781,CLICK,1
1772342903.299833059,17683.695,564.5973,CLICK,1
1772342903.307465076,17691.327,567.1255,CLICK,1
1772342903.312537193,17696.399,526.1868,CLICK,1
1772342903.320112228,17703.974,564.4549,CLICK,1
1772342903.324029922,17707.892,569.1331,CLICK,1
1772342903.332986116,17716.848,510.5428,CLICK,1
1772342903.336870909,17720.733,534.3354,CLICK,1
1772342903.344460011,17728.322,579.1699,CLICK,1
1772342903.349531889,17733.394,528.9151,CLICK,1
1772342903.357232094,17741.094,519.5878,CLICK,1
1772342903.360988855,17744.851,552.2325,CLICK,1
1772342903.369964123,17753.826,497.6602,CLICK,1
1772342903.373774052,17757.636,454.2185,CLICK,1
1772342903.381363869,17765.226,538.5172,CLICK,1
1772342903.386591911,17770.455,530.0897,CLICK,1
1772342903.394300938,17778.163,472.4850,CLICK,1
1772342903.398183823,17782.046,534.6560,CLICK,1
1772342903.405883789,17789.746,567.7120,CLICK,1
1772342903.410979033,17794.841,538.8289,CLICK,1
1772342903.418544054,17802.406,521.2907,CLICK,1
1772342903.422437906,17806.300,563.2100,CLICK,1
1772342903.431335926,17815.198,488.7007,CLICK,1
1772342903.435192108,17819.054,469.7679,CLICK,1
1772342903.442795992,17826.658,519.5498,CLICK,1
1772342903.447933912,17831.797,446.4981,CLICK,1
1772342903.455543041,17839.406,429.5433,CLICK,1
1772342903.459376097,17843.238,507.0034,CLICK,1
1772342903.468234062,17852.096,485.1044,CLICK,1
1772342903.472049952,17855.912,420.7439,CLICK,1
1772342903.479792833,17863.655,453.8926,CLICK,1
1772342903.483632803,17867.495,470.9087,CLICK,1
1772342903.492261171,17876.123,411.9174,CLICK,1
1772342903.495932817,17879.796,445.7137,CLICK,1
1772342903.504694939,17888.557,499.3742,CLICK,1
1772342903.508511066,17892.373,468.8223,CLICK,1
1772342903.517199755,17901.062,511.8887,CLICK,1
1772342903.521061182,17904.923,547.3880,CLICK,1
1772342903.528601170,17912.463,516.6246,CLICK,1
1772342903.533690214,17917.552,459.5349,CLICK,1
1772342903.541338205,17925.200,516.0165,CLICK,1
1772342903.545498848,17929.361,472.8999,CLICK,1
1772342903.553344965,17937.207,399.1204,CLICK,1
1772342903.557242155,17941.105,437.6856,CLICK,1
1772342903.565991879,17949.854,450.3306,CLICK,1
1772342903.569876909,17953.739,398.5429,CLICK,1
1772342903.578166962,17962.029,428.9333,CLICK,1
1772342903.582042217,17965.905,480.2308,CLICK,1
1772342903.590951920,17974.816,439.7846,CLICK,1
1772342903.594810009,17978.672,429.6147,CLICK,1
1772342903.602479219,17986.341,504.7489,CLICK,1
1772342903.606351852,17990.214,457.3703,CLICK,1
1772342903.615141153,17999.003,397.4001,CLICK,1
1772342903.618973970,18002.836,505.0994,CLICK,1
1772342903.627931833,18011.794,520.2526,CLICK,1
1772342903.631770849,18015.633,447.3703,CLICK,1
1772342903.639362097,18023.224,507.0358,CLICK,1
1772342903.644284010,18028.146,498.5545,CLICK,1
1772342903.651889801,18035.752,435.9622,CLICK,1
1772342903.655709982,18039.573,476.1290,CLICK,1
1772342903.664556980,18048.419,567.5653,CLICK,1
1772342903.668368816,18052.231,544.0907,CLICK,1
1772342903.677224874,18061.087,498.7394,CLICK,1
1772342903.681131124,18064.993,522.4944,CLICK,1
1772342903.688736916,18072.599,514.1453,CLICK,1
1772342903.692558050,18076.420,486.4397,CLICK,1
1772342903.701420069,18085.283,537.5140,CLICK,1
1772342903.705235004,18089.097,519.4530,CLICK,1
1772342903.714154005,18098.016,465.8941,CLICK,1
1772342903.720942020,18104.805,487.2191,CLICK,1
1772342903.726027966,18109.890,479.7392,CLICK,1
1772342903.733264923,18117.127,405.8385,CLICK,1
1772342903.738337994,18122.200,440.2557,CLICK,1
1772342903.745519161,18129.381,489.8625,CLICK,1
1772342903.750609875,18134.472,398.7068,CLICK,1
1772342903.757782936,18141.645,374.1561,CLICK,1
1772342903.762871981,18146.734,446.9354,CLICK,1
1772342903.770076990,18153.939,422.8718,CLICK,1
1772342903.775160074,18159.022,384.9531,CLICK,1
1772342903.782378912,18166.241,477.5551,CLICK,1
1772342903.787463903,18171.326,503.3459,CLICK,1
1772342903.794649124,18178.511,434.8703,CLICK,1
1772342903.799729824,18183.592,478.4912,CLICK,1
1772342903.807014942,18190.877,522.9182,CLICK,1
1772342903.812093973,18195.956,494.9281,CLICK,1
1772342903.819308043,18203.170,521.5157,CLICK,1
1772342903.824434996,18208.297,568.6102,CLICK,1
1772342903.831530094,18215.392,473.5608,CLICK,1
1772342903.836618900,18220.481,469.9814,CLICK,1
1772342903.843838930,18227.701,563.5279,CLICK,1
1772342903.848910093,18232.772,509.3913,CLICK,1
1772342903.856103897,18239.966,479.9967,CLICK,1
1772342903.861189127,18245.051,550.5977,CLICK,1
1772342903.868391991,18252.254,580.7837,CLICK,1
1772342903.873471022,18257.333,480.3105,CLICK,1
1772342903.880744934,18264.607,509.1011,CLICK,1
1772342903.885808945,18269.671,490.6593,CLICK,1
1772342903.893002033,18276.864,424.6033,CLICK,1
1772342903.898087025,18281.950,464.4412,CLICK,1
1772342903.905316114,18289.178,486.8174,CLICK,1
1772342903.910393000,18294.255,399.6079,CLICK,1
1772342903.917589903,18301.452,421.3046,CLICK,1
1772342903.922711134,18306.573,488.9949,CLICK,1
1772342903.929832935,18313.696,446.5526,CLICK,1
1772342903.934915066,18318.777,416.0594,CLICK,1
1772342903.942150831,18326.013,487.8453,CLICK,1
1772342903.947226048,18331.088,465.4544,CLICK,1
1772342903.954525948,18338.388,440.5773,CLICK,1
1772342903.959403038,18343.265,547.6376,CLICK,1
1772342903.966675997,18350.538,534.2746,CLICK,1
1772342903.971821070,18355.683,443.8406,CLICK,1
1772342903.979079008,18362.941,449.9576,CLICK,1
1772342903.984248161,18368.110,508.5475,CLICK,1
1772342903.991294861,18375.157,439.1674,CLICK,1
1772342903.996368885,18380.231,468.4508,CLICK,1
1772342904.003694057,18387.556,509.8461,CLICK,1
1772342904.008832932,18392.695,438.0312,CLICK,1
1772342904.015919209,18399.781,388.9406,CLICK,1
1772342904.021071911,18404.934,456.8004,CLICK,1
1772342904.028164148,18412.026,451.7817,CLICK,1
1772342904.033240080,18417.102,400.5549,CLICK,1
1772342904.040555954,18424.418,455.0360,CLICK,1
1772342904.045717001,18429.579,487.2043,CLICK,1
1772342904.052820921,18436.683,428.6944,CLICK,1
1772342904.057971001,18441.833,461.8154,CLICK,1
1772342904.065053940,18448.916,505.8055,CLICK,1
1772342904.070124149,18453.986,457.2471,CLICK,1
1772342904.077375889,18461.239,425.3669,CLICK,1
1772342904.082319975,18466.182,484.6927,CLICK,1
1772342904.089742184,18473.604,443.4305,CLICK,1
1772342904.094801903,18478.665,407.7303,CLICK,1
1772342904.101948023,18485.810,511.8165,CLICK,1
1772342904.107045174,18490.907,488.1748,CLICK,1
1772342904.114265203,18498.127,439.2190,CLICK,1
1772342904.119410992,18503.273,521.2644,CLICK,1
1772342904.126522779,18510.385,563.0403,CLICK,1
1772342904.131603003,18515.465,481.7683,CLICK,1
1772342904.138837099,18522.699,497.4060,CLICK,1
1772342904.143965006,18527.827,520.9950,CLICK,1
1772342904.151118994,18534.981,489.9606,CLICK,1
1772342904.156231880,18540.094,499.2261,CLICK,1
1772342904.163365841,18547.228,532.9509,CLICK,1
1772342904.168224096,18552.086,490.5601,CLICK,1
1772342904.175713062,18559.575,451.3166,CLICK,1
1772342904.180857182,18564.719,510.7347,CLICK,1
1772342904.187981129,18571.843,516.8633,CLICK,1
1772342904.193146229,18577.008,440.7107,CLICK,1
1772342904.200191021,18584.053,496.3503,CLICK,1
1772342904.205263853,18589.126,532.2162,CLICK,1
1772342904.212622166,18596.484,453.1355,CLICK,1
1772342904.217791080,18601.653,465.6642,CLICK,1
1772342904.224873066,18608.735,544.3145,CLICK,1
1772342904.230027914,18613.890,501.4332,CLICK,1
1772342904.237124205,18620.986,478.2674,CLICK,1
1772342904.242196083,18626.058,540.3484,CLICK,1
1772342904.249487162,18633.349,496.8174,CLICK,1
1772342904.254608870,18638.471,462.7844,CLICK,1
1772342904.261738062,18645.600,518.4088,CLICK,1
1772342904.266745090,18650.607,527.0623,CLICK,1
1772342904.273956060,18657.818,472.9586,CLICK,1
1772342904.279026985,18662.890,477.3827,CLICK,1
1772342904.286331892,18670.194,517.6861,CLICK,1
1772342904.291493177,18675.355,472.8618,CLICK,1
1772342904.298544168,18682.406,481.1637,CLICK,1
1772342904.303634882,18687.497,545.2933,CLICK,1
1772342904.310850143,18694.712,489.0017,CLICK,1
1772342904.315960169,18699.823,458.0733,CLICK,1
1772342904.323199987,18707.062,550.6572,CLICK,1
1772342904.328359842,18712.222,511.5911,CLICK,1
1772342904.335397959,18719.260,460.8406,CLICK,1
1772342904.340473175,18724.335,550.4125,CLICK,1
1772342904.347712994,18731.575,547.8596,CLICK,1
1772342904.352858782,18736.721,478.7493,CLICK,1
1772342904.359994888,18743.857,574.5969,CLICK,1
1772342904.365147829,18749.010,563.2958,CLICK,1
1772342904.372298002,18756.160,504.7870,CLICK,1
1772342904.377320051,18761.182,495.9779,CLICK,1
1772342904.384594917,18768.457,538.3716,CLICK,1
1772342904.389757872,18773.620,485.6156,CLICK,1
1772342904.396855116,18780.717,473.4867,CLICK,1
1772342904.402011871,18785.874,532.2055,CLICK,1
1772342904.409152031,18793.014,513.8621,CLICK,1
1772342904.414223909,18798.086,491.6388,CLICK,1
1772342904.421494961,18805.357,582.3315,CLICK,1
1772342904.426646948,18810.509,579.0297,CLICK,1
1772342904.433701038,18817.563,523.1649,CLICK,1
1772342904.438821077,18822.683,572.8478,REST,0
1772342904.446002960,18829.865,593.2919,REST,0
1772342904.451095104,18834.958,516.4362,REST,0
1772342904.458366871,18842.229,519.9608,REST,0
1772342904.463457108,18847.319,556.9891,REST,0
1772342904.470571041,18854.434,502.2976,REST,0
1772342904.475646019,18859.508,489.4211,REST,0
1772342904.482878923,18866.741,541.2534,REST,0
1772342904.487967968,18871.830,495.7059,REST,0
1772342904.495154858,18879.017,446.4869,REST,0
1772342904.500231981,18884.094,511.2485,REST,0
1772342904.507440805,18891.303,534.7334,REST,0
1772342904.512515068,18896.377,463.4566,REST,0
1772342904.519732952,18903.595,522.5709,REST,0
1772342904.524894953,18908.757,575.4494,REST,0
1772342904.531996012,18915.858,523.5551,REST,0
1772342904.537066936,18920.929,549.8447,REST,0
1772342904.544432878,18928.295,537.3011,REST,0
1772342904.548560858,18932.423,478.5284,REST,0
1772342904.556561947,18940.424,484.8448,REST,0
1772342904.562299967,18946.163,570.3778,REST,0
1772342904.568916082,18952.779,529.9110,REST,0
1772342904.574059010,18957.921,463.4401,REST,0
1772342904.581182957,18965.045,532.9586,REST,0
1772342904.586261034,18970.123,531.2189,REST,0
1772342904.593412161,18977.274,493.1719,REST,0
1772342904.598489046,18982.351,511.5512,REST,0
1772342904.606083155,18989.945,539.0640,REST,0
1772342904.609899998,18993.762,471.6996,REST,0
1772342904.618782043,19002.644,488.1194,REST,0
1772342904.622709036,19006.571,589.8241,REST,0
1772342904.631596088,19015.458,487.1289,REST,0
1772342904.635415077,19019.277,468.1832,REST,0
1772342904.643118143,19026.980,538.2673,REST,0
1772342904.647002220,19030.864,521.2387,REST,0
1772342904.655978918,19039.841,501.2472,REST,0
1772342904.659797907,19043.660,560.5850,REST,0
1772342904.667256117,19051.118,595.8043,REST,0
1772342904.672231913,19056.094,491.5928,REST,0
1772342904.679879904,19063.742,543.9144,REST,0
1772342904.683732033,19067.594,533.4949,REST,0
1772342904.692824125,19076.686,474.5171,REST,0
1772342904.696645975,19080.508,481.8338,REST,0
1772342904.704073906,19087.936,539.7058,REST,0
1772342904.709217072,19093.079,468.7245,REST,0
1772342904.716920137,19100.782,442.0468,REST,0
1772342904.720837831,19104.700,530.5358,REST,0
1772342904.729817152,19113.679,503.1054,REST,0
1772342904.733632088,19117.494,428.8288,REST,0
1772342904.741035938,19124.898,461.5632,REST,0
1772342904.746127844,19129.990,456.1656,REST,0
1772342904.753669977,19137.532,350.2656,REST,0
1772342904.757553816,19141.416,347.3292,REST,0
1772342904.766461849,19150.324,293.7538,REST,0
1772342904.770275116,19154.137,152.2342,REST,0
1772342904.777805090,19161.667,-42.9674,REST,0
1772342904.782960892,19166.823,-195.1773,REST,0
1772342904.790181160,19174.043,-374.0668,REST,0
1772342904.795315981,19179.178,-498.4918,REST,0
1772342904.802340031,19186.202,-446.3902,REST,0
1772342904.807420969,19191.283,-447.9550,REST,0
1772342904.814692020,19198.554,-389.5805,REST,0
1772342904.819859028,19203.721,-265.0673,REST,0
1772342904.826922894,19210.785,-166.5574,REST,0
1772342904.832053900,19215.916,-153.9578,REST,0
1772342904.839642048,19223.504,8.2384,REST,0
1772342904.843514919,19227.377,151.0558,REST,0
1772342904.852357149,19236.220,180.7106,REST,0
1772342904.856250048,19240.112,298.5742,REST,0
1772342904.864174128,19248.037,460.9786,REST,0
1772342904.868007898,19251.870,488.0064,REST,0
1772342904.876899004,19260.761,547.7209,REST,0
1772342904.880768061,19264.630,696.6636,REST,0
1772342904.889562130,19273.424,732.3703,REST,0
1772342904.893440962,19277.303,772.7475,REST,0
1772342904.901067019,19284.929,879.7108,REST,0
1772342904.904883862,19288.746,934.2628,REST,0
1772342904.913791895,19297.654,873.4277,REST,0
1772342904.917674065,19301.536,926.0816,REST,0
1772342904.925431013,19309.293,984.9466,REST,0
1772342904.930603981,19314.466,920.6642,REST,0
1772342904.938272953,19322.135,926.6845,REST,0
1772342904.942087889,19325.951,980.4574,REST,0
1772342904.951027870,19334.890,921.5861,REST,0
1772342904.954936981,19338.799,904.9000,REST,0
1772342904.962646961,19346.509,956.0936,REST,0
1772342904.966536045,19350.398,961.4094,REST,0
1772342904.975397110,19359.259,901.1097,REST,0
1772342904.979209900,19363.072,978.4314,REST,0
1772342904.987792969,19371.655,965.3888,REST,0
1772342904.991466999,19375.329,860.2863,REST,0
1772342904.999190092,19383.052,868.7418,REST,0
1772342905.004130125,19387.992,891.1721,REST,0
1772342905.011736155,19395.598,831.8875,REST,0
1772342905.015403986,19399.266,816.9580,REST,0
1772342905.024185181,19408.047,833.8096,REST,0
1772342905.028070927,19411.933,750.0422,REST,0
1772342905.036971092,19420.833,715.2645,REST,0
1772342905.040769100,19424.631,777.8641,REST,0
1772342905.048359871,19432.222,773.5907,REST,0
1772342905.053575993,19437.438,671.9808,REST,0
1772342905.061294079,19445.157,708.1337,REST,0
1772342905.065175056,19449.037,672.9469,REST,0
1772342905.074066877,19457.929,545.2745,REST,0
1772342905.077883959,19461.746,495.1740,REST,0
1772342905.085540056,19469.402,448.5414,REST,0
1772342905.089417934,19473.280,319.5988,REST,0
1772342905.098381996,19482.244,261.2078,REST,0
1772342905.102258921,19486.121,133.7118,REST,0
1772342905.109863997,19493.726,-104.7142,REST,0
1772342905.113687992,19497.550,-168.2986,REST,0
1772342905.122365952,19506.228,-70.4233,REST,0
1772342905.126116037,19509.978,-93.3611,REST,0
1772342905.135140181,19519.002,-106.8259,REST,0
1772342905.139025927,19522.888,100.8170,REST,0
1772342905.146489143,19530.351,228.1477,REST,0
1772342905.151571035,19535.433,244.3269,REST,0
1772342905.159183025,19543.045,379.4739,REST,0
1772342905.163076162,19546.938,494.1711,REST,0
1772342905.172055960,19555.918,491.1789,REST,0
1772342905.175901890,19559.764,541.6079,REST,0
1772342905.183493853,19567.356,635.3056,REST,0
1772342905.188690901,19572.553,607.0861,REST,0
1772342905.196411848,19580.274,629.3745,REST,0
1772342905.200299978,19584.162,746.2819,REST,0
1772342905.208002090,19591.864,754.7089,REST,0
1772342905.213078976,19596.941,748.8619,REST,0
1772342905.220701933,19604.564,815.6076,REST,0
1772342905.224591970,19608.455,815.4951,REST,0
1772342905.233592987,19617.455,753.1369,REST,0
1772342905.237473011,19621.335,796.8485,REST,0
1772342905.245260954,19629.123,840.9893,REST,0
1772342905.249080181,19632.942,754.6307,REST,0
1772342905.258024931,19641.887,769.8541,REST,0
1772342905.261873960,19645.736,803.9856,REST,0
1772342905.269518137,19653.380,755.9517,REST,0
1772342905.273411036,19657.273,743.8989,REST,0
1772342905.282060146,19665.922,817.4090,REST,0
1772342905.285877943,19669.740,773.9198,REST,0
1772342905.294846058,19678.708,767.8040,REST,0
1772342905.298731089,19682.593,807.8119,REST,0
1772342905.306431055,19690.293,794.8554,REST,0
1772342905.310310841,19694.173,708.3095,REST,0
1772342905.319339991,19703.202,732.2266,REST,0
1772342905.323245049,19707.107,763.5410,REST,0
1772342905.330739975,19714.602,667.9042,REST,0
1772342905.335896969,19719.759,673.3477,REST,0
1772342905.343597174,19727.459,687.6853,REST,0
1772342905.347593069,19731.456,612.7188,REST,0
1772342905.356464863,19740.327,565.0632,REST,0
1772342905.360219955,19744.082,624.8540,REST,0
1772342905.367743015,19751.605,600.8162,REST,0
1772342905.371627092,19755.489,546.3240,REST,0
1772342905.380598068,19764.460,589.8296,REST,0
1772342905.384423018,19768.285,572.2717,REST,0
1772342905.393033028,19776.895,493.6547,REST,0
1772342905.396918058,19780.780,541.2225,REST,0
1772342905.405774117,19789.636,582.2335,REST,0
1772342905.409451008,19793.313,510.6452,REST,0
1772342905.417124033,19800.987,524.4511,REST,0
1772342905.421046972,19804.909,570.9025,REST,0
1772342905.429861784,19813.724,506.7610,REST,0
1772342905.433672905,19817.535,488.1979,REST,0
1772342905.441378117,19825.240,555.2048,REST,0
1772342905.446537018,19830.399,531.5409,REST,0
1772342905.454106808,19837.969,479.7357,REST,0
1772342905.457923174,19841.785,510.5879,REST,0
1772342905.466885090,19850.747,504.7423,REST,0
1772342905.470768213,19854.630,428.9681,REST,0
1772342905.478437901,19862.300,480.8892,REST,0
1772342905.482325077,19866.187,516.4422,REST,0
1772342905.491200924,19875.063,469.4332,REST,0
1772342905.495021105,19878.883,492.1681,REST,0
1772342905.502757072,19886.619,549.6948,REST,0
1772342905.507919073,19891.781,535.3324,REST,0
1772342905.515624046,19899.486,495.6352,REST,0
1772342905.519464016,19903.327,571.5409,REST,0
1772342905.528414965,19912.277,532.1034,REST,0
1772342905.532292128,19916.154,492.8233,REST,0
1772342905.539994955,19923.857,566.6619,REST,0
1772342905.543874979,19927.738,590.8571,REST,0
1772342905.552834988,19936.697,535.0699,REST,0
1772342905.556658030,19940.520,582.5156,REST,0
1772342905.564261913,19948.124,615.6088,REST,0
1772342905.569437027,19953.299,548.3249,REST,0
1772342905.577151060,19961.013,561.5031,REST,0
1772342905.581033945,19964.896,628.3944,REST,0
1772342905.589931965,19973.794,578.8275,REST,0
1772342905.593753099,19977.615,553.8399,REST,0
1772342905.601417065,19985.279,614.7880,REST,0
1772342905.605303049,19989.165,564.5447,REST,0
1772342905.614281893,19998.144,502.6448,REST,0
1772342905.618166924,20002.029,543.6514,REST,0
1772342905.625829935,20009.692,512.9009,REST,0
1772342905.630920887,20014.783,442.1502,REST,0
1772342905.638608932,20022.471,472.6137,REST,0
1772342905.642494917,20026.357,507.9069,REST,0
1772342905.650197983,20034.060,431.7387,REST,0
1772342905.655321121,20039.183,418.9305,REST,0
1772342905.662910938,20046.773,472.6822,REST,0
1772342905.666724205,20050.586,407.6879,REST,0
1772342905.675699949,20059.562,385.8900,REST,0
1772342905.679578066,20063.441,425.5084,REST,0
1772342905.687246084,20071.108,353.9781,REST,0
1772342905.692329884,20076.192,300.1114,REST,0
1772342905.699938059,20083.800,292.6959,REST,0
1772342905.703802824,20087.665,205.2434,REST,0
1772342905.712728024,20096.590,48.3771,REST,0
1772342905.716573954,20100.436,-105.0648,REST,0
1772342905.724274874,20108.138,-258.4021,REST,0
1772342905.728096008,20111.958,-462.4432,REST,0
1772342905.736996174,20120.858,-588.0419,REST,0
1772342905.740890026,20124.752,-576.1889,REST,0
1772342905.748601198,20132.463,-598.1934,REST,0
1772342905.753757000,20137.619,-584.7134,REST,0
1772342905.761471987,20145.335,-452.1427,REST,0
1772342905.765300989,20149.163,-353.8989,REST,0
1772342905.774090052,20157.952,-290.1354,REST,0
1772342905.777981997,20161.844,-156.3025,REST,0
1772342905.785701990,20169.564,-56.6448,REST,0
1772342905.789591074,20173.453,-14.9902,REST,0
1772342905.798420906,20182.283,130.4802,REST,0
1772342905.802235842,20186.098,306.3089,REST,0
1772342905.811279774,20195.142,307.1105,REST,0
1772342905.815166950,20199.029,410.7954,REST,0
1772342905.822879076,20206.741,550.0892,REST,0
1772342905.826733112,20210.595,584.0828,REST,0
1772342905.835592985,20219.455,625.2219,REST,0
1772342905.839452982,20223.315,760.7633,REST,0
1772342905.847172022,20231.035,840.1106,REST,0
1772342905.851052999,20234.915,860.4852,REST,0
1772342905.860025167,20243.887,897.1201,REST,0
1772342905.863844156,20247.706,943.4525,REST,0
1772342905.871443033,20255.305,863.7379,REST,0
1772342905.876603842,20260.467,879.6088,REST,0
1772342905.884345055,20268.207,917.6215,REST,0
1772342905.888232946,20272.095,850.2153,REST,0
1772342905.895933867,20279.796,850.9684,REST,0
1772342905.901014090,20284.876,889.9893,REST,0
1772342905.908645153,20292.507,848.7109,REST,0
1772342905.912529945,20296.392,834.9174,REST,0
1772342905.921509981,20305.372,901.9247,REST,0
1772342905.925400019,20309.262,874.9164,REST,0
1772342905.933032990,20316.895,803.3429,REST,0
1772342905.936846018,20320.708,853.5890,REST,0
1772342905.945790052,20329.652,842.7365,REST,0
1772342905.949671030,20333.533,768.3483,REST,0
1772342905.958657980,20342.520,810.5944,REST,0
1772342905.962544918,20346.407,811.1251,REST,0
1772342905.970053911,20353.916,729.2273,REST,0
1772342905.973869085,20357.731,726.7293,REST,0
1772342905.982662916,20366.525,777.8178,REST,0
1772342905.986513853,20370.376,717.6365,REST,0
1772342905.995369911,20379.232,667.4646,REST,0
1772342905.999228954,20383.092,717.3402,REST,0
1772342906.006591082,20390.453,675.2163,REST,0
1772342906.011504173,20395.366,616.0033,REST,0
1772342906.019077063,20402.939,668.0850,REST,0
1772342906.023022175,20406.884,679.0117,REST,0
1772342906.032006979,20415.869,630.3024,REST,0
1772342906.035829067,20419.691,630.1682,REST,0
1772342906.043421030,20427.283,657.3117,REST,0
1772342906.048560858,20432.423,586.6672,REST,0
1772342906.056188822,20440.052,604.4157,REST,0
1772342906.060071945,20443.934,669.2880,REST,0
1772342906.069031000,20452.893,599.2694,REST,0
1772342906.072847128,20456.709,552.7556,REST,0
1772342906.080442190,20464.304,629.9219,REST,0
1772342906.085684061,20469.547,592.8955,REST,0
1772342906.093402147,20477.264,532.8837,REST,0
1772342906.097284079,20481.146,601.1131,REST,0
1772342906.104922771,20488.785,603.0629,REST,0
1772342906.110000849,20493.863,524.2137,REST,0
1772342906.117651939,20501.514,546.9805,REST,0
1772342906.121581078,20505.443,589.2067,REST,0
1772342906.130562067,20514.424,495.8311,REST,0
1772342906.134435177,20518.297,502.7366,REST,0
1772342906.142045975,20525.908,541.1813,REST,0
1772342906.145861149,20529.723,505.2977,REST,0
1772342906.154818058,20538.681,500.6608,REST,0
1772342906.158714056,20542.576,584.3533,REST,0
1772342906.166429043,20550.291,583.2473,REST,0
1772342906.171530962,20555.393,538.5064,REST,0
1772342906.179126024,20562.988,590.2010,REST,0
1772342906.182938814,20566.801,562.5991,REST,0
1772342906.191930056,20575.792,517.7272,REST,0
1772342906.195817947,20579.680,558.7422,REST,0
1772342906.203526974,20587.389,611.0442,REST,0
1772342906.207356930,20591.219,574.6369,REST,0
1772342906.216202021,20600.064,635.8291,REST,0
1772342906.220111132,20603.973,579.3673,REST,0
1772342906.227849007,20611.711,542.5808,REST,0
1772342906.233066082,20616.928,553.0197,REST,0
1772342906.240731955,20624.594,616.0919,REST,0
1772342906.244561911,20628.424,581.6838,REST,0
1772342906.253463030,20637.325,550.3723,REST,0
1772342906.257357121,20641.219,593.4685,REST,0
1772342906.265079021,20648.941,579.6199,REST,0
1772342906.268964052,20652.826,518.5751,REST,0
1772342906.277895927,20661.759,557.2364,REST,0
1772342906.281712055,20665.574,606.6787,REST,0
1772342906.289376020,20673.238,520.4132,REST,0
1772342906.293257952,20677.120,513.0127,REST,0
1772342906.302241087,20686.103,582.3028,REST,0
1772342906.306123018,20689.985,537.9674,REST,0
1772342906.313746929,20697.610,532.3168,REST,0
1772342906.318824053,20702.686,592.6564,REST,0
1772342906.326570034,20710.432,586.6545,REST,0
1772342906.330454111,20714.316,530.3663,REST,0
1772342906.339446068,20723.308,576.7544,REST,0
1772342906.343289137,20727.151,574.5149,REST,0
1772342906.350879908,20734.742,489.4613,REST,0
1772342906.354696989,20738.559,523.1622,REST,0
1772342906.363698959,20747.561,560.4712,REST,0
1772342906.367569923,20751.432,483.5776,REST,0
1772342906.375267029,20759.130,488.9551,REST,0
1772342906.383234024,20767.096,502.7336,REST,0
1772342906.388311148,20772.173,447.7384,REST,0
1772342906.395523071,20779.386,414.2890,REST,0
1772342906.400710821,20784.573,512.6591,REST,0
1772342906.407811165,20791.673,492.4371,REST,0
1772342906.412933826,20796.796,393.8085,REST,0
1772342906.420080185,20803.942,388.1363,REST,0
1772342906.425261021,20809.123,310.4298,REST,0
1772342906.429147959,20813.010,98.0177,REST,0
1772342906.436855078,20820.717,-49.2050,REST,0
1772342906.440752029,20824.614,-167.9177,REST,0
1772342906.449683905,20833.546,-477.2267,REST,0
1772342906.456930161,20840.792,-552.9292,REST,0
1772342906.462110043,20845.972,-527.2612,REST,0
1772342906.469296217,20853.158,-574.6939,REST,0
1772342906.474467993,20858.330,-551.8684,REST,0
1772342906.481592178,20865.455,-419.4442,REST,0
1772342906.486440897,20870.303,-359.5252,REST,0
1772342906.493839025,20877.702,-336.1638,REST,0
1772342906.499002218,20882.864,-195.9047,REST,0
1772342906.502871037,20886.733,-82.0322,REST,0
1772342906.510582924,20894.445,-49.0988,REST,0
1772342906.518399954,20902.262,101.0986,REST,0
1772342906.523543119,20907.405,268.6372,REST,0
1772342906.530667067,20914.530,316.3892,REST,0
1772342906.535732985,20919.595,386.7501,REST,0
1772342906.542943954,20926.806,526.9061,REST,0
1772342906.548118114,20931.980,562.1739,REST,0
1772342906.555308104,20939.170,612.2395,REST,0
1772342906.560380936,20944.243,713.0519,REST,0
1772342906.567573071,20951.436,752.5516,REST,0
1772342906.572740078,20956.602,753.3641,REST,0
1772342906.579857826,20963.720,817.1505,REST,0
1772342906.584977865,20968.840,859.6275,REST,0
1772342906.592101812,20975.964,814.5703,REST,0
1772342906.597225904,20981.088,867.9373,REST,0
1772342906.604490042,20988.353,891.0841,REST,0
1772342906.609660864,20993.523,829.4330,REST,0
1772342906.616828918,21000.691,816.5235,REST,0
1772342906.621986151,21005.849,877.5917,REST,0
1772342906.628966808,21012.829,860.6771,REST,0
1772342906.633960009,21017.822,831.1057,REST,0
1772342906.641341925,21025.204,884.1088,REST,0
1772342906.646504879,21030.367,868.8168,REST,0
1772342906.653634071,21037.497,807.0647,REST,0
1772342906.658545971,21042.408,866.0170,REST,0
1772342906.665930986,21049.793,877.4741,REST,0
1772342906.671092033,21054.954,780.1649,REST,0
1772342906.678182840,21062.045,802.9656,REST,0
1772342906.683341980,21067.204,822.7825,REST,0
1772342906.690468073,21074.330,737.4102,REST,0
1772342906.695570946,21079.433,727.0466,REST,0
1772342906.702729940,21086.592,779.3016,REST,0
1772342906.707894087,21091.756,728.7114,REST,0
1772342906.715050936,21098.913,670.5823,REST,0
1772342906.720171928,21104.035,730.4204,REST,0
1772342906.727290154,21111.152,703.7286,REST,0
1772342906.732373953,21116.236,635.9569,REST,0
1772342906.739749193,21123.611,690.8679,REST,0
1772342906.744915009,21128.777,689.6280,REST,0
1772342906.751955986,21135.818,598.4615,REST,0
1772342906.757032871,21140.896,631.1641,REST,0
1772342906.764154196,21148.016,657.1452,REST,0
1772342906.769317150,21153.180,588.1532,REST,0
1772342906.776487827,21160.351,588.3619,REST,0
1772342906.781648874,21165.512,634.0026,REST,0
1772342906.788736105,21172.598,569.0314,REST,0
1772342906.793829918,21177.692,529.6763,REST,0
1772342906.801040888,21184.903,576.3310,REST,0
1772342906.806223869,21190.086,556.9738,REST,0
1772342906.813392878,21197.255,500.0315,REST,0
1772342906.818554878,21202.417,552.4686,REST,0
1772342906.825564861,21209.427,562.2615,REST,0
1772342906.830643892,21214.506,500.4482,REST,0
1772342906.837978125,21221.841,524.7369,REST,0
1772342906.843148947,21227.011,556.1877,REST,0
1772342906.850254059,21234.116,487.6143,REST,0
1772342906.855409861,21239.272,506.2553,REST,0
1772342906.862438917,21246.301,549.4971,REST,0
1772342906.867522001,21251.384,459.5603,REST,0
1772342906.874825954,21258.688,413.3250,REST,0
1772342906.879997969,21263.861,493.3011,REST,0
1772342906.887066126,21270.928,492.1561,REST,0
1772342906.892220020,21276.082,434.2379,REST,0
1772342906.899301052,21283.164,512.9831,REST,0
1772342906.904416084,21288.278,513.1464,REST,0
1772342906.911669970,21295.533,436.0396,REST,0
1772342906.916838884,21300.701,461.4458,REST,0
1772342906.923941135,21307.803,497.0293,REST,0
1772342906.929029942,21312.892,431.4651,REST,0
1772342906.936206102,21320.068,444.5514,REST,0
1772342906.941354990,21325.217,514.7078,REST,0
1772342906.948506832,21332.369,481.3802,REST,0
1772342906.953681946,21337.544,451.2281,REST,0
1772342906.960789919,21344.652,525.6740,REST,0
1772342906.965862989,21349.725,539.6825,REST,0
1772342906.973119020,21356.982,450.8762,REST,0
1772342906.978288174,21362.150,507.0689,REST,0
1772342906.985398054,21369.260,541.0690,REST,0
1772342906.990550041,21374.412,462.3575,REST,0
1772342906.997605801,21381.468,492.1735,REST,0
1772342907.002684832,21386.548,539.5496,REST,0
1772342907.009966135,21393.829,476.3641,REST,0
1772342907.015125990,21398.988,494.9332,REST,0
1772342907.022291899,21406.154,575.7727,REST,0
1772342907.027453899,21411.316,541.3814,REST,0
1772342907.034493923,21418.356,505.0455,REST,0
1772342907.039463997,21423.326,559.3800,REST,0
1772342907.046895027,21430.757,584.1039,REST,0
1772342907.052049875,21435.912,505.1940,REST,0
1772342907.059130907,21442.993,570.1304,REST,0
1772342907.064262867,21448.125,591.0405,REST,0
1772342907.071403980,21455.267,497.9907,REST,0
1772342907.076524973,21460.387,519.4138,REST,0
1772342907.083719015,21467.581,552.2057,REST,0
1772342907.088879108,21472.741,477.5787,REST,0
1772342907.095998049,21479.860,441.4400,REST,0
1772342907.101056099,21484.919,490.0918,REST,0
1772342907.108309984,21492.172,451.6839,REST,0
1772342907.113448858,21497.311,440.8387,REST,0
1772342907.120589018,21504.451,492.7932,REST,0
1772342907.125754833,21509.617,447.6821,REST,0
1772342907.132772207,21516.634,401.7192,REST,0
1772342907.137863874,21521.726,475.8992,REST,0
1772342907.145171881,21529.034,468.1710,REST,0
1772342907.150336981,21534.199,383.7611,REST,0
1772342907.157498121,21541.360,433.5240,REST,0
1772342907.162663937,21546.526,497.0518,REST,0
1772342907.169667006,21553.529,425.7522,REST,0
1772342907.174744129,21558.606,410.4148,REST,0
1772342907.182069063,21565.931,460.4586,REST,0
1772342907.187222004,21571.084,434.1114,REST,0
1772342907.194935083,21578.797,427.9269,REST,0
1772342907.198819160,21582.681,485.5525,REST,0
1772342907.207695961,21591.558,485.1763,REST,0
1772342907.211508989,21595.371,439.4832,REST,0
1772342907.218941927,21602.804,506.9966,REST,0
1772342907.224148989,21608.011,513.0990,REST,0
1772342907.231856108,21615.719,427.7864,REST,0
1772342907.235678911,21619.542,448.1610,REST,0
1772342907.244524956,21628.387,516.0017,REST,0
1772342907.248383999,21632.246,449.0599,REST,0
1772342907.256097078,21639.959,442.2626,REST,0
1772342907.259972095,21643.834,490.6768,REST,0
1772342907.268946886,21652.809,441.8327,REST,0
1772342907.272768021,21656.630,428.8677,REST,0
1772342907.280366182,21664.228,515.0967,REST,0
1772342907.285515070,21669.377,504.1831,REST,0
1772342907.293223858,21677.086,459.2222,REST,0
1772342907.297103167,21680.965,498.6358,REST,0
1772342907.305952072,21689.814,519.5000,REST,0
1772342907.309771061,21693.633,470.5962,REST,0
1772342907.317296028,21701.158,503.7386,REST,0
1772342907.322584152,21706.446,542.4036,REST,0
1772342907.330305099,21714.167,472.5462,REST,0
1772342907.334187031,21718.049,484.0862,REST,0
1772342907.341973066,21725.835,543.1121,REST,0
1772342907.345790863,21729.653,480.7962,REST,0
1772342907.354749918,21738.612,442.9411,REST,0
1772342907.358629942,21742.493,518.1040,REST,0
1772342907.367289066,21751.151,513.5566,REST,0
1772342907.371172190,21755.034,461.2133,REST,0
1772342907.378778934,21762.641,521.4788,REST,0
1772342907.383623838,21767.486,523.6173,REST,0
1772342907.391321182,21775.183,442.2452,REST,0
1772342907.395184040,21779.047,486.8328,REST,0
1772342907.404165030,21788.027,547.0166,REST,0
1772342907.408009052,21791.871,453.5953,REST,0
1772342907.415613890,21799.476,444.5109,REST,0
1772342907.420709848,21804.573,507.1876,REST,0
1772342907.428189993,21812.052,456.1978,REST,0
1772342907.432070971,21815.933,435.3808,REST,0
1772342907.441483974,21825.346,515.8289,CLICK,1
1772342907.445337057,21829.199,502.0845,CLICK,1
1772342907.453105927,21836.968,440.4450,CLICK,1
1772342907.456941128,21840.803,476.2969,CLICK,1
1772342907.465875864,21849.738,495.3857,CLICK,1
1772342907.469690084,21853.552,434.6036,CLICK,1
1772342907.477286816,21861.149,451.1768,CLICK,1
1772342907.481101036,21864.963,483.1652,CLICK,1
1772342907.489962101,21873.824,410.9534,CLICK,1
1772342907.493797064,21877.659,405.9168,CLICK,1
1772342907.501409054,21885.271,480.5507,CLICK,1
1772342907.506490231,21890.352,433.3571,CLICK,1
1772342907.514090061,21897.953,409.5558,CLICK,1
1772342907.518013954,21901.876,494.4884,CLICK,1
1772342907.526856899,21910.719,476.5117,CLICK,1
1772342907.530670166,21914.532,422.9263,CLICK,1
1772342907.539521933,21923.384,473.4504,CLICK,1
1772342907.543338060,21927.200,516.5391,CLICK,1
1772342907.550960064,21934.822,456.5790,CLICK,1
1772342907.554795980,21938.658,485.7447,CLICK,1
1772342907.563718796,21947.581,493.1790,CLICK,1
1772342907.567536116,21951.398,413.6752,CLICK,1
1772342907.576423883,21960.286,444.5353,CLICK,1
1772342907.580237150,21964.099,498.3083,CLICK,1
1772342907.587795973,21971.658,460.6380,CLICK,1
1772342907.592822075,21976.685,443.8805,CLICK,1
1772342907.600484133,21984.346,507.2228,CLICK,1
1772342907.604356050,21988.218,492.5268,CLICK,1
1772342907.613273144,21997.135,466.9393,CLICK,1
1772342907.617018223,22000.880,540.1873,CLICK,1
1772342907.624706030,22008.568,551.5378,CLICK,1
1772342907.628521919,22012.384,491.3523,CLICK,1
1772342907.637446880,22021.309,486.9635,CLICK,1
1772342907.641335964,22025.198,520.3293,CLICK,1
1772342907.648990870,22032.853,456.4421,CLICK,1
1772342907.654098034,22037.960,464.4370,CLICK,1
1772342907.661688089,22045.550,529.0383,CLICK,1
1772342907.665539026,22049.401,471.2624,CLICK,1
1772342907.674509048,22058.371,435.4080,CLICK,1
1772342907.678383112,22062.245,483.0590,CLICK,1
1772342907.686019182,22069.881,476.9340,CLICK,1
1772342907.689846992,22073.709,437.2263,CLICK,1
1772342907.698726892,22082.590,504.3902,CLICK,1
1772342907.702577829,22086.440,513.2575,CLICK,1
1772342907.711404085,22095.266,409.8237,CLICK,1
1772342907.715236187,22099.098,421.8937,CLICK,1
1772342907.723815918,22107.678,472.8282,CLICK,1
1772342907.727633953,22111.496,448.5498,CLICK,1
1772342907.735255003,22119.117,392.3389,CLICK,1
1772342907.739076138,22122.938,438.8260,CLICK,1
1772342907.748059988,22131.922,385.0631,CLICK,1
1772342907.751940012,22135.802,349.8599,CLICK,1
1772342907.760659933,22144.522,422.3766,CLICK,1
1772342907.764474154,22148.336,447.9862,CLICK,1
1772342907.772153139,22156.015,416.2707,CLICK,1
1772342907.776038885,22159.901,481.3064,CLICK,1
1772342907.784934998,22168.797,516.7326,CLICK,1
1772342907.788781166,22172.643,457.4394,CLICK,1
1772342907.796403885,22180.266,476.2178,CLICK,1
1772342907.801477909,22185.340,519.3745,CLICK,1
1772342907.808956861,22192.819,472.9447,CLICK,1
1772342907.812849998,22196.712,469.5316,CLICK,1
1772342907.821835995,22205.698,538.4136,CLICK,1
1772342907.825968981,22209.831,458.2091,CLICK,1
1772342907.833575964,22217.438,421.0433,CLICK,1
1772342907.837391853,22221.254,525.9644,CLICK,1
1772342907.846114159,22229.976,533.0048,CLICK,1
1772342907.849834919,22233.698,478.6911,CLICK,1
1772342907.858800173,22242.662,549.3368,CLICK,1
1772342907.862640858,22246.503,538.0095,CLICK,1
1772342907.870231152,22254.093,465.9152,CLICK,1
1772342907.875353098,22259.215,524.2638,CLICK,1
1772342907.883034945,22266.897,602.5198,CLICK,1
1772342907.886909008,22270.771,502.1088,CLICK,1
1772342907.895848036,22279.710,572.1919,CLICK,1
1772342907.899674892,22283.538,678.7182,CLICK,1
1772342907.907274961,22291.137,607.1525,CLICK,1
1772342907.911151171,22295.013,425.6831,CLICK,1
1772342907.920139074,22304.001,472.5332,CLICK,1
1772342907.924031019,22307.893,458.0952,CLICK,1
1772342907.931685925,22315.548,418.2083,CLICK,1
1772342907.936762810,22320.625,523.6011,CLICK,1
1772342907.944412947,22328.275,541.9451,CLICK,1
1772342907.948290110,22332.152,489.0537,CLICK,1
1772342907.957283020,22341.145,500.8677,CLICK,1
1772342907.961146116,22345.008,574.2919,CLICK,1
1772342907.968766928,22352.629,527.6423,CLICK,1
1772342907.972580194,22356.442,536.4234,CLICK,1
1772342907.981509209,22365.371,623.3784,CLICK,1
1772342907.985387087,22369.249,596.3759,CLICK,1
1772342907.993103027,22376.965,552.2460,CLICK,1
1772342907.998256922,22382.119,612.6621,CLICK,1
1772342908.005859137,22389.721,565.4627,CLICK,1
1772342908.009679079,22393.541,481.9927,CLICK,1
1772342908.018636942,22402.499,480.5717,CLICK,1
1772342908.022569895,22406.432,489.7762,CLICK,1
1772342908.030309916,22414.172,458.7209,CLICK,1
1772342908.034152031,22418.014,519.5808,CLICK,1
1772342908.043002129,22426.864,524.9887,CLICK,1
1772342908.046855927,22430.718,496.6679,CLICK,1
1772342908.054541111,22438.403,506.1713,CLICK,1
1772342908.059692144,22443.554,576.5501,CLICK,1
1772342908.067635059,22451.497,558.7170,CLICK,1
1772342908.071471214,22455.333,525.1966,CLICK,1
1772342908.079074144,22462.936,600.5880,CLICK,1
1772342908.084228039,22468.090,668.8274,CLICK,1
1772342908.091933012,22475.795,512.1839,CLICK,1
1772342908.095809937,22479.672,543.0768,CLICK,1
1772342908.104741812,22488.604,584.9020,CLICK,1
1772342908.108561993,22492.424,508.5548,CLICK,1
1772342908.116169930,22500.032,557.2202,CLICK,1
1772342908.120112896,22503.976,591.5130,CLICK,1
1772342908.129118919,22512.981,489.2391,CLICK,1
1772342908.133002996,22516.865,467.1394,CLICK,1
1772342908.140743017,22524.605,551.0295,CLICK,1
1772342908.144558191,22528.420,512.4999,CLICK,1
1772342908.153506994,22537.369,476.3459,CLICK,1
1772342908.157435894,22541.298,551.2867,CLICK,1
1772342908.165135145,22548.997,569.9411,CLICK,1
1772342908.170274019,22554.137,543.3229,CLICK,1
1772342908.177870989,22561.733,559.3706,CLICK,1
1772342908.181632996,22565.495,560.9554,CLICK,1
1772342908.190605164,22574.467,473.6506,CLICK,1
1772342908.194452047,22578.314,493.9236,CLICK,1
1772342908.202152014,22586.014,550.9849,CLICK,1
1772342908.206020117,22589.882,504.0610,CLICK,1
1772342908.214872122,22598.734,535.5828,CLICK,1
1772342908.218559980,22602.422,612.8278,CLICK,1
1772342908.227395058,22611.257,520.9158,CLICK,1
1772342908.231275082,22615.137,424.6318,CLICK,1
1772342908.238959074,22622.821,500.4009,CLICK,1
1772342908.242780924,22626.643,516.2070,CLICK,1
1772342908.251672029,22635.534,476.1941,CLICK,1
1772342908.255549908,22639.412,524.8782,CLICK,1
1772342908.264527082,22648.389,552.5460,CLICK,1
1772342908.268405914,22652.268,475.0652,CLICK,1
1772342908.276057005,22659.919,481.0992,CLICK,1
1772342908.279871941,22663.734,563.3985,CLICK,1
1772342908.288736105,22672.598,468.1578,CLICK,1
1772342908.292629004,22676.491,459.3005,CLICK,1
1772342908.300314188,22684.176,512.1848,CLICK,1
1772342908.305469990,22689.332,465.0350,CLICK,1
1772342908.313081026,22696.944,435.8695,CLICK,1
1772342908.316898108,22700.760,508.2955,CLICK,1
1772342908.325628996,22709.491,513.5904,CLICK,1
1772342908.329517126,22713.379,435.7791,CLICK,1
1772342908.338341951,22722.205,472.6462,CLICK,1
1772342908.342182875,22726.045,478.6526,CLICK,1
1772342908.349773169,22733.635,410.4249,CLICK,1
1772342908.353585958,22737.448,454.2089,CLICK,1
1772342908.362568855,22746.431,495.1625,CLICK,1
1772342908.366447210,22750.309,467.1306,CLICK,1
1772342908.374135017,22757.997,488.9968,CLICK,1
1772342908.379240036,22763.102,555.4230,CLICK,1
1772342908.386826038,22770.688,472.1495,CLICK,1
1772342908.390694857,22774.557,425.8505,CLICK,1
1772342908.399677992,22783.540,512.9268,CLICK,1
1772342908.403549910,22787.412,541.8446,CLICK,1
1772342908.411216974,22795.079,471.8480,CLICK,1
1772342908.415027857,22798.890,551.6427,CLICK,1
1772342908.423954964,22807.817,563.7593,CLICK,1
1772342908.427842140,22811.704,476.7397,CLICK,1
1772342908.435539007,22819.401,499.7996,CLICK,1
1772342908.439420938,22823.283,552.0324,CLICK,1
1772342908.448345184,22832.207,467.8188,CLICK,1
1772342908.452157974,22836.020,416.8416,CLICK,1
1772342908.461104870,22844.968,496.3380,CLICK,1
1772342908.464985132,22848.847,470.6955,CLICK,1
1772342908.472688198,22856.550,422.1592,CLICK,1
1772342908.476552010,22860.414,488.7439,CLICK,1
1772342908.485456944,22869.319,478.7547,CLICK,1
1772342908.489270926,22873.133,360.3887,CLICK,1
1772342908.496954918,22880.817,402.0945,CLICK,1
1772342908.501883984,22885.747,501.9898,CLICK,1
1772342908.509443045,22893.305,398.0149,CLICK,1
1772342908.513298988,22897.161,428.7359,CLICK,1
1772342908.521985054,22905.847,479.7424,CLICK,1
1772342908.525623083,22909.485,416.8544,CLICK,1
1772342908.534435987,22918.298,367.6443,CLICK,1
1772342908.538305998,22922.168,420.4922,CLICK,1
1772342908.545995951,22929.858,378.6425,CLICK,1
1772342908.551070929,22934.933,368.4960,CLICK,1
1772342908.558693171,22942.555,446.0043,CLICK,1
1772342908.562572956,22946.435,450.5157,CLICK,1
1772342908.571546078,22955.408,393.3823,CLICK,1
1772342908.575431824,22959.294,465.6250,CLICK,1
1772342908.583112955,22966.976,523.7737,CLICK,1
1772342908.586930990,22970.793,442.4066,CLICK,1
1772342908.595847845,22979.710,465.2615,CLICK,1
1772342908.599724054,22983.586,525.3903,CLICK,1
1772342908.608772039,22992.634,494.6031,CLICK,1
1772342908.612662077,22996.524,523.8956,CLICK,1
1772342908.620231867,23004.094,572.0399,CLICK,1
1772342908.624045134,23007.907,535.3280,CLICK,1
1772342908.632951975,23016.814,474.9303,CLICK,1
1772342908.636829853,23020.692,535.4532,CLICK,1
1772342908.644546986,23028.409,495.5735,CLICK,1
1772342908.648444891,23032.307,470.9208,CLICK,1
1772342908.657296896,23041.159,501.7300,CLICK,1
1772342908.660892963,23044.755,532.3383,CLICK,1
1772342908.669830799,23053.693,459.6422,CLICK,1
1772342908.673707008,23057.569,483.1373,CLICK,1
1772342908.681191921,23065.054,519.4927,CLICK,1
1772342908.686137199,23069.999,459.3293,CLICK,1
1772342908.693519115,23077.381,475.5014,CLICK,1
1772342908.698746204,23082.608,560.8822,CLICK,1
1772342908.706458807,23090.321,539.9701,CLICK,1
1772342908.713719130,23097.581,513.8391,CLICK,1
1772342908.718552113,23102.414,527.0471,CLICK,1
1772342908.725981951,23109.844,485.2118,CLICK,1
1772342908.731019020,23114.882,440.8323,CLICK,1
1772342908.738288879,23122.152,514.4285,CLICK,1
1772342908.743458033,23127.320,549.8623,CLICK,1
1772342908.750607967,23134.470,474.0711,CLICK,1
1772342908.755697012,23139.559,473.2846,CLICK,1
1772342908.762888908,23146.751,531.2834,CLICK,1
1772342908.768047094,23151.909,484.0129,CLICK,1
1772342908.775162935,23159.026,488.8805,CLICK,1
1772342908.780339956,23164.202,575.3400,CLICK,1
1772342908.787493229,23171.355,545.8628,CLICK,1
1772342908.792572021,23176.434,524.0325,CLICK,1
1772342908.799766064,23183.629,575.4302,CLICK,1
1772342908.804940939,23188.803,552.8471,CLICK,1
1772342908.812053919,23195.916,505.0944,CLICK,1
1772342908.817312956,23201.176,552.2156,CLICK,1
1772342908.824244976,23208.107,593.7723,CLICK,1
1772342908.829345942,23213.209,519.8060,CLICK,1
1772342908.836627007,23220.489,499.0590,CLICK,1
1772342908.841799021,23225.661,525.4204,CLICK,1
1772342908.848841906,23232.704,466.5996,CLICK,1
1772342908.854000092,23237.862,456.0523,CLICK,1
1772342908.861112118,23244.974,554.4088,CLICK,1
1772342908.866201162,23250.063,534.0451,CLICK,1
1772342908.873482943,23257.345,513.8734,CLICK,1
1772342908.878638029,23262.500,594.9609,CLICK,1
1772342908.885808945,23269.671,571.3402,CLICK,1
1772342908.890938997,23274.801,526.4740,CLICK,1
1772342908.897997141,23281.859,538.4954,CLICK,1
1772342908.903128147,23286.990,556.7303,CLICK,1
1772342908.910362959,23294.225,527.9721,CLICK,1
1772342908.915535927,23299.398,528.0264,CLICK,1
1772342908.922607183,23306.469,566.9526,CLICK,1
1772342908.927701950,23311.564,489.4957,CLICK,1
1772342908.934889078,23318.751,496.3254,CLICK,1
1772342908.940053940,23323.916,566.2035,CLICK,1
1772342908.947226048,23331.088,522.2957,CLICK,1
1772342908.952394009,23336.256,507.4020,CLICK,1
1772342908.959492207,23343.355,554.2508,CLICK,1
1772342908.964571953,23348.434,533.8379,CLICK,1
1772342908.971793890,23355.656,465.9115,CLICK,1
1772342908.976925850,23360.788,522.9951,CLICK,1
1772342908.983999014,23367.861,572.9871,CLICK,1
1772342908.989105940,23372.968,502.7415,CLICK,1
1772342908.996369839,23380.232,511.3328,CLICK,1
1772342909.001308918,23385.172,542.7327,CLICK,1
1772342909.008619070,23392.481,465.2817,CLICK,1
1772342909.013720036,23397.582,473.8204,CLICK,1
1772342909.020919085,23404.782,534.9423,CLICK,1
1772342909.026015043,23409.878,507.7389,CLICK,1
1772342909.033164024,23417.027,495.3542,CLICK,1
1772342909.038239956,23422.102,544.6226,CLICK,1
1772342909.045608044,23429.470,532.8777,CLICK,1
1772342909.050789833,23434.652,450.5874,CLICK,1
1772342909.057930946,23441.793,518.3240,CLICK,1
1772342909.063011169,23446.873,522.6308,CLICK,1
1772342909.070102930,23453.965,426.6547,CLICK,1
1772342909.075215816,23459.078,425.8349,CLICK,1
1772342909.082457066,23466.320,464.4038,CLICK,1
1772342909.087576151,23471.438,408.7066,CLICK,1
1772342909.094635010,23478.498,396.5549,CLICK,1
1772342909.099505901,23483.368,496.3015,CLICK,1
1772342909.106951952,23490.814,488.0766,CLICK,1
1772342909.112108946,23495.971,462.0196,CLICK,1
1772342909.119265079,23503.128,524.6226,CLICK,1
1772342909.124503136,23508.365,520.7476,CLICK,1
1772342909.131488085,23515.350,450.4571,CLICK,1
1772342909.136431217,23520.293,476.7482,CLICK,1
1772342909.143768072,23527.630,496.0636,CLICK,1
1772342909.148933887,23532.796,456.8392,CLICK,1
1772342909.156143188,23540.005,475.8391,CLICK,1
1772342909.161298990,23545.161,477.9447,CLICK,1
1772342909.168349981,23552.212,468.1165,CLICK,1
1772342909.173425913,23557.288,473.4359,CLICK,1
1772342909.180660009,23564.522,520.7201,CLICK,1
1772342909.185818911,23569.681,486.8127,CLICK,1
1772342909.193028212,23576.890,457.9240,CLICK,1
1772342909.198194027,23582.056,535.5337,CLICK,1
1772342909.205296040,23589.158,544.4058,CLICK,1
1772342909.210172892,23594.035,474.6239,CLICK,1
1772342909.217579126,23601.441,515.3135,CLICK,1
1772342909.222837925,23606.701,534.5938,CLICK,1
1772342909.229835033,23613.697,466.5071,CLICK,1
1772342909.234952927,23618.815,482.8545,CLICK,1
1772342909.242080927,23625.944,540.4612,CLICK,1
1772342909.247203112,23631.065,495.3522,CLICK,1
1772342909.254556894,23638.419,503.4968,CLICK,1
1772342909.259719849,23643.582,562.4157,CLICK,1
1772342909.266697884,23650.561,519.1222,CLICK,1
1772342909.271785975,23655.649,483.9333,CLICK,1
1772342909.278950930,23662.813,569.3937,CLICK,1
1772342909.284112930,23667.975,552.3287,CLICK,1
1772342909.291365147,23675.227,494.6915,CLICK,1
1772342909.296509981,23680.372,537.0337,CLICK,1
1772342909.303626060,23687.488,568.4666,CLICK,1
1772342909.308708191,23692.570,504.9173,CLICK,1
1772342909.315868855,23699.731,499.7130,CLICK,1
1772342909.321019888,23704.882,537.0050,CLICK,1
1772342909.328196049,23712.058,489.9442,CLICK,1
1772342909.333332062,23717.194,479.8175,CLICK,1
1772342909.340357780,23724.220,569.5671,CLICK,1
1772342909.345233917,23729.096,520.5303,CLICK,1
1772342909.352766991,23736.629,485.2121,CLICK,1
1772342909.357933998,23741.797,597.0229,CLICK,1
1772342909.365003109,23748.865,570.6594,CLICK,1
1772342909.370160818,23754.023,490.0628,CLICK,1
1772342909.377269983,23761.132,500.0261,CLICK,1
1772342909.382349968,23766.212,478.1692,CLICK,1
1772342909.389606953,23773.469,374.1444,CLICK,1
1772342909.394756079,23778.618,402.6472,CLICK,1
1772342909.401871204,23785.733,440.8634,CLICK,1
1772342909.407000065,23790.862,372.1779,CLICK,1
1772342909.414150953,23798.013,385.9565,CLICK,1
1772342909.419279814,23803.142,491.4401,CLICK,1
1772342909.426492929,23810.355,452.6015,CLICK,1
1772342909.431655884,23815.518,409.2012,CLICK,1
1772342909.438778162,23822.640,474.4351,CLICK,1
1772342909.443872929,23827.735,461.6564,CLICK,1
1772342909.450989008,23834.851,414.8667,CLICK,1
1772342909.456151009,23840.013,486.2522,CLICK,1
1772342909.463346958,23847.210,490.4538,CLICK,1
1772342909.468510866,23852.373,439.3049,CLICK,1
1772342909.475578785,23859.441,454.7674,CLICK,1
1772342909.480659008,23864.521,480.3130,CLICK,1
1772342909.487878799,23871.742,415.8680,CLICK,1
1772342909.493054867,23876.917,410.9508,CLICK,1
1772342909.500138998,23884.001,505.4182,CLICK,1
1772342909.505301952,23889.165,465.8240,CLICK,1
1772342909.512490034,23896.352,442.8887,CLICK,1
1772342909.517562866,23901.425,507.3227,CLICK,1
1772342909.524791002,23908.653,500.5630,CLICK,1
1772342909.529948950,23913.811,447.3586,CLICK,1
1772342909.537056923,23920.919,497.5357,CLICK,1
1772342909.542227983,23926.090,548.1041,CLICK,1
1772342909.549355030,23933.217,504.4292,CLICK,1
1772342909.554426193,23938.288,489.0436,CLICK,1
1772342909.561647177,23945.509,533.6248,CLICK,1
1772342909.566804886,23950.667,482.8136,CLICK,1
1772342909.573997021,23957.859,483.9262,CLICK,1
1772342909.579113960,23962.976,550.8205,CLICK,1
1772342909.586199999,23970.062,523.9205,CLICK,1
1772342909.591207981,23975.070,480.1603,CLICK,1
1772342909.598496914,23982.359,519.4342,CLICK,1
1772342909.603650093,23987.512,496.8673,CLICK,1
1772342909.610749006,23994.611,453.9607,CLICK,1
1772342909.615833044,23999.695,518.4056,CLICK,1
1772342909.623080969,24006.943,572.7908,CLICK,1
1772342909.628169060,24012.031,532.0227,CLICK,1
1772342909.635411978,24019.274,541.5315,CLICK,1
1772342909.640594959,24024.458,604.7073,CLICK,1
1772342909.647622824,24031.485,529.6765,CLICK,1
1772342909.652701855,24036.564,472.8645,CLICK,1
1772342909.659932852,24043.795,518.1235,CLICK,1
1772342909.665071011,24048.933,490.8170,CLICK,1
1772342909.672768116,24056.630,430.2232,CLICK,1
1772342909.676645041,24060.508,501.8606,CLICK,1
1772342909.685451031,24069.313,504.6760,CLICK,1
1772342909.689298868,24073.161,412.9483,CLICK,1
1772342909.696914911,24080.777,462.8294,CLICK,1
1772342909.701879978,24085.742,503.3754,CLICK,1
1772342909.709443092,24093.305,442.7139,CLICK,1
1772342909.713330030,24097.192,455.0846,CLICK,1
1772342909.722232103,24106.095,528.3685,CLICK,1
1772342909.726051092,24109.913,481.0116,CLICK,1
1772342909.734935045,24118.797,454.6531,CLICK,1
1772342909.738842964,24122.705,509.8617,CLICK,1
1772342909.746547937,24130.410,485.2661,CLICK,1
1772342909.750400066,24134.262,438.2273,CLICK,1
1772342909.759261847,24143.124,480.6544,CLICK,1
1772342909.763074160,24146.936,512.4726,CLICK,1
1772342909.770761013,24154.623,443.2682,CLICK,1
1772342909.774727821,24158.590,474.4069,CLICK,1
1772342909.783499956,24167.362,512.1356,CLICK,1
1772342909.787337065,24171.199,495.0436,CLICK,1
1772342909.796218157,24180.080,532.0133,CLICK,1
1772342909.800076962,24183.939,604.0604,CLICK,1
1772342909.807774067,24191.636,554.9729,CLICK,1
1772342909.811463833,24195.327,497.4398,CLICK,1
1772342909.820270061,24204.132,521.3495,CLICK,1
1772342909.824101210,24207.963,507.8538,CLICK,1
1772342909.833006144,24216.868,474.8033,CLICK,1
1772342909.836825132,24220.687,555.6243,CLICK,1
1772342909.844524145,24228.386,561.3665,CLICK,1
1772342909.848366022,24232.228,477.7823,CLICK,1
1772342909.857258081,24241.120,502.1757,CLICK,1
1772342909.861071825,24244.934,538.4102,CLICK,1
1772342909.870000839,24253.863,488.8414,CLICK,1
1772342909.873880148,24257.742,505.2373,CLICK,1
1772342909.881567955,24265.430,595.3967,CLICK,1
1772342909.885445118,24269.307,517.9398,CLICK,1
1772342909.894328117,24278.191,486.2605,CLICK,1
1772342909.898144960,24282.007,547.6958,CLICK,1
1772342909.905796051,24289.658,507.0078,CLICK,1
1772342909.910936117,24294.798,458.0762,CLICK,1
1772342909.918626070,24302.488,535.7683,CLICK,1
1772342909.922522783,24306.385,512.7062,CLICK,1
1772342909.931395054,24315.257,433.5972,CLICK,1
1772342909.935214996,24319.077,457.5437,CLICK,1
1772342909.942816973,24326.679,482.2839,CLICK,1
1772342909.946676970,24330.539,440.6265,CLICK,1
1772342909.955592871,24339.455,443.0783,CLICK,1
1772342909.959407091,24343.269,491.7798,CLICK,1
1772342909.968251944,24352.114,414.7012,CLICK,1
1772342909.972140074,24356.002,383.7646,CLICK,1
1772342909.979877234,24363.739,478.9481,CLICK,1
1772342909.983757019,24367.619,440.9127,CLICK,1
1772342909.992712021,24376.574,418.7979,CLICK,1
1772342909.996535063,24380.397,505.6741,CLICK,1
1772342910.004135847,24387.998,537.3015,CLICK,1
1772342910.008959055,24392.821,451.0015,CLICK,1
1772342910.016499043,24400.361,480.1389,CLICK,1
1772342910.020452023,24404.314,518.2491,CLICK,1
1772342910.029361010,24413.223,423.9566,CLICK,1
1772342910.033119917,24416.982,401.6195,CLICK,1
1772342910.042030096,24425.892,455.3908,CLICK,1
1772342910.045908928,24429.771,418.4127,CLICK,1
1772342910.053616047,24437.478,388.9507,CLICK,1
1772342910.057528973,24441.391,440.9900,CLICK,1
1772342910.066377878,24450.240,438.8932,CLICK,1
1772342910.070206881,24454.069,380.5278,CLICK,1
1772342910.077891111,24461.753,460.2252,CLICK,1
1772342910.083102942,24466.966,455.2687,CLICK,1
1772342910.090824842,24474.687,417.1250,CLICK,1
1772342910.094683886,24478.547,465.2794,CLICK,1
1772342910.103543043,24487.405,501.2548,CLICK,1
1772342910.107352018,24491.214,444.4216,CLICK,1
1772342910.115059853,24498.922,445.3638,CLICK,1
1772342910.118938208,24502.800,487.3294,CLICK,1
1772342910.127912045,24511.774,446.7359,CLICK,1
1772342910.131727219,24515.590,436.8089,CLICK,1
1772342910.139314890,24523.177,508.5811,CLICK,1
1772342910.144232035,24528.094,438.3195,CLICK,1
1772342910.151890993,24535.753,404.7239,CLICK,1
1772342910.155781984,24539.644,495.2694,CLICK,1
1772342910.164474010,24548.336,517.0126,CLICK,1
1772342910.168287039,24552.149,401.2809,CLICK,1
1772342910.177185059,24561.047,436.1832,CLICK,1
1772342910.181082964,24564.945,500.0302,CLICK,1
1772342910.188753843,24572.616,451.4069,CLICK,1
1772342910.192633152,24576.495,442.7035,CLICK,1
1772342910.201488972,24585.351,492.6885,CLICK,1
1772342910.205308914,24589.171,449.8946,CLICK,1
1772342910.214056015,24597.918,448.5553,CLICK,1
1772342910.217786074,24601.648,518.4406,CLICK,1
1772342910.225537062,24609.399,508.0109,CLICK,1
1772342910.229424953,24613.287,471.6663,CLICK,1
1772342910.238277912,24622.140,527.7088,CLICK,1
1772342910.242096901,24625.959,576.5515,CLICK,1
1772342910.249779940,24633.643,450.7922,CLICK,1
1772342910.254942894,24638.805,456.1896,CLICK,1
1772342910.262642860,24646.505,479.3758,CLICK,1
1772342910.266478062,24650.340,393.7992,CLICK,1
1772342910.275340080,24659.202,404.0732,CLICK,1
1772342910.279110909,24662.973,487.6780,CLICK,1
1772342910.286803961,24670.666,426.5222,CLICK,1
1772342910.292017937,24675.880,368.4825,CLICK,1
1772342910.299696207,24683.558,459.9873,CLICK,1
1772342910.303519964,24687.382,456.1515,CLICK,1
1772342910.311115026,24694.977,434.3619,CLICK,1
1772342910.316046000,24699.908,536.1199,CLICK,1
1772342910.323653221,24707.515,559.7433,CLICK,1
1772342910.328823090,24712.685,506.9668,CLICK,1
1772342910.336436033,24720.299,538.3665,CLICK,1
1772342910.340251923,24724.114,593.0842,CLICK,1
1772342910.349133015,24732.995,482.3612,CLICK,1
1772342910.352874994,24736.737,508.1461,CLICK,1
1772342910.360577106,24744.440,539.3471,CLICK,1
1772342910.364454985,24748.317,488.7648,CLICK,1
1772342910.373329878,24757.192,468.4835,CLICK,1
1772342910.377143145,24761.005,543.9587,CLICK,1
1772342910.386100054,24769.962,513.1038,CLICK,1
1772342910.389983892,24773.846,476.8020,CLICK,1
1772342910.397669077,24781.531,512.8591,CLICK,1
1772342910.401515007,24785.377,507.9039,CLICK,1
1772342910.410170794,24794.034,458.6662,CLICK,1
1772342910.413984060,24797.846,553.6826,CLICK,1
1772342910.422831059,24806.693,543.4837,CLICK,1
1772342910.426672220,24810.534,504.6736,CLICK,1
1772342910.434328079,24818.190,514.4569,CLICK,1
1772342910.438144922,24822.007,572.0028,CLICK,1
1772342910.447000027,24830.862,526.1881,CLICK,1
1772342910.450814962,24834.677,476.1989,CLICK,1
1772342910.459687948,24843.550,521.3919,CLICK,1
1772342910.463528872,24847.392,503.0715,CLICK,1
1772342910.471148014,24855.011,420.0543,CLICK,1
1772342910.474962950,24858.825,486.6227,CLICK,1
1772342910.483845234,24867.707,531.4770,CLICK,1
1772342910.487724066,24871.586,462.2092,CLICK,1
1772342910.496715069,24880.577,512.5504,CLICK,1
1772342910.500591040,24884.453,567.4354,CLICK,1
1772342910.508210897,24892.073,520.0333,CLICK,1
1772342910.512022018,24895.884,511.0609,CLICK,1
1772342910.520915985,24904.778,555.7023,CLICK,1
1772342910.524791956,24908.654,510.1553,CLICK,1
1772342910.532469034,24916.331,532.1503,CLICK,1
1772342910.537628889,24921.491,630.7197,CLICK,1
1772342910.545219183,24929.081,575.2904,CLICK,1
1772342910.549032927,24932.895,519.5155,CLICK,1
1772342910.557958841,24941.821,568.5518,CLICK,1
1772342910.561834097,24945.696,556.2527,CLICK,1
1772342910.569515944,24953.378,475.3896,CLICK,1
1772342910.573386908,24957.249,497.8756,CLICK,1
1772342910.582292080,24966.155,539.7417,CLICK,1
1772342910.586109877,24969.972,492.5071,CLICK,1
1772342910.593771935,24977.634,488.4832,CLICK,1
1772342910.598923922,24982.786,547.6776,CLICK,1
1772342910.606618166,24990.480,512.0064,CLICK,1
1772342910.610426903,24994.289,488.4057,CLICK,1
1772342910.619216919,25003.080,568.1213,CLICK,1
1772342910.623123884,25006.986,555.0410,CLICK,1
1772342910.630818129,25014.680,491.2958,CLICK,1
1772342910.635967016,25019.829,554.4605,CLICK,1
1772342910.643619061,25027.481,560.0322,CLICK,1
1772342910.647433043,25031.295,466.2088,CLICK,1
1772342910.656280994,25040.143,512.5923,CLICK,1
1772342910.660156965,25044.019,545.6776,CLICK,1
1772342910.667845011,25051.707,493.9523,CLICK,1
1772342910.671717167,25055.579,492.5332,CLICK,1
1772342910.680608988,25064.471,555.8447,CLICK,1
1772342910.684421062,25068.284,511.3291,CLICK,1
1772342910.693342924,25077.205,468.5617,CLICK,1
1772342910.697194099,25081.056,488.5260,CLICK,1
1772342910.704867125,25088.729,486.1193,CLICK,1
1772342910.708746910,25092.609,465.9558,CLICK,1
1772342910.717515945,25101.378,521.5220,CLICK,1
1772342910.721374035,25105.236,531.8032,CLICK,1
1772342910.729027987,25112.890,453.0966,CLICK,1
1772342910.733946085,25117.808,503.6184,CLICK,1
1772342910.741486073,25125.348,551.8839,CLICK,1
1772342910.745337009,25129.199,480.4405,CLICK,1
1772342910.754049063,25137.911,513.5633,CLICK,1
1772342910.757860184,25141.722,553.6850,CLICK,1
1772342910.766497135,25150.359,470.5315,CLICK,1
1772342910.770387888,25154.250,413.0740,CLICK,1
1772342910.779408932,25163.271,493.5957,CLICK,1
1772342910.783231974,25167.094,472.7634,CLICK,1
1772342910.790821791,25174.684,414.6955,CLICK,1
1772342910.794672012,25178.534,490.6171,CLICK,1
1772342910.803668022,25187.530,526.2743,CLICK,1
1772342910.807552099,25191.414,442.5406,CLICK,1
1772342910.815145969,25199.008,494.3705,CLICK,1
1772342910.820249081,25204.111,566.4869,CLICK,1
1772342910.827837944,25211.700,512.0678,CLICK,1
1772342910.831723928,25215.586,497.2984,CLICK,1
1772342910.840697050,25224.559,565.1809,CLICK,1
1772342910.844575882,25228.438,520.8467,CLICK,1
1772342910.852224112,25236.086,497.4304,CLICK,1
1772342910.856050014,25239.912,572.1831,CLICK,1
1772342910.864934921,25248.798,510.6236,CLICK,1
1772342910.868775845,25252.638,472.8499,CLICK,1
1772342910.877660990,25261.523,518.8664,CLICK,1
1772342910.881487846,25265.350,542.2990,CLICK,1
1772342910.889087915,25272.950,509.9954,CLICK,1
1772342910.892899036,25276.761,538.5864,CLICK,1
1772342910.901535034,25285.397,603.4595,CLICK,1
1772342910.905347109,25289.209,490.6903,CLICK,1
1772342910.914203882,25298.066,494.8841,CLICK,1
1772342910.918028116,25301.890,529.4170,CLICK,1
1772342910.925643921,25309.506,513.2080,CLICK,1
1772342910.930714130,25314.576,508.3491,CLICK,1
1772342910.938165903,25322.028,559.3876,CLICK,1
1772342910.941989183,25325.851,539.3740,CLICK,1
1772342910.950946093,25334.808,486.8925,CLICK,1
1772342910.954756021,25338.618,526.5135,CLICK,1
1772342910.962342978,25346.205,521.8942,CLICK,1
1772342910.967237234,25351.099,444.7291,CLICK,1
1772342910.974797964,25358.661,496.0623,CLICK,1
1772342910.979876041,25363.738,541.3990,CLICK,1
1772342910.987468958,25371.331,496.6791,CLICK,1
1772342910.991283894,25375.146,476.1683,CLICK,1
1772342911.000165224,25384.027,535.5593,CLICK,1
1772342911.004041910,25387.904,448.5785,CLICK,1
1772342911.012773037,25396.635,413.6955,CLICK,1
1772342911.016490936,25400.353,551.2385,CLICK,1
1772342911.024158001,25408.020,523.3643,CLICK,1
1772342911.027973175,25411.835,460.1875,CLICK,1
1772342911.036906004,25420.768,525.3350,CLICK,1
1772342911.040794134,25424.656,537.6206,CLICK,1
1772342911.048488855,25432.351,482.2954,CLICK,1
1772342911.053621054,25437.483,513.3556,CLICK,1
1772342911.061238050,25445.100,585.9992,CLICK,1
1772342911.065054893,25448.917,523.9520,CLICK,1
1772342911.073971987,25457.835,521.5905,CLICK,1
1772342911.077857018,25461.719,605.8934,CLICK,1
1772342911.085508108,25469.370,496.0842,CLICK,1
1772342911.089354038,25473.216,457.0912,CLICK,1
1772342911.098201036,25482.063,502.7660,CLICK,1
1772342911.101830959,25485.693,497.3815,CLICK,1
1772342911.110792875,25494.655,457.8038,CLICK,1
1772342911.114673853,25498.536,538.2190,CLICK,1
1772342911.122380018,25506.242,556.8753,CLICK,1
1772342911.127300024,25511.162,460.6100,CLICK,1
1772342911.134885788,25518.748,492.1334,CLICK,1
1772342911.138755083,25522.617,516.6571,CLICK,1
1772342911.147722006,25531.584,438.3104,CLICK,1
1772342911.151586056,25535.448,472.2815,CLICK,1
1772342911.159269810,25543.132,506.6270,CLICK,1
1772342911.163086176,25546.948,457.6694,CLICK,1
1772342911.171937943,25555.800,406.4443,CLICK,1
1772342911.175828934,25559.691,464.5053,CLICK,1
1772342911.184854984,25568.717,454.6240,CLICK,1
1772342911.188745022,25572.607,418.1893,CLICK,1
1772342911.196376085,25580.238,494.7602,CLICK,1
1772342911.200190067,25584.052,514.5669,CLICK,1
1772342911.208947897,25592.810,465.3443,CLICK,1
1772342911.212837219,25596.699,498.9061,CLICK,1
1772342911.221583128,25605.445,534.6690,CLICK,1
1772342911.225466967,25609.329,488.1209,CLICK,1
1772342911.233071089,25616.933,477.6389,CLICK,1
1772342911.236881971,25620.744,533.3815,CLICK,1
1772342911.245651960,25629.514,516.4586,CLICK,1
1772342911.253125906,25636.988,501.2409,CLICK,1
1772342911.258318186,25642.180,555.1031,CLICK,1
1772342911.265334129,25649.196,513.4025,CLICK,1
1772342911.270234108,25654.096,449.0354,CLICK,1
1772342911.277634144,25661.496,526.2792,CLICK,1
1772342911.282800198,25666.662,540.0685,CLICK,1
1772342911.290010929,25673.873,493.4075,CLICK,1
1772342911.295162916,25679.025,538.3681,CLICK,1
1772342911.302343845,25686.206,568.5753,CLICK,1
1772342911.307420015,25691.282,485.8192,CLICK,1
1772342911.314523935,25698.386,480.3088,CLICK,1
1772342911.319703102,25703.565,550.8493,CLICK,1
1772342911.326802015,25710.664,503.0043,CLICK,1
1772342911.331903934,25715.766,502.5470,CLICK,1
1772342911.339069843,25722.932,579.0444,CLICK,1
1772342911.344150066,25728.013,588.1832,CLICK,1
1772342911.351396084,25735.258,524.1502,CLICK,1
1772342911.356571913,25740.434,625.0322,CLICK,1
1772342911.363672972,25747.535,604.1461,CLICK,1
1772342911.368751049,25752.613,545.6586,CLICK,1
1772342911.375961065,25759.823,551.0791,CLICK,1
1772342911.381018162,25764.880,606.3009,CLICK,1
1772342911.388336182,25772.199,564.0702,CLICK,1
1772342911.393507004,25777.369,542.7247,CLICK,1
1772342911.400588989,25784.451,596.8545,CLICK,1
1772342911.405669928,25789.532,533.5688,CLICK,1
1772342911.412814140,25796.676,505.8697,CLICK,1
1772342911.417757988,25801.620,603.1941,CLICK,1
1772342911.425230026,25809.092,530.9862,CLICK,1
1772342911.430402040,25814.264,451.5393,CLICK,1
1772342911.437436819,25821.299,501.4695,CLICK,1
1772342911.442521095,25826.383,507.6304,CLICK,1
1772342911.449671984,25833.534,463.3967,REST,0
1772342911.454838037,25838.700,462.1083,REST,0
1772342911.461978197,25845.841,515.5083,REST,0
1772342911.467078924,25850.941,470.2048,REST,0
1772342911.474241972,25858.104,487.5074,REST,0
1772342911.479321003,25863.184,540.5001,REST,0
1772342911.486562967,25870.425,506.0794,REST,0
1772342911.491452932,25875.315,443.5165,REST,0
1772342911.498820066,25882.682,517.4354,REST,0
1772342911.503936052,25887.798,480.0246,REST,0
1772342911.511089802,25894.952,406.0284,REST,0
1772342911.516324043,25900.186,452.9026,REST,0
1772342911.523370981,25907.233,461.6114,REST,0
1772342911.528470993,25912.333,432.2698,REST,0
1772342911.535676003,25919.538,430.9925,REST,0
1772342911.540772200,25924.635,498.0295,REST,0
1772342911.548004150,25931.866,411.0097,REST,0
1772342911.553084850,25936.948,411.7009,REST,0
1772342911.560258150,25944.120,499.1771,REST,0
1772342911.565328836,25949.191,453.9491,REST,0
1772342911.572563887,25956.426,426.5531,REST,0
1772342911.577659845,25961.523,538.4983,REST,0
1772342911.584856987,25968.719,548.8911,REST,0
1772342911.589936018,25973.798,489.5811,REST,0
1772342911.597152948,25981.015,513.4833,REST,0
1772342911.602217913,25986.080,532.0303,REST,0
1772342911.609434843,25993.297,445.0904,REST,0
1772342911.614513874,25998.376,467.7326,REST,0
1772342911.621788979,26005.651,518.9102,REST,0
1772342911.626888037,26010.750,477.0818,REST,0
1772342911.634040117,26017.902,469.5581,REST,0
1772342911.639200926,26023.063,546.0152,REST,0
1772342911.646281004,26030.143,471.0707,REST,0
1772342911.651360035,26035.222,464.6429,REST,0
1772342911.658619881,26042.482,514.9992,REST,0
1772342911.663775921,26047.638,481.7443,REST,0
1772342911.670930862,26054.793,434.2597,REST,0
1772342911.676033974,26059.896,485.1140,REST,0
1772342911.683161020,26067.023,508.1443,REST,0
1772342911.688241005,26072.103,476.1242,REST,0
1772342911.695494890,26079.357,485.2988,REST,0
1772342911.700656176,26084.518,521.6801,REST,0
1772342911.707770109,26091.633,454.9155,REST,0
1772342911.713035107,26096.898,448.1802,REST,0
1772342911.720053911,26103.917,491.5090,REST,0
1772342911.725218058,26109.080,421.8311,REST,0
1772342911.732367039,26116.229,359.3281,REST,0
1772342911.737524986,26121.387,372.6266,REST,0
1772342911.744571924,26128.434,245.8786,REST,0
1772342911.749647141,26133.509,122.6828,REST,0
1772342911.756881952,26140.745,23.0900,REST,0
1772342911.761978865,26145.841,-68.3379,REST,0
1772342911.769242764,26153.105,-231.3146,REST,0
1772342911.774418831,26158.281,-312.3856,REST,0
1772342911.781451941,26165.315,-361.1725,REST,0
1772342911.786535025,26170.397,-495.0897,REST,0
1772342911.793808937,26177.671,-539.0753,REST,0
1772342911.798821926,26182.684,-423.4256,REST,0
1772342911.806123018,26189.985,-491.2778,REST,0
1772342911.811289072,26195.151,-484.4231,REST,0
1772342911.818357944,26202.220,-339.2514,REST,0
1772342911.823493004,26207.355,-234.0131,REST,0
1772342911.830657959,26214.520,-194.5970,REST,0
1772342911.835818052,26219.680,13.1839,REST,0
1772342911.842928886,26226.791,202.8726,REST,0
1772342911.848047018,26231.909,219.1526,REST,0
1772342911.855182171,26239.044,341.9594,REST,0
1772342911.860200882,26244.063,490.3587,REST,0
1772342911.867536783,26251.399,529.2182,REST,0
1772342911.872704029,26256.566,615.8734,REST,0
1772342911.879809141,26263.671,765.3775,REST,0
1772342911.884795904,26268.658,795.8251,REST,0
1772342911.892047882,26275.910,836.8481,REST,0
1772342911.897192955,26281.055,949.5787,REST,0
1772342911.904402018,26288.264,966.9442,REST,0
1772342911.909465075,26293.327,912.7235,REST,0
1772342911.916625977,26300.488,967.2041,REST,0
1772342911.921792030,26305.654,1012.2250,REST,0
1772342911.928946972,26312.809,991.8162,REST,0
1772342911.934108973,26317.971,1027.2552,REST,0
1772342911.941354990,26325.217,1063.0443,REST,0
1772342911.946499109,26330.361,978.7290,REST,0
1772342911.953557014,26337.419,956.0048,REST,0
1772342911.958645105,26342.507,1025.8032,REST,0
1772342911.965830803,26349.694,983.1141,REST,0
1772342911.970942020,26354.804,993.4863,REST,0
1772342911.978142023,26362.004,1044.7768,REST,0
1772342911.983312845,26367.175,1039.0444,REST,0
1772342911.990367889,26374.230,967.5475,REST,0
1772342911.995230913,26379.093,1005.6434,REST,0
1772342912.002777100,26386.639,997.6931,REST,0
1772342912.007942915,26391.805,934.3831,REST,0
1772342912.015643835,26399.506,934.6257,REST,0
1772342912.019523144,26403.385,948.7006,REST,0
1772342912.027307987,26411.170,826.5940,REST,0
1772342912.032255888,26416.118,799.9850,REST,0
1772342912.039573908,26423.436,829.4735,REST,0
1772342912.044699907,26428.562,745.0935,REST,0
1772342912.051930189,26435.792,683.7385,REST,0
1772342912.057026148,26440.888,775.8733,REST,0
1772342912.064126968,26447.989,727.6509,REST,0
1772342912.069025993,26452.888,642.7015,REST,0
1772342912.076430082,26460.293,664.4000,REST,0
1772342912.081592083,26465.454,662.4777,REST,0
1772342912.088675022,26472.537,588.4269,REST,0
1772342912.093754053,26477.616,632.2007,REST,0
1772342912.101050854,26484.914,692.1922,REST,0
1772342912.106199026,26490.061,636.4902,REST,0
1772342912.113353968,26497.216,652.8434,REST,0
1772342912.118480921,26502.343,708.3837,REST,0
1772342912.125534058,26509.396,639.2616,REST,0
1772342912.130617142,26514.479,570.7128,REST,0
1772342912.137903214,26521.765,630.4036,REST,0
1772342912.143073082,26526.935,622.0861,REST,0
1772342912.150148153,26534.010,562.2591,REST,0
1772342912.155301094,26539.163,602.5665,REST,0
1772342912.162400007,26546.262,603.2238,REST,0
1772342912.167471170,26551.333,528.5547,REST,0
1772342912.174821138,26558.683,535.5123,REST,0
1772342912.179970026,26563.833,607.7931,REST,0
1772342912.187683105,26571.545,534.5739,REST,0
1772342912.191537857,26575.400,547.2886,REST,0
1772342912.200393915,26584.256,590.1646,REST,0
1772342912.204249144,26588.111,577.0538,REST,0
1772342912.211962938,26595.825,487.0920,REST,0
1772342912.215826988,26599.689,549.8948,REST,0
1772342912.224624872,26608.487,531.0034,REST,0
1772342912.228449106,26612.311,485.8886,REST,0
1772342912.237298012,26621.161,535.2188,REST,0
1772342912.241023064,26624.885,573.9978,REST,0
1772342912.248641014,26632.503,498.8080,REST,0
1772342912.253636122,26637.498,501.4611,REST,0
1772342912.261314154,26645.176,512.1831,REST,0
1772342912.265128851,26648.991,467.8376,REST,0
1772342912.274008989,26657.871,440.7733,REST,0
1772342912.277884960,26661.748,501.0529,REST,0
1772342912.285583973,26669.447,441.2362,REST,0
1772342912.289459944,26673.322,403.7874,REST,0
1772342912.298291922,26682.154,472.3937,REST,0
1772342912.302105188,26685.967,487.4796,REST,0
1772342912.311032057,26694.894,434.9780,REST,0
1772342912.314917803,26698.780,468.3964,REST,0
1772342912.322372198,26706.234,474.9089,REST,0
1772342912.327362061,26711.224,391.1460,REST,0
1772342912.334982872,26718.845,431.2072,REST,0
1772342912.338799000,26722.661,501.2405,REST,0
1772342912.347741842,26731.604,459.2974,REST,0
1772342912.351578951,26735.441,415.9810,REST,0
1772342912.359275103,26743.137,485.8290,REST,0
1772342912.364442825,26748.305,452.5054,REST,0
1772342912.372051954,26755.914,397.7129,REST,0
1772342912.375878811,26759.741,462.5478,REST,0
1772342912.384855986,26768.718,454.2112,REST,0
1772342912.388739109,26772.601,396.2807,REST,0
1772342912.396445990,26780.309,440.7096,REST,0
1772342912.400238991,26784.101,455.7682,REST,0
1772342912.409092188,26792.954,394.8376,REST,0
1772342912.412914991,26796.777,454.9356,REST,0
1772342912.420650005,26804.512,514.6369,REST,0
1772342912.425783157,26809.646,459.0005,REST,0
1772342912.433405876,26817.268,433.3823,REST,0
1772342912.437237978,26821.100,530.3244,REST,0
1772342912.446131945,26829.994,506.7683,REST,0
1772342912.450016975,26833.879,423.0108,REST,0
1772342912.457723856,26841.586,522.8483,REST,0
1772342912.461600065,26845.462,478.5603,REST,0
1772342912.470570087,26854.432,450.2449,REST,0
1772342912.474385977,26858.248,495.2723,REST,0
1772342912.482028961,26865.891,509.4953,REST,0
1772342912.486988068,26870.850,435.0252,REST,0
1772342912.494708061,26878.570,479.5043,REST,0
1772342912.498587847,26882.450,525.7729,REST,0
1772342912.507372141,26891.234,426.7429,REST,0
1772342912.511191130,26895.053,372.3744,REST,0
1772342912.518865824,26902.728,381.9204,REST,0
1772342912.524060965,26907.923,303.6046,REST,0
1772342912.531767130,26915.629,221.5194,REST,0
1772342912.535614014,26919.476,153.5550,REST,0
1772342912.544481039,26928.343,-37.9020,REST,0
1772342912.548346043,26932.208,-214.2097,REST,0
1772342912.555642128,26939.504,-364.8312,REST,0
1772342912.560704947,26944.567,-442.2500,REST,0
1772342912.567973137,26951.835,-509.2302,REST,0
1772342912.573058128,26956.920,-478.3865,REST,0
1772342912.580662966,26964.525,-311.9302,REST,0
1772342912.584535122,26968.397,-270.8349,REST,0
1772342912.593523026,26977.385,-158.0323,REST,0
1772342912.597402096,26981.264,21.8184,REST,0
1772342912.605057001,26988.919,46.7572,REST,0
1772342912.608872890,26992.735,105.4313,REST,0
1772342912.617776871,27001.639,250.9020,REST,0
1772342912.621719122,27005.581,337.9197,REST,0
1772342912.629429102,27013.291,356.6298,REST,0
1772342912.634583950,27018.446,480.9296,REST,0
1772342912.642215014,27026.077,547.5958,REST,0
1772342912.646044016,27029.906,551.2460,REST,0
1772342912.654794931,27038.657,669.1078,REST,0
1772342912.658675909,27042.539,789.2964,REST,0
1772342912.666382074,27050.244,740.6365,REST,0
1772342912.671550035,27055.412,777.8510,REST,0
1772342912.679141998,27063.004,885.9635,REST,0
1772342912.682952881,27066.815,902.1924,REST,0
1772342912.691682100,27075.544,892.4638,REST,0
1772342912.695533037,27079.395,964.5130,REST,0
1772342912.704400778,27088.263,922.9176,REST,0
1772342912.708120108,27091.982,835.3188,REST,0
1772342912.715733051,27099.595,872.2760,REST,0
1772342912.719451904,27103.314,923.2986,REST,0
1772342912.728363991,27112.226,834.9088,REST,0
1772342912.732184172,27116.046,822.9186,REST,0
1772342912.741042852,27124.905,897.9611,REST,0
1772342912.744859934,27128.722,850.7022,REST,0
1772342912.752483130,27136.345,842.2567,REST,0
1772342912.756361961,27140.224,922.5346,REST,0
1772342912.765311003,27149.173,877.2153,REST,0
1772342912.769021034,27152.883,774.8649,REST,0
1772342912.777938843,27161.801,834.3734,REST,0
1772342912.781752110,27165.614,815.8668,REST,0
1772342912.789406061,27173.268,755.1371,REST,0
1772342912.793285847,27177.148,812.3844,REST,0
1772342912.802242994,27186.105,829.2055,REST,0
1772342912.806120872,27189.983,725.6804,REST,0
1772342912.813723803,27197.586,696.5824,REST,0
1772342912.818791866,27202.654,735.1443,REST,0
1772342912.826511145,27210.373,672.7723,REST,0
1772342912.830386877,27214.249,662.6873,REST,0
1772342912.839341164,27223.203,763.3450,REST,0
1772342912.843199968,27227.062,706.0447,REST,0
1772342912.850812912,27234.675,664.8976,REST,0
1772342912.854670048,27238.532,731.0407,REST,0
1772342912.863633871,27247.496,684.4218,REST,0
1772342912.867275000,27251.137,618.6027,REST,0
1772342912.876095057,27259.957,609.5892,REST,0
1772342912.879920959,27263.783,608.2890,REST,0
1772342912.887548923,27271.411,515.2646,REST,0
1772342912.892703056,27276.565,539.4301,REST,0
1772342912.900391817,27284.254,611.5598,REST,0
1772342912.904277086,27288.139,624.4051,REST,0
1772342912.913106918,27296.969,551.8485,REST,0
1772342912.916933060,27300.795,569.6245,REST,0
1772342912.924621105,27308.483,490.8857,REST,0
1772342912.928508997,27312.371,418.7016,REST,0
1772342912.937489986,27321.352,428.6173,REST,0
1772342912.941375017,27325.237,393.9980,REST,0
1772342912.949015141,27332.877,297.3359,REST,0
1772342912.954088926,27337.951,325.8878,REST,0
1772342912.961750031,27345.612,337.7703,REST,0
1772342912.965630054,27349.492,262.5288,REST,0
1772342912.974594116,27358.456,240.2109,REST,0
1772342912.978476048,27362.338,278.4136,REST,0
1772342912.986100912,27369.963,210.3888,REST,0
1772342912.989918947,27373.781,235.4414,REST,0
1772342912.998628139,27382.490,334.5809,REST,0
1772342913.002368927,27386.231,327.9929,REST,0
1772342913.011310101,27395.172,331.2913,REST,0
1772342913.015163898,27399.026,420.4736,REST,0
1772342913.022766113,27406.629,436.6266,REST,0
1772342913.027909040,27411.771,391.7721,REST,0
1772342913.035609007,27419.471,413.9956,REST,0
1772342913.039498091,27423.361,452.4279,REST,0
1772342913.047196865,27431.059,377.0044,REST,0
1772342913.052211046,27436.073,381.1229,REST,0
1772342913.059811115,27443.673,477.5541,REST,0
1772342913.063678026,27447.540,444.2348,REST,0
1772342913.072634220,27456.496,433.8353,REST,0
1772342913.076520920,27460.384,484.7430,REST,0
1772342913.084203959,27468.066,497.4551,REST,0
1772342913.089275837,27473.138,443.8531,REST,0
1772342913.096909046,27480.771,531.1549,REST,0
1772342913.100608110,27484.470,472.0923,REST,0
1772342913.109426975,27493.289,411.7575,REST,0
1772342913.113312006,27497.174,451.1149,REST,0
1772342913.121995926,27505.858,483.3825,REST,0
1772342913.125813007,27509.675,435.0418,REST,0
1772342913.133466005,27517.328,506.7402,REST,0
1772342913.137350798,27521.213,624.2376,REST,0
1772342913.146100998,27529.963,566.8555,REST,0
1772342913.149825096,27533.687,511.3020,REST,0
1772342913.158704996,27542.567,595.0169,REST,0
1772342913.162517071,27546.379,584.4488,REST,0
1772342913.170200109,27554.062,546.3348,REST,0
1772342913.175417185,27559.279,588.8872,REST,0
1772342913.183135986,27566.998,597.7738,REST,0
1772342913.186920881,27570.783,553.3820,REST,0
1772342913.195863008,27579.726,603.8056,REST,0
1772342913.199578047,27583.440,609.2901,REST,0
1772342913.207286119,27591.148,511.7025,REST,0
1772342913.211173058,27595.035,528.4707,REST,0
1772342913.220118046,27603.980,558.5540,REST,0
1772342913.224190950,27608.054,494.4497,REST,0
1772342913.231782913,27615.645,447.8766,REST,0
1772342913.235650063,27619.512,515.4783,REST,0
1772342913.244641066,27628.503,499.0784,REST,0
1772342913.248529911,27632.392,480.4591,REST,0
1772342913.256186008,27640.048,567.5600,REST,0
1772342913.261262178,27645.124,567.5302,REST,0
1772342913.268685102,27652.547,479.5825,REST,0
1772342913.272572994,27656.435,517.3026,REST,0
1772342913.281555891,27665.418,557.6579,REST,0
1772342913.285213947,27669.076,505.0228,REST,0
1772342913.293968916,27677.831,500.4492,REST,0
1772342913.297784090,27681.646,552.7143,REST,0
1772342913.305386066,27689.248,519.8707,REST,0
1772342913.310535908,27694.398,466.6633,REST,0
1772342913.318243980,27702.106,571.0162,REST,0
1772342913.322179079,27706.041,531.0749,REST,0
1772342913.329765081,27713.627,516.9086,REST,0
1772342913.334835052,27718.697,594.1486,REST,0
1772342913.342280865,27726.143,563.9665,REST,0
1772342913.346170187,27730.032,503.1448,REST,0
1772342913.354916096,27738.778,488.8241,REST,0
1772342913.358699083,27742.561,523.1693,REST,0
1772342913.367570877,27751.433,458.4552,REST,0
1772342913.371451855,27755.314,472.5881,REST,0
1772342913.379162788,27763.025,509.1866,REST,0
1772342913.383049011,27766.911,479.0833,REST,0
1772342913.391989946,27775.852,446.4931,REST,0
1772342913.395803928,27779.666,525.9455,REST,0
1772342913.404688835,27788.551,515.8178,REST,0
1772342913.408573866,27792.436,502.1672,REST,0
1772342913.416273832,27800.136,562.9219,REST,0
1772342913.420196056,27804.058,598.0983,REST,0
1772342913.429102182,27812.965,480.6735,REST,0
1772342913.432914019,27816.776,507.0155,REST,0
1772342913.440560102,27824.422,556.4258,REST,0
1772342913.444442034,27828.304,513.5891,REST,0
1772342913.453415871,27837.278,504.3068,REST,0
1772342913.457300901,27841.163,558.4691,REST,0
1772342913.464941025,27848.803,493.2806,REST,0
1772342913.470015049,27853.877,504.2250,REST,0
1772342913.477652073,27861.514,611.5106,REST,0
1772342913.481492043,27865.354,615.5678,REST,0
1772342913.490309954,27874.172,560.1373,REST,0
1772342913.494039059,27877.901,633.6961,REST,0
1772342913.502885818,27886.748,651.1226,REST,0
1772342913.506467104,27890.329,537.9450,REST,0
1772342913.515293837,27899.156,580.4265,REST,0
1772342913.519033194,27902.895,615.2988,REST,0
1772342913.526796103,27910.658,493.3927,REST,0
1772342913.530661821,27914.524,473.3068,REST,0
1772342913.539506912,27923.369,546.8248,REST,0
1772342913.543373108,27927.235,515.3015,REST,0
1772342913.551088810,27934.951,512.1531,REST,0
1772342913.556246996,27940.109,614.3762,REST,0
1772342913.563879967,27947.742,551.6061,REST,0
1772342913.567699909,27951.562,525.1403,REST,0
1772342913.576526165,27960.388,559.2752,REST,0
1772342913.580421209,27964.283,703.0745,REST,0
1772342913.588129997,27971.992,623.7385,REST,0
1772342913.592007875,27975.870,584.2542,REST,0
1772342913.600904942,27984.767,522.6489,REST,0
1772342913.604720831,27988.583,409.5226,REST,0
1772342913.613637924,27997.501,408.6958,REST,0
1772342913.617526054,28001.388,434.8045,REST,0
1772342913.625271082,28009.133,354.9006,REST,0
1772342913.629152060,28013.014,364.8050,REST,0
1772342913.638029099,28021.891,418.8484,REST,0
1772342913.641844988,28025.707,401.7865,REST,0
1772342913.649538040,28033.400,383.8817,REST,0
1772342913.653419018,28037.281,454.5115,REST,0
1772342913.662409067,28046.271,444.7393,REST,0
1772342913.666188002,28050.050,391.0029,REST,0
1772342913.673779011,28057.641,508.5494,REST,0
1772342913.678849936,28062.712,527.5025,REST,0
1772342913.686532021,28070.394,440.4476,REST,0
1772342913.690376043,28074.238,485.8888,REST,0
1772342913.699299097,28083.161,557.5440,REST,0
1772342913.703176022,28087.038,510.0555,REST,0
1772342913.711967945,28095.830,495.5498,REST,0
1772342913.715701103,28099.563,602.6986,REST,0
1772342913.723354101,28107.216,561.5950,REST,0
1772342913.727237940,28111.100,535.1445,REST,0
1772342913.736222029,28120.084,609.8773,REST,0
1772342913.740055084,28123.918,625.5553,REST,0
1772342913.747657061,28131.519,569.1033,REST,0
1772342913.752368927,28136.231,601.9559,REST,0
1772342913.760075092,28143.937,588.6475,REST,0
1772342913.763950109,28147.812,485.0164,REST,0
1772342913.772796869,28156.659,504.1606,REST,0
1772342913.776612043,28160.474,573.6149,REST,0
1772342913.785214901,28169.077,532.9329,REST,0
1772342913.789108992,28172.971,527.4456,REST,0
1772342913.797858953,28181.721,626.3762,REST,0
1772342913.801738024,28185.600,612.9566,REST,0
1772342913.809358120,28193.220,578.4083,REST,0
1772342913.813178778,28197.041,632.8223,REST,0
1772342913.821893930,28205.756,628.5989,REST,0
1772342913.825626850,28209.489,539.3705,REST,0
1772342913.834423065,28218.285,578.7442,REST,0
1772342913.838277102,28222.139,631.1746,REST,0
1772342913.845865011,28229.727,542.5946,REST,0
1772342913.850981951,28234.844,561.0244,REST,0
1772342913.858695030,28242.557,616.6383,REST,0
1772342913.862574100,28246.436,533.9109,REST,0
1772342913.871514797,28255.377,495.0827,REST,0
1772342913.875344992,28259.207,543.7534,REST,0
1772342913.882709026,28266.571,510.7599,REST,0
1772342913.887738943,28271.601,442.6717,REST,0
1772342913.895311117,28279.173,507.0834,REST,0
1772342913.899195910,28283.058,522.9511,REST,0
1772342913.908118010,28291.980,453.6296,REST,0
1772342913.911930799,28295.793,509.8169,REST,0
1772342913.920753956,28304.616,583.8778,REST,0
1772342913.924638033,28308.500,558.3729,REST,0
1772342913.932353973,28316.217,445.4797,REST,0
1772342913.936236143,28320.098,478.0370,REST,0
1772342913.945155144,28329.017,449.9073,REST,0
1772342913.948967934,28332.830,412.4379,REST,0
1772342913.956512928,28340.375,486.3629,REST,0
1772342913.961622000,28345.484,451.5956,REST,0
1772342913.969310999,28353.173,418.7597,REST,0
1772342913.973177195,28357.039,481.6603,REST,0
1772342913.982068062,28365.930,515.3295,REST,0
1772342913.985884905,28369.748,462.2450,REST,0
1772342913.993539095,28377.401,527.7717,REST,0
1772342913.997427940,28381.290,559.6535,REST,0
1772342914.006180048,28390.042,493.7890,REST,0
1772342914.010008097,28393.870,504.2859,REST,0
1772342914.018872976,28402.735,567.3892,REST,0
1772342914.022797108,28406.659,514.3921,REST,0
1772342914.030510187,28414.372,517.5116,REST,0
1772342914.034403086,28418.265,591.1643,REST,0
1772342914.043354988,28427.217,602.3615,REST,0
1772342914.047173977,28431.036,531.6026,REST,0
1772342914.054653883,28438.516,594.5142,REST,0
1772342914.059808016,28443.670,602.2898,REST,0
1772342914.067504883,28451.368,531.1094,REST,0
1772342914.071381092,28455.243,565.6425,REST,0
1772342914.080293179,28464.155,593.3447,REST,0
1772342914.083901882,28467.764,515.9613,REST,0
1772342914.092837095,28476.699,506.8067,REST,0
1772342914.096714020,28480.576,586.1677,REST,0
1772342914.104411840,28488.274,514.9487,REST,0
1772342914.108284950,28492.148,483.5626,REST,0
1772342914.116933823,28500.796,569.2625,REST,0
1772342914.124274969,28508.138,525.6973,REST,0
1772342914.129437923,28513.300,442.4387,REST,0
1772342914.136527777,28520.390,506.9991,REST,0
1772342914.141691923,28525.554,501.6017,REST,0
1772342914.148729086,28532.591,442.2696,REST,0
1772342914.153801918,28537.664,456.7687,REST,0
1772342914.161087990,28544.950,483.3919,REST,0
1772342914.166266203,28550.128,427.1053,REST,0
1772342914.173356056,28557.218,440.9602,REST,0
1772342914.178518057,28562.380,476.6291,REST,0
1772342914.185631037,28569.493,413.8344,REST,0
1772342914.190701008,28574.563,400.8331,REST,0
1772342914.198000908,28581.863,485.0356,REST,0
1772342914.203177929,28587.040,485.0051,REST,0
1772342914.210325003,28594.187,429.8434,REST,0
1772342914.215492010,28599.354,481.0357,REST,0
1772342914.222517014,28606.379,499.8362,REST,0
1772342914.227589846,28611.452,461.7118,REST,0
1772342914.234847069,28618.710,460.0607,REST,0
1772342914.240015030,28623.877,464.9787,REST,0
1772342914.247145891,28631.008,377.6801,REST,0
1772342914.252252817,28636.115,394.2766,REST,0
1772342914.259366989,28643.229,456.0308,REST,0
1772342914.264487982,28648.350,390.7209,REST,0
1772342914.271730900,28655.593,367.3547,REST,0
1772342914.276877165,28660.739,409.7394,REST,0
1772342914.283936977,28667.799,389.9004,REST,0
1772342914.289018154,28672.880,331.8418,REST,0
1772342914.296270132,28680.132,409.9461,REST,0
1772342914.301429033,28685.291,413.6348,REST,0
1772342914.308526039,28692.389,377.3523,REST,0
1772342914.313673019,28697.535,444.5496,REST,0
1772342914.320816994,28704.679,496.5704,REST,0
1772342914.325893164,28709.755,435.8778,REST,0
1772342914.333142042,28717.005,449.3358,REST,0
1772342914.338274956,28722.137,506.7186,REST,0
1772342914.345410109,28729.272,435.2490,REST,0
1772342914.350565195,28734.427,421.2957,REST,0
1772342914.357673883,28741.537,526.5925,REST,0
1772342914.362750053,28746.612,488.4299,REST,0
1772342914.369995117,28753.857,449.7835,REST,0
1772342914.375148058,28759.010,499.8391,REST,0
1772342914.382265091,28766.127,502.4532,REST,0
1772342914.387391090,28771.253,432.2754,REST,0
1772342914.394555807,28778.418,473.6317,REST,0
1772342914.399677038,28783.539,534.5076,REST,0
1772342914.406913042,28790.775,495.5158,REST,0
1772342914.411954880,28795.817,512.4741,REST,0
1772342914.419203043,28803.065,560.1574,REST,0
1772342914.424354076,28808.216,507.3026,REST,0
1772342914.431444883,28815.307,470.7852,REST,0
1772342914.436460018,28820.322,548.4962,REST,0
1772342914.443780184,28827.642,497.4104,REST,0
1772342914.448935986,28832.798,429.2406,REST,0
1772342914.455977917,28839.840,488.9570,CLICK,1
1772342914.461053848,28844.916,494.3390,CLICK,1
1772342914.468294859,28852.157,451.1147,CLICK,1
1772342914.473389149,28857.251,480.4844,CLICK,1
1772342914.480527878,28864.390,516.8693,CLICK,1
1772342914.485603094,28869.465,475.7950,CLICK,1
1772342914.492830992,28876.693,458.9521,CLICK,1
1772342914.497969866,28881.832,512.3819,CLICK,1
1772342914.505141020,28889.003,458.8560,CLICK,1
1772342914.510155916,28894.018,441.4137,CLICK,1
1772342914.517410994,28901.274,512.4758,CLICK,1
1772342914.522568941,28906.431,475.8028,CLICK,1
1772342914.529733181,28913.595,454.5045,CLICK,1
1772342914.534884214,28918.746,521.7171,CLICK,1
1772342914.541998148,28925.860,520.1033,CLICK,1
1772342914.547070026,28930.932,440.1924,CLICK,1
1772342914.554277182,28938.139,488.3886,CLICK,1
1772342914.559397936,28943.261,488.7391,CLICK,1
1772342914.566561937,28950.424,417.3621,CLICK,1
1772342914.571636915,28955.499,432.7246,CLICK,1
1772342914.578873158,28962.735,502.8523,CLICK,1
1772342914.583955050,28967.817,457.0511,CLICK,1
1772342914.591143847,28975.007,420.3930,CLICK,1
1772342914.596211910,28980.074,499.8454,CLICK,1
1772342914.603440046,28987.302,480.3295,CLICK,1
1772342914.608513117,28992.375,468.1625,CLICK,1
1772342914.615781784,28999.644,549.1380,CLICK,1
1772342914.620931149,29004.793,542.6909,CLICK,1
1772342914.628103018,29011.965,472.7336,CLICK,1
1772342914.633238077,29017.100,491.3191,CLICK,1
1772342914.640317917,29024.180,529.6145,CLICK,1
1772342914.645212889,29029.075,447.2986,CLICK,1
1772342914.652670860,29036.533,474.9989,CLICK,1
1772342914.657829046,29041.691,515.1481,CLICK,1
1772342914.664958954,29048.821,458.1375,CLICK,1
1772342914.670068979,29053.931,453.9242,CLICK,1
1772342914.677191973,29061.054,514.6756,CLICK,1
1772342914.682330132,29066.193,489.9261,CLICK,1
1772342914.689517975,29073.380,474.6089,CLICK,1
1772342914.694672823,29078.535,538.4065,CLICK,1
1772342914.701815128,29085.677,523.3308,CLICK,1
1772342914.706895828,29090.758,469.2780,CLICK,1
1772342914.714127064,29097.989,479.1665,CLICK,1
1772342914.719289064,29103.151,522.1716,CLICK,1
1772342914.726411104,29110.273,460.4991,CLICK,1
1772342914.731528997,29115.391,473.3805,CLICK,1
1772342914.738698959,29122.561,502.4304,CLICK,1
1772342914.743792057,29127.654,472.1725,CLICK,1
1772342914.750921965,29134.784,444.6811,CLICK,1
1772342914.756044149,29139.906,516.8040,CLICK,1
1772342914.763673067,29147.536,496.1207,CLICK,1
1772342914.767513037,29151.375,436.3918,CLICK,1
1772342914.776565075,29160.427,474.0978,CLICK,1
1772342914.780395985,29164.259,530.7233,CLICK,1
1772342914.788033009,29171.895,451.2658,CLICK,1
1772342914.793122053,29176.985,480.0385,CLICK,1
1772342914.800565004,29184.427,520.1118,CLICK,1
1772342914.804394960,29188.257,437.6684,CLICK,1
1772342914.813267946,29197.130,458.3545,CLICK,1
1772342914.817100048,29200.962,516.9630,CLICK,1
1772342914.824768066,29208.630,506.0814,CLICK,1
1772342914.829864979,29213.727,488.3205,CLICK,1
1772342914.837472916,29221.335,556.0144,CLICK,1
1772342914.841310024,29225.173,501.4680,CLICK,1
1772342914.850170851,29234.033,479.3729,CLICK,1
1772342914.854016066,29237.878,575.4909,CLICK,1
1772342914.861629963,29245.492,601.8239,CLICK,1
1772342914.866725922,29250.588,543.9938,CLICK,1
1772342914.874375820,29258.238,588.2537,CLICK,1
1772342914.878237963,29262.100,660.2235,CLICK,1
1772342914.887111902,29270.974,566.0430,CLICK,1
1772342914.890949965,29274.812,566.9786,CLICK,1
1772342914.898555994,29282.418,613.5732,CLICK,1
1772342914.903677940,29287.540,555.3388,CLICK,1
1772342914.911283970,29295.146,526.3927,CLICK,1
1772342914.915109158,29298.971,591.5354,CLICK,1
1772342914.923990965,29307.854,524.1287,CLICK,1
1772342914.927611828,29311.474,452.8908,CLICK,1
1772342914.936485052,29320.347,525.4807,CLICK,1
1772342914.940338850,29324.201,536.7111,CLICK,1
1772342914.947952032,29331.814,458.4530,CLICK,1
1772342914.951768160,29335.630,495.5687,CLICK,1
1772342914.960640907,29344.503,531.9576,CLICK,1
1772342914.964453220,29348.315,477.2467,CLICK,1
1772342914.973313093,29357.175,493.5578,CLICK,1
1772342914.977128029,29360.990,557.0661,CLICK,1
1772342914.984513044,29368.375,508.6885,CLICK,1
1772342914.989584923,29373.447,514.8611,CLICK,1
1772342914.997177124,29381.039,562.8691,CLICK,1
1772342915.000992060,29384.854,576.6065,CLICK,1
1772342915.009871960,29393.734,522.8314,CLICK,1
1772342915.013696909,29397.559,522.2960,CLICK,1
1772342915.021319866,29405.182,505.5138,CLICK,1
1772342915.026242018,29410.104,416.7248,CLICK,1
1772342915.033854961,29417.717,450.8898,CLICK,1
1772342915.037672997,29421.535,527.3505,CLICK,1
1772342915.046514034,29430.377,479.5677,CLICK,1
1772342915.050278902,29434.141,467.4587,CLICK,1
1772342915.059148073,29443.010,499.9744,CLICK,1
1772342915.062978983,29446.841,459.0547,CLICK,1
1772342915.070567846,29454.430,454.2727,CLICK,1
1772342915.075637102,29459.499,496.4815,CLICK,1
1772342915.083380938,29467.243,436.3657,CLICK,1
1772342915.087217808,29471.080,394.8144,CLICK,1
1772342915.096029043,29479.891,455.0360,CLICK,1
1772342915.099783897,29483.646,458.3589,CLICK,1
1772342915.107400894,29491.263,406.8522,CLICK,1
1772342915.112483978,29496.346,419.3092,CLICK,1
1772342915.120101929,29503.964,467.4208,CLICK,1
1772342915.123989105,29507.851,391.3775,CLICK,1
1772342915.132848978,29516.711,425.4319,CLICK,1
1772342915.136668921,29520.531,478.9671,CLICK,1
1772342915.144304037,29528.167,410.6209,CLICK,1
1772342915.149399042,29533.262,407.7043,CLICK,1
1772342915.157325029,29541.187,487.0690,CLICK,1
1772342915.161149025,29545.011,489.8487,CLICK,1
1772342915.169743061,29553.605,474.4913,CLICK,1
1772342915.173553944,29557.416,508.1093,CLICK,1
1772342915.181071043,29564.933,517.8387,CLICK,1
1772342915.186149836,29570.012,439.6287,CLICK,1
1772342915.193758965,29577.621,472.7366,CLICK,1
1772342915.198647976,29582.510,503.7391,CLICK,1
1772342915.206130028,29589.992,440.7565,CLICK,1
1772342915.209957123,29593.819,467.8673,CLICK,1
1772342915.218871117,29602.733,523.4680,CLICK,1
1772342915.222726822,29606.589,508.2198,CLICK,1
1772342915.230320215,29614.183,460.5412,CLICK,1
1772342915.235473871,29619.336,541.4099,CLICK,1
1772342915.243108034,29626.970,516.0844,CLICK,1
1772342915.246981144,29630.844,474.9600,CLICK,1
1772342915.255861998,29639.724,558.9804,CLICK,1
1772342915.259676933,29643.539,572.3895,CLICK,1
1772342915.267310143,29651.172,506.2331,CLICK,1
1772342915.271185875,29655.048,510.6900,CLICK,1
1772342915.280158043,29664.020,542.3270,CLICK,1
1772342915.284034014,29667.897,488.4086,CLICK,1
1772342915.291663885,29675.526,492.7836,CLICK,1
1772342915.296740055,29680.602,545.1057,CLICK,1
1772342915.304431200,29688.293,509.1916,CLICK,1
1772342915.308310986,29692.173,476.9502,CLICK,1
1772342915.317283154,29701.145,513.3433,CLICK,1
1772342915.321202993,29705.066,505.1851,CLICK,1
1772342915.328794956,29712.657,480.0745,CLICK,1
1772342915.332607985,29716.470,496.6759,CLICK,1
1772342915.341584921,29725.447,484.7852,CLICK,1
1772342915.345463037,29729.325,408.7327,CLICK,1
1772342915.353159904,29737.022,460.5000,CLICK,1
1772342915.358265162,29742.127,494.8986,CLICK,1
1772342915.365858078,29749.720,423.8456,CLICK,1
1772342915.369721174,29753.583,427.7303,CLICK,1
1772342915.378690004,29762.552,496.9399,CLICK,1
1772342915.382565022,29766.427,446.3441,CLICK,1
1772342915.390274048,29774.136,444.5635,CLICK,1
1772342915.394090891,29777.953,538.3116,CLICK,1
1772342915.402939796,29786.802,500.8700,CLICK,1
1772342915.406823874,29790.686,456.1103,CLICK,1
1772342915.414533138,29798.395,507.6766,CLICK,1
1772342915.419685125,29803.547,502.7199,CLICK,1
1772342915.427377939,29811.240,430.0920,CLICK,1
1772342915.431194782,29815.057,484.8005,CLICK,1
1772342915.440094948,29823.957,524.9309,CLICK,1
1772342915.443978071,29827.840,500.8590,CLICK,1
1772342915.451676846,29835.539,473.1112,CLICK,1
1772342915.455557108,29839.419,501.0708,CLICK,1
1772342915.464464903,29848.327,454.2039,CLICK,1
1772342915.468286037,29852.148,442.8388,CLICK,1
1772342915.477231026,29861.093,519.5520,CLICK,1
1772342915.481117010,29864.979,507.5279,CLICK,1
1772342915.488734961,29872.597,448.1958,CLICK,1
1772342915.492633104,29876.495,503.6728,CLICK,1
1772342915.501503944,29885.366,509.5666,CLICK,1
1772342915.505356073,29889.218,451.1209,CLICK,1
1772342915.513055086,29896.917,503.6124,CLICK,1
1772342915.516934872,29900.797,521.5648,CLICK,1
1772342915.525956154,29909.818,453.1044,CLICK,1
1772342915.529934168,29913.796,462.9955,CLICK,1
1772342915.537524939,29921.387,569.1926,CLICK,1
1772342915.542654991,29926.517,510.9208,CLICK,1
1772342915.550297022,29934.159,507.2784,CLICK,1
1772342915.554180145,29938.042,587.3117,CLICK,1
1772342915.562931061,29946.793,563.6737,CLICK,1
1772342915.566743135,29950.605,495.0256,CLICK,1
1772342915.574364901,29958.227,540.8011,CLICK,1
1772342915.579427004,29963.289,549.6859,CLICK,1
1772342915.586962938,29970.825,490.6921,CLICK,1
1772342915.590851068,29974.713,520.8633,CLICK,1
1772342915.599783897,29983.646,556.4747,CLICK,1
1772342915.603598118,29987.460,496.1659,CLICK,1
1772342915.611237049,29995.099,504.4692,CLICK,1
1772342915.616388083,30000.250,566.1634,CLICK,1
1772342915.624149084,30008.011,507.5681,CLICK,1
1772342915.628053904,30011.916,491.8171,CLICK,1
1772342915.636815071,30020.677,583.6715,CLICK,1
1772342915.640632153,30024.494,517.6381,CLICK,1
1772342915.648319006,30032.181,494.4288,CLICK,1
1772342915.652197838,30036.060,581.7335,CLICK,1
1772342915.661051989,30044.914,520.8657,CLICK,1
1772342915.664931059,30048.793,507.8732,CLICK,1
1772342915.672605038,30056.467,515.8483,CLICK,1
1772342915.677681923,30061.544,551.9478,CLICK,1
1772342915.685323000,30069.185,466.4958,CLICK,1
1772342915.689167023,30073.030,494.4772,CLICK,1
1772342915.698048115,30081.910,533.6699,CLICK,1
1772342915.701879025,30085.741,499.5486,CLICK,1
1772342915.709478855,30093.341,478.8883,CLICK,1
1772342915.714586973,30098.449,590.8719,CLICK,1
1772342915.722297192,30106.159,587.7642,CLICK,1
1772342915.726189137,30110.051,524.2603,CLICK,1
1772342915.735129118,30118.991,585.5642,CLICK,1
1772342915.738945007,30122.807,615.0464,CLICK,1
1772342915.746488094,30130.350,507.2810,CLICK,1
1772342915.750345945,30134.208,551.9684,CLICK,1
1772342915.759282827,30143.145,631.9175,CLICK,1
1772342915.763141870,30147.004,555.0135,CLICK,1
1772342915.772047758,30155.911,554.4453,CLICK,1
1772342915.775905132,30159.767,630.5842,CLICK,1
1772342915.783506870,30167.369,567.3784,CLICK,1
1772342915.787420988,30171.283,529.3539,CLICK,1
1772342915.796401978,30180.264,559.1494,CLICK,1
1772342915.800300121,30184.162,519.6708,CLICK,1
1772342915.807920218,30191.782,500.9591,CLICK,1
1772342915.813003063,30196.865,582.7198,CLICK,1
1772342915.820640087,30204.502,571.0203,CLICK,1
1772342915.824522018,30208.384,490.9774,CLICK,1
1772342915.833492994,30217.355,533.7225,CLICK,1
1772342915.837378979,30221.241,552.1335,CLICK,1
1772342915.844988823,30228.851,476.8049,CLICK,1
1772342915.848806858,30232.669,481.8647,CLICK,1
1772342915.857605219,30241.467,544.1335,CLICK,1
1772342915.861490011,30245.352,484.7277,CLICK,1
1772342915.870301008,30254.163,458.4845,CLICK,1
1772342915.874150991,30258.013,526.0000,CLICK,1
1772342915.881743193,30265.605,498.4921,CLICK,1
1772342915.885556936,30269.419,459.2098,CLICK,1
1772342915.894546032,30278.408,535.6516,CLICK,1
1772342915.898426771,30282.289,617.1644,CLICK,1
1772342915.906110048,30289.972,463.5329,CLICK,1
1772342915.911186934,30295.049,481.6006,CLICK,1
1772342915.918776035,30302.638,476.9913,CLICK,1
1772342915.922713041,30306.575,379.1803,CLICK,1
1772342915.931682110,30315.544,383.3240,CLICK,1
1772342915.935561895,30319.424,414.4257,CLICK,1
1772342915.943211079,30327.073,382.5560,CLICK,1
1772342915.947023153,30330.886,388.5289,CLICK,1
1772342915.955745935,30339.608,476.7289,CLICK,1
1772342915.959416151,30343.278,438.2659,CLICK,1
1772342915.968388081,30352.250,364.9722,CLICK,1
1772342915.972270012,30356.132,425.8275,CLICK,1
1772342915.979835987,30363.698,447.9610,CLICK,1
1772342915.984911203,30368.773,390.8904,CLICK,1
1772342915.992575884,30376.439,419.9551,CLICK,1
1772342915.996459961,30380.322,471.7648,CLICK,1
1772342916.005440950,30389.303,388.8578,CLICK,1
1772342916.009305000,30393.167,408.2849,CLICK,1
1772342916.016905069,30400.767,458.1351,CLICK,1
1772342916.020766973,30404.629,411.5164,CLICK,1
1772342916.029711962,30413.574,346.2791,CLICK,1
1772342916.033590078,30417.452,430.2249,CLICK,1
1772342916.041284084,30425.146,412.7544,CLICK,1
1772342916.046382189,30430.244,351.3914,CLICK,1
1772342916.053973913,30437.836,408.2737,CLICK,1
1772342916.057786226,30441.649,441.0523,CLICK,1
1772342916.066765070,30450.627,397.1664,CLICK,1
1772342916.070643902,30454.506,457.9922,CLICK,1
1772342916.078339100,30462.201,534.9396,CLICK,1
1772342916.082157135,30466.019,471.0969,CLICK,1
1772342916.091002941,30474.865,464.1549,CLICK,1
1772342916.094801903,30478.664,561.4559,CLICK,1
1772342916.103632927,30487.495,539.7504,CLICK,1
1772342916.107506990,30491.370,529.8448,CLICK,1
1772342916.116224051,30500.086,596.7662,CLICK,1
1772342916.120074987,30503.938,575.6500,CLICK,1
1772342916.127722025,30511.584,517.6297,CLICK,1
1772342916.131599903,30515.462,583.2184,CLICK,1
1772342916.140577078,30524.439,587.6687,CLICK,1
1772342916.144456863,30528.319,530.2405,CLICK,1
1772342916.151819944,30535.682,526.9041,CLICK,1
1772342916.156896114,30540.758,555.7022,CLICK,1
1772342916.164288044,30548.150,493.6756,CLICK,1
1772342916.168166876,30552.029,468.0187,CLICK,1
1772342916.177129984,30560.992,513.3377,CLICK,1
1772342916.181014061,30564.876,467.8015,CLICK,1
1772342916.189951897,30573.814,404.4490,CLICK,1
1772342916.193768024,30577.630,494.7745,CLICK,1
1772342916.201457977,30585.320,459.5444,CLICK,1
1772342916.205372810,30589.235,421.4007,CLICK,1
1772342916.214351892,30598.214,508.5408,CLICK,1
1772342916.218371153,30602.233,511.4385,CLICK,1
1772342916.226026058,30609.888,436.3627,CLICK,1
1772342916.229840994,30613.703,453.4551,CLICK,1
1772342916.238827944,30622.690,482.2126,CLICK,1
1772342916.242708921,30626.572,410.3051,CLICK,1
1772342916.250319958,30634.182,432.5983,CLICK,1
1772342916.254144907,30638.007,475.2503,CLICK,1
1772342916.262995005,30646.857,427.8226,CLICK,1
1772342916.266855955,30650.718,385.5581,CLICK,1
1772342916.275600910,30659.463,451.1647,CLICK,1
1772342916.282788038,30666.650,472.6828,CLICK,1
1772342916.288014174,30671.876,395.3721,CLICK,1
1772342916.295004845,30678.867,458.0438,CLICK,1
1772342916.300117970,30683.980,498.4859,CLICK,1
1772342916.307391882,30691.255,470.5735,CLICK,1
1772342916.312576056,30696.438,545.7836,CLICK,1
1772342916.319589853,30703.452,560.5814,CLICK,1
1772342916.324709892,30708.573,509.0384,CLICK,1
1772342916.332499981,30716.362,513.2687,CLICK,1
1772342916.336395979,30720.258,576.4821,CLICK,1
1772342916.344199896,30728.062,514.1946,CLICK,1
1772342916.349364996,30733.227,488.4217,CLICK,1
1772342916.356484175,30740.346,573.4546,CLICK,1
1772342916.361418009,30745.280,583.2404,CLICK,1
1772342916.368730783,30752.594,542.7737,CLICK,1
1772342916.373913050,30757.775,630.0750,CLICK,1
1772342916.381061077,30764.923,624.1824,CLICK,1
1772342916.386228085,30770.090,550.2977,CLICK,1
1772342916.393305063,30777.167,580.3716,CLICK,1
1772342916.398380995,30782.244,631.3440,CLICK,1
1772342916.405590057,30789.452,542.0901,CLICK,1
1772342916.410769939,30794.632,535.2381,CLICK,1
1772342916.417905807,30801.768,577.4677,CLICK,1
1772342916.423094034,30806.956,520.5787,CLICK,1
1772342916.430162907,30814.025,472.2040,CLICK,1
1772342916.435148954,30819.011,534.2437,CLICK,1
1772342916.442542076,30826.404,505.9262,CLICK,1
1772342916.447711945,30831.574,445.7273,CLICK,1
1772342916.454802990,30838.665,517.6971,CLICK,1
1772342916.459904909,30843.767,517.0649,CLICK,1
1772342916.467013121,30850.875,453.3326,CLICK,1
1772342916.472124815,30855.987,507.6653,CLICK,1
1772342916.479317904,30863.180,520.4344,CLICK,1
1772342916.484486818,30868.349,444.2781,CLICK,1
1772342916.491599798,30875.462,460.1302,CLICK,1
1772342916.496688128,30880.550,523.7678,CLICK,1
1772342916.503898144,30887.760,467.6416,CLICK,1
1772342916.508934975,30892.797,459.3439,CLICK,1
1772342916.516283989,30900.146,516.2324,CLICK,1
1772342916.521489859,30905.352,498.3951,CLICK,1
1772342916.528473139,30912.335,459.8636,CLICK,1
1772342916.533550024,30917.412,536.9130,CLICK,1
1772342916.540774822,30924.637,575.4473,CLICK,1
1772342916.545933962,30929.796,491.7872,CLICK,1
1772342916.553084850,30936.947,512.8916,CLICK,1
1772342916.558138132,30942.000,569.2415,CLICK,1
1772342916.565360785,30949.223,509.3115,CLICK,1
1772342916.570435047,30954.297,477.2722,CLICK,1
1772342916.577659845,30961.522,526.6533,CLICK,1
1772342916.582818985,30966.681,490.6709,CLICK,1
1772342916.589935064,30973.797,478.9801,CLICK,1
1772342916.595040083,30978.902,535.5894,CLICK,1
1772342916.602332830,30986.195,450.5342,CLICK,1
1772342916.607403040,30991.265,443.6899,CLICK,1
1772342916.614538908,30998.401,521.0850,CLICK,1
1772342916.619697809,31003.560,540.6765,CLICK,1
1772342916.626831055,31010.693,480.4832,CLICK,1
1772342916.631979942,31015.842,527.3899,CLICK,1
1772342916.639054060,31022.916,570.2957,CLICK,1
1772342916.643771887,31027.634,485.9620,CLICK,1
1772342916.651360989,31035.224,487.6435,CLICK,1
1772342916.656523943,31040.386,559.2375,CLICK,1
1772342916.663625002,31047.487,502.5670,CLICK,1
1772342916.668696165,31052.558,487.1502,CLICK,1
1772342916.675912857,31059.775,613.2440,CLICK,1
1772342916.680952072,31064.815,497.8641,CLICK,1
1772342916.688273907,31072.136,451.0021,CLICK,1
1772342916.693424225,31077.286,519.0590,CLICK,1
1772342916.700477839,31084.340,506.3984,CLICK,1
1772342916.705554962,31089.417,471.1395,CLICK,1
1772342916.712818861,31096.681,568.5598,CLICK,1
1772342916.717982054,31101.844,617.8197,CLICK,1
1772342916.725099087,31108.961,574.2434,CLICK,1
1772342916.730248928,31114.111,567.0021,CLICK,1
1772342916.737417936,31121.280,645.8709,CLICK,1
1772342916.742490768,31126.353,572.6362,CLICK,1
1772342916.749789000,31133.651,517.0504,CLICK,1
1772342916.754956961,31138.819,577.5629,CLICK,1
1772342916.762068033,31145.930,561.6293,CLICK,1
1772342916.767179012,31151.042,486.6482,CLICK,1
1772342916.774337053,31158.199,546.2503,CLICK,1
1772342916.779330969,31163.193,556.5006,CLICK,1
1772342916.786617994,31170.480,448.2796,CLICK,1
1772342916.791781187,31175.643,502.4541,CLICK,1
1772342916.798892021,31182.754,536.2067,CLICK,1
1772342916.803977013,31187.839,439.3215,CLICK,1
1772342916.811126947,31194.989,429.8025,CLICK,1
1772342916.816257954,31200.121,523.3839,CLICK,1
1772342916.823461771,31207.324,475.0378,CLICK,1
1772342916.828611135,31212.473,451.8012,CLICK,1
1772342916.835680008,31219.542,512.5893,CLICK,1
1772342916.840763807,31224.626,491.3204,CLICK,1
1772342916.848020077,31231.882,445.3610,CLICK,1
1772342916.853116989,31236.979,489.9421,CLICK,1
1772342916.860336065,31244.198,513.6546,CLICK,1
1772342916.865501881,31249.364,455.2726,CLICK,1
1772342916.872617960,31256.480,483.4241,CLICK,1
1772342916.877691984,31261.554,495.3069,CLICK,1
1772342916.884876013,31268.738,421.8687,CLICK,1
1772342916.890042782,31273.906,411.3367,CLICK,1
1772342916.897213936,31281.076,503.3417,CLICK,1
1772342916.902372122,31286.234,464.0215,CLICK,1
1772342916.909403801,31293.266,435.8092,CLICK,1
1772342916.914475918,31298.338,506.8308,CLICK,1
1772342916.921760082,31305.622,485.9598,CLICK,1
1772342916.926917791,31310.780,488.3847,CLICK,1
1772342916.934054852,31317.917,495.1153,CLICK,1
1772342916.939168930,31323.031,491.7403,CLICK,1
1772342916.946361065,31330.223,390.5432,CLICK,1
1772342916.951435089,31335.297,413.4132,CLICK,1
1772342916.958647013,31342.509,478.8063,CLICK,1
1772342916.963799953,31347.662,409.9342,CLICK,1
1772342916.970901966,31354.764,416.2818,CLICK,1
1772342916.976037979,31359.900,519.1106,CLICK,1
1772342916.983285904,31367.148,510.2496,CLICK,1
1772342916.988415003,31372.277,480.1769,CLICK,1
1772342916.995493174,31379.355,522.4865,CLICK,1
1772342917.000656843,31384.519,489.0683,CLICK,1
1772342917.007769108,31391.631,438.7568,CLICK,1
1772342917.012670040,31396.532,519.1018,CLICK,1
1772342917.020071030,31403.933,518.8357,CLICK,1
1772342917.025280952,31409.143,440.3712,CLICK,1
1772342917.032402992,31416.265,457.1692,CLICK,1
1772342917.037564993,31421.427,505.2885,CLICK,1
1772342917.044582844,31428.445,435.8369,CLICK,1
1772342917.049656153,31433.518,471.9097,CLICK,1
1772342917.056854963,31440.717,506.9203,CLICK,1
1772342917.062015057,31445.877,459.7197,CLICK,1
1772342917.069211960,31453.074,424.1651,CLICK,1
1772342917.074371099,31458.233,523.0856,CLICK,1
1772342917.081478834,31465.341,519.1420,CLICK,1
1772342917.086410046,31470.272,448.4169,CLICK,1
1772342917.093818903,31477.681,508.6564,CLICK,1
1772342917.098974943,31482.837,511.8410,CLICK,1
1772342917.106126070,31489.988,441.3752,CLICK,1
1772342917.111232042,31495.094,445.4923,CLICK,1
1772342917.118404150,31502.266,482.5254,CLICK,1
1772342917.123514175,31507.376,421.7601,CLICK,1
1772342917.130718946,31514.581,418.0810,CLICK,1
1772342917.135874033,31519.736,515.0869,CLICK,1
1772342917.142983913,31526.846,469.9543,CLICK,1
1772342917.148069143,31531.931,491.3974,CLICK,1
1772342917.155184984,31539.047,538.3171,CLICK,1
1772342917.160293818,31544.156,525.4586,CLICK,1
1772342917.167549849,31551.412,476.4618,CLICK,1
1772342917.172672033,31556.534,529.3784,CLICK,1
1772342917.179821968,31563.684,528.9649,CLICK,1
1772342917.184847116,31568.709,445.1101,CLICK,1
1772342917.192106009,31575.968,490.2651,CLICK,1
1772342917.197007179,31580.869,567.3464,CLICK,1
1772342917.204378128,31588.240,504.1750,CLICK,1
1772342917.209525108,31593.387,524.9713,CLICK,1
1772342917.216612101,31600.474,634.5374,CLICK,1
1772342917.221733093,31605.595,514.5625,CLICK,1
1772342917.229366064,31613.228,465.7926,CLICK,1
1772342917.233157873,31617.020,540.1988,CLICK,1
1772342917.242104053,31625.966,534.0130,CLICK,1
1772342917.245982885,31629.845,483.3079,CLICK,1
1772342917.253614187,31637.476,550.8123,CLICK,1
1772342917.258688927,31642.551,561.0847,CLICK,1
1772342917.266352177,31650.214,522.0413,CLICK,1
1772342917.270234823,31654.097,556.3313,CLICK,1
1772342917.279205084,31663.067,584.6703,CLICK,1
1772342917.282819033,31666.681,488.7456,CLICK,1
1772342917.290421963,31674.284,495.3935,CLICK,1
1772342917.295495987,31679.358,546.9238,CLICK,1
1772342917.303205013,31687.067,536.2102,CLICK,1
1772342917.307098866,31690.961,499.0450,CLICK,1
1772342917.316079140,31699.941,586.4862,CLICK,1
1772342917.319900990,31703.763,566.1569,CLICK,1
1772342917.327569962,31711.432,491.8542,CLICK,1
1772342917.331385136,31715.247,523.0153,CLICK,1
1772342917.340353966,31724.216,540.2258,CLICK,1
1772342917.344233990,31728.096,493.6741,CLICK,1
1772342917.351908207,31735.770,565.0835,CLICK,1
1772342917.356984138,31740.846,559.3198,CLICK,1
1772342917.364578009,31748.441,509.7496,CLICK,1
1772342917.368453026,31752.315,496.8544,CLICK,1
1772342917.377434015,31761.296,573.4024,CLICK,1
1772342917.381318808,31765.181,520.9158,CLICK,1
1772342917.388972044,31772.834,442.7101,CLICK,1
1772342917.394020081,31777.882,515.2643,CLICK,1
1772342917.401643038,31785.505,512.4721,CLICK,1
1772342917.405527115,31789.389,463.1002,CLICK,1
1772342917.414520025,31798.382,539.2379,CLICK,1
1772342917.418236017,31802.099,536.1187,CLICK,1
1772342917.425870180,31809.732,457.4486,CLICK,1
1772342917.429713011,31813.575,487.2201,CLICK,1
1772342917.438621044,31822.484,569.4906,CLICK,1
1772342917.442515850,31826.378,467.7617,CLICK,1
1772342917.450227022,31834.089,476.2485,CLICK,1
1772342917.455338001,31839.200,563.1669,CLICK,1
1772342917.462929010,31846.791,510.8633,CLICK,1
1772342917.466738939,31850.601,469.5864,CLICK,1
1772342917.475594997,31859.457,560.7944,CLICK,1
1772342917.479475975,31863.338,554.8909,CLICK,1
1772342917.488262892,31872.125,455.3219,CLICK,1
1772342917.492078066,31875.940,507.9736,CLICK,1
1772342917.499673128,31883.535,503.5744,CLICK,1
1772342917.503488064,31887.350,442.1017,CLICK,1
1772342917.512463808,31896.326,438.4096,CLICK,1
1772342917.516340971,31900.203,481.6372,CLICK,1
1772342917.524060011,31907.922,423.5551,CLICK,1
1772342917.529184103,31913.046,436.0419,CLICK,1
1772342917.536773205,31920.635,506.2406,CLICK,1
1772342917.540662050,31924.524,458.6438,CLICK,1
1772342917.549647808,31933.511,418.5864,CLICK,1
1772342917.553530931,31937.393,490.1475,CLICK,1
1772342917.561177015,31945.039,472.1847,CLICK,1
1772342917.564990044,31948.852,399.3078,CLICK,1
1772342917.573912144,31957.774,490.3567,CLICK,1
1772342917.577801943,31961.664,480.8058,CLICK,1
1772342917.585514069,31969.376,395.9396,CLICK,1
1772342917.590785980,31974.648,433.6185,CLICK,1
1772342917.598388910,31982.251,493.4434,CLICK,1
1772342917.602220058,31986.082,404.7433,CLICK,1
1772342917.611128092,31994.990,403.3486,CLICK,1
1772342917.614922047,31998.784,481.5467,CLICK,1
1772342917.622601986,32006.464,485.2858,CLICK,1
1772342917.626256943,32010.119,458.6409,CLICK,1
1772342917.635105133,32018.967,501.7150,CLICK,1
1772342917.638917923,32022.780,492.9419,CLICK,1
1772342917.647856236,32031.718,439.7962,CLICK,1
1772342917.651715994,32035.578,545.9127,CLICK,1
1772342917.659394026,32043.256,536.2931,CLICK,1
1772342917.663223982,32047.086,481.8453,CLICK,1
1772342917.671930075,32055.792,495.0902,CLICK,1
1772342917.675790071,32059.652,568.6832,CLICK,1
1772342917.684768915,32068.631,521.4144,CLICK,1
1772342917.688652039,32072.515,494.4575,CLICK,1
1772342917.696300030,32080.162,523.1415,CLICK,1
1772342917.700114965,32083.977,479.0674,CLICK,1
1772342917.709019899,32092.882,429.8435,CLICK,1
1772342917.712903023,32096.765,505.1378,CLICK,1
1772342917.720577002,32104.439,487.5921,CLICK,1
1772342917.725606918,32109.470,407.0963,CLICK,1
1772342917.733106852,32116.969,502.2032,CLICK,1
1772342917.736923933,32120.786,511.6828,CLICK,1
1772342917.745843887,32129.707,422.4855,CLICK,1
1772342917.749730110,32133.592,457.2224,CLICK,1
1772342917.757424116,32141.286,559.3921,CLICK,1
1772342917.762555838,32146.418,531.7769,CLICK,1
1772342917.770150900,32154.013,501.8018,CLICK,1
1772342917.773993969,32157.856,537.6668,CLICK,1
1772342917.782906771,32166.769,495.3374,CLICK,1
1772342917.786751986,32170.615,471.4122,CLICK,1
1772342917.794375896,32178.238,533.2858,CLICK,1
1772342917.799516916,32183.379,526.3846,CLICK,1
1772342917.807123899,32190.987,466.7672,CLICK,1
1772342917.810945988,32194.808,528.8811,CLICK,1
1772342917.819843054,32203.705,555.2800,CLICK,1
1772342917.823735952,32207.598,466.9728,CLICK,1
1772342917.831339121,32215.201,468.4958,CLICK,1
1772342917.835151196,32219.013,510.7858,CLICK,1
1772342917.843997002,32227.859,429.4395,CLICK,1
1772342917.847827911,32231.690,422.2648,CLICK,1
1772342917.856815100,32240.678,494.3229,CLICK,1
1772342917.860660076,32244.522,463.7692,CLICK,1
1772342917.868282795,32252.145,456.0654,CLICK,1
1772342917.872094870,32255.957,537.6853,CLICK,1
1772342917.880957842,32264.820,527.1030,CLICK,1
1772342917.884799004,32268.661,478.8203,CLICK,1
1772342917.893739939,32277.603,518.3357,CLICK,1
1772342917.897578001,32281.440,521.4088,CLICK,1
1772342917.905178785,32289.041,438.6651,CLICK,1
1772342917.908892870,32292.755,452.1867,CLICK,1
1772342917.917764187,32301.627,480.0343,CLICK,1
1772342917.921632051,32305.494,431.6644,CLICK,1
1772342917.930505037,32314.367,390.5069,CLICK,1
1772342917.934330940,32318.193,409.2216,CLICK,1
1772342917.941933155,32325.795,353.8948,CLICK,1
1772342917.945756912,32329.619,356.8117,CLICK,1
1772342917.954663992,32338.526,475.2111,CLICK,1
1772342917.958501816,32342.364,488.9617,CLICK,1
1772342917.966181040,32350.043,450.3983,CLICK,1
1772342917.971276999,32355.139,489.7137,CLICK,1
1772342917.978909969,32362.772,468.8041,CLICK,1
1772342917.982759953,32366.622,432.5158,CLICK,1
1772342917.991698980,32375.561,489.2244,CLICK,1
1772342917.995574951,32379.437,534.0098,CLICK,1
1772342918.003117085,32386.979,458.2424,CLICK,1
1772342918.008210897,32392.073,433.0213,CLICK,1
1772342918.015809059,32399.672,505.8499,CLICK,1
1772342918.019628048,32403.490,466.8022,CLICK,1
1772342918.028656960,32412.520,491.2334,CLICK,1
1772342918.032536030,32416.398,562.8853,CLICK,1
1772342918.040189981,32424.052,552.4581,CLICK,1
1772342918.045231104,32429.093,489.3204,CLICK,1
1772342918.052768946,32436.631,550.9476,CLICK,1
1772342918.056648016,32440.510,570.0784,CLICK,1
1772342918.065623999,32449.486,514.7275,CLICK,1
1772342918.069500923,32453.363,563.9760,CLICK,1
1772342918.077156067,32461.018,652.6650,CLICK,1
1772342918.080981016,32464.843,434.2944,CLICK,1
1772342918.089885950,32473.748,384.7777,CLICK,1
1772342918.093750000,32477.613,444.1517,CLICK,1
1772342918.101387978,32485.250,453.2810,CLICK,1
1772342918.106484890,32490.347,448.9680,CLICK,1
1772342918.113934994,32497.797,523.4125,CLICK,1
1772342918.117827177,32501.689,521.0062,CLICK,1
1772342918.126874924,32510.737,478.9415,CLICK,1
1772342918.130702019,32514.564,575.0469,CLICK,1
1772342918.139419794,32523.282,562.3812,CLICK,1
1772342918.143239021,32527.101,495.1403,CLICK,1
1772342918.150830030,32534.692,546.8786,CLICK,1
1772342918.154643059,32538.505,575.8887,CLICK,1
1772342918.163581848,32547.444,522.9421,CLICK,1
1772342918.167229891,32551.092,512.1069,CLICK,1
1772342918.176058054,32559.920,551.6674,CLICK,1
1772342918.179880857,32563.743,481.9831,CLICK,1
1772342918.187471151,32571.333,415.0693,CLICK,1
1772342918.191371918,32575.234,530.0621,CLICK,1
1772342918.200258970,32584.121,532.5673,CLICK,1
1772342918.204076052,32587.938,460.6230,CLICK,1
1772342918.213057041,32596.920,534.4089,CLICK,1
1772342918.216899157,32600.761,551.9115,CLICK,1
1772342918.224533081,32608.395,466.5185,CLICK,1
1772342918.229606867,32613.469,485.0888,CLICK,1
1772342918.237215996,32621.078,535.0168,CLICK,1
1772342918.241037130,32624.899,466.6210,CLICK,1
1772342918.249794960,32633.657,488.4403,CLICK,1
1772342918.253618002,32637.480,575.6135,CLICK,1
1772342918.261219978,32645.082,517.3203,CLICK,1
1772342918.266310930,32650.173,510.0243,CLICK,1
1772342918.273910046,32657.772,580.6837,CLICK,1
1772342918.277729988,32661.592,540.7449,CLICK,1
1772342918.286591053,32670.453,468.8763,CLICK,1
1772342918.290410042,32674.272,535.4122,CLICK,1
1772342918.298017025,32681.879,570.8207,CLICK,1
1772342918.303112030,32686.975,445.6343,CLICK,1
1772342918.310714006,32694.577,447.3925,CLICK,1
1772342918.314551115,32698.413,494.0151,CLICK,1
1772342918.323451996,32707.314,441.8085,CLICK,1
1772342918.327278137,32711.140,401.7897,CLICK,1
1772342918.334887981,32718.750,485.6875,CLICK,1
1772342918.340144873,32724.007,458.4297,CLICK,1
1772342918.347822189,32731.684,412.7270,CLICK,1
1772342918.351660967,32735.523,489.6892,CLICK,1
1772342918.359365940,32743.228,503.8515,CLICK,1
1772342918.364453793,32748.316,464.5672,CLICK,1
1772342918.372057199,32755.920,511.1359,CLICK,1
1772342918.375881910,32759.744,567.5803,CLICK,1
1772342918.384734869,32768.597,468.8466,CLICK,1
1772342918.388549805,32772.412,455.8405,CLICK,1
1772342918.397244930,32781.107,530.6245,CLICK,1
1772342918.401064873,32784.927,437.9300,CLICK,1
1772342918.408663988,32792.526,459.6396,CLICK,1
1772342918.413746834,32797.609,528.1111,CLICK,1
1772342918.421535015,32805.397,502.4976,CLICK,1
1772342918.425430059,32809.292,461.1028,CLICK,1
1772342918.433079004,32816.942,523.0990,CLICK,1
1772342918.438251019,32822.113,542.7619,CLICK,1
1772342918.445868969,32829.732,479.5968,CLICK,1
1772342918.449687958,32833.550,569.9627,CLICK,1
1772342918.458876848,32842.739,603.1560,REST,0
1772342918.462705851,32846.568,557.8899,REST,0
1772342918.470349073,32854.211,541.3067,REST,0
1772342918.474184990,32858.047,587.5537,REST,0
1772342918.483048916,32866.911,512.3301,REST,0
1772342918.487134933,32870.997,520.7634,REST,0
1772342918.494735003,32878.597,605.4957,REST,0
1772342918.499752998,32883.615,561.9095,REST,0
1772342918.507362127,32891.224,523.5711,REST,0
1772342918.510979176,32894.841,595.8017,REST,0
1772342918.519889832,32903.752,594.9060,REST,0
1772342918.523741961,32907.604,539.1143,REST,0
1772342918.531343937,32915.206,588.4199,REST,0
1772342918.536402941,32920.265,634.7325,REST,0
1772342918.543956041,32927.818,524.2951,REST,0
1772342918.549026966,32932.889,507.3344,REST,0
1772342918.556627989,32940.490,572.4791,REST,0
1772342918.560457945,32944.320,506.4596,REST,0
1772342918.569010019,32952.872,489.6629,REST,0
1772342918.572820902,32956.683,574.9849,REST,0
1772342918.581680059,32965.542,521.8233,REST,0
1772342918.585493088,32969.355,501.4439,REST,0
1772342918.593142033,32977.004,547.6087,REST,0
1772342918.596956968,32980.820,507.2060,REST,0
1772342918.605705976,32989.568,456.1484,REST,0
1772342918.609351873,32993.214,525.5506,REST,0
1772342918.618196964,33002.059,565.7385,REST,0
1772342918.622040987,33005.903,477.9974,REST,0
1772342918.630764961,33014.627,488.6434,REST,0
1772342918.634589911,33018.452,483.2389,REST,0
1772342918.642099857,33025.962,330.7596,REST,0
1772342918.647258997,33031.122,227.6741,REST,0
1772342918.655203104,33039.065,153.2282,REST,0
1772342918.659029007,33042.891,-5.4374,REST,0
1772342918.666620016,33050.482,-246.0668,REST,0
1772342918.671763897,33055.626,-279.6553,REST,0
1772342918.679390907,33063.253,-285.6692,REST,0
1772342918.683115959,33066.978,-378.5493,REST,0
1772342918.691915035,33075.778,-289.0169,REST,0
1772342918.695740938,33079.603,-225.9935,REST,0
1772342918.704642057,33088.504,-242.6138,REST,0
1772342918.708517790,33092.380,-123.3289,REST,0
1772342918.716201067,33100.063,26.0060,REST,0
1772342918.720104933,33103.967,40.0519,REST,0
1772342918.728974104,33112.836,102.2455,REST,0
1772342918.732789040,33116.651,280.4746,REST,0
1772342918.741091013,33124.953,339.3438,REST,0
1772342918.744796991,33128.659,422.6918,REST,0
1772342918.753621101,33137.483,597.7551,REST,0
1772342918.757493973,33141.356,685.9827,REST,0
1772342918.765089035,33148.951,683.9893,REST,0
1772342918.770213127,33154.076,741.1914,REST,0
1772342918.777889013,33161.751,794.5966,REST,0
1772342918.781764030,33165.626,758.7199,REST,0
1772342918.789444208,33173.306,787.6447,REST,0
1772342918.794556856,33178.419,849.2477,REST,0
1772342918.802147150,33186.009,794.1317,REST,0
1772342918.805903196,33189.765,750.6322,REST,0
1772342918.814693928,33198.556,799.7859,REST,0
1772342918.818526983,33202.389,759.6481,REST,0
1772342918.827331066,33211.193,699.5450,REST,0
1772342918.831164837,33215.027,748.5826,REST,0
1772342918.838756084,33222.618,706.8817,REST,0
1772342918.843952179,33227.814,627.1109,REST,0
1772342918.851562977,33235.425,680.5927,REST,0
1772342918.855422974,33239.285,693.8670,REST,0
1772342918.864347935,33248.210,655.5036,REST,0
1772342918.868169069,33252.031,692.1228,REST,0
1772342918.875834227,33259.696,781.9400,REST,0
1772342918.879707813,33263.571,704.4688,REST,0
1772342918.888683081,33272.545,746.4431,REST,0
1772342918.892557144,33276.419,717.6219,REST,0
1772342918.901201963,33285.064,674.5156,REST,0
1772342918.905018091,33288.880,670.2498,REST,0
1772342918.912683964,33296.546,700.6517,REST,0
1772342918.916563034,33300.425,661.0000,REST,0
1772342918.925583124,33309.445,612.6979,REST,0
1772342918.929458857,33313.321,663.3884,REST,0
1772342918.937059164,33320.921,709.3201,REST,0
1772342918.942132950,33325.995,631.7437,REST,0
1772342918.949828148,33333.690,654.4685,REST,0
1772342918.953701019,33337.563,723.6112,REST,0
1772342918.962712049,33346.574,669.7097,REST,0
1772342918.966541052,33350.403,650.4933,REST,0
1772342918.974128246,33357.990,695.2403,REST,0
1772342918.977972031,33361.834,667.4448,REST,0
1772342918.986923933,33370.786,636.0899,REST,0
1772342918.990800858,33374.663,702.2409,REST,0
1772342918.998490810,33382.353,700.9384,REST,0
1772342919.003578901,33387.442,628.0170,REST,0
1772342919.011186838,33395.049,631.8307,REST,0
1772342919.015066862,33398.929,633.8182,REST,0
1772342919.024043083,33407.905,545.4790,REST,0
1772342919.027915001,33411.777,569.8746,REST,0
1772342919.035558939,33419.421,610.4960,REST,0
1772342919.039375782,33423.238,554.2069,REST,0
1772342919.048045158,33431.907,528.4400,REST,0
1772342919.051919937,33435.782,594.6587,REST,0
1772342919.060880899,33444.743,575.2366,REST,0
1772342919.067866087,33451.728,543.9840,REST,0
1772342919.072950125,33456.812,640.0696,REST,0
1772342919.080075026,33463.937,632.0638,REST,0
1772342919.085164070,33469.026,576.7986,REST,0
1772342919.092437029,33476.299,601.5023,REST,0
1772342919.097609997,33481.472,596.9295,REST,0
1772342919.104682922,33488.545,535.6329,REST,0
1772342919.109753132,33493.615,536.1509,REST,0
1772342919.116995096,33500.857,565.5941,REST,0
1772342919.122210979,33506.073,526.6837,REST,0
1772342919.129317999,33513.180,514.4434,REST,0
1772342919.134471893,33518.334,560.0172,REST,0
1772342919.141533852,33525.396,532.6238,REST,0
1772342919.146621943,33530.484,494.3016,REST,0
1772342919.153846979,33537.710,548.1563,REST,0
1772342919.158927202,33542.789,538.7651,REST,0
1772342919.166149855,33550.013,506.1270,REST,0
1772342919.171037912,33554.900,522.2951,REST,0
1772342919.178382158,33562.244,536.2731,REST,0
1772342919.183503866,33567.366,486.5474,REST,0
1772342919.190762043,33574.624,506.5039,REST,0
1772342919.195919037,33579.781,569.2065,REST,0
1772342919.203035831,33586.898,514.2620,REST,0
1772342919.208117962,33591.980,501.1973,REST,0
1772342919.215279102,33599.141,580.6342,REST,0
1772342919.220293999,33604.156,532.0399,REST,0
1772342919.227612972,33611.476,523.3688,REST,0
1772342919.232710838,33616.573,512.7500,REST,0
1772342919.239934921,33623.797,448.6408,REST,0
1772342919.245020866,33628.883,312.3873,REST,0
1772342919.252182961,33636.045,240.0108,REST,0
1772342919.257349968,33641.212,126.6961,REST,0
1772342919.264510870,33648.374,-201.9337,REST,0
1772342919.269669771,33653.532,-359.6037,REST,0
1772342919.276735067,33660.597,-431.5401,REST,0
1772342919.281636000,33665.498,-558.7977,REST,0
1772342919.289018869,33672.881,-535.3103,REST,0
1772342919.294174910,33678.037,-391.4684,REST,0
1772342919.301342964,33685.206,-291.3198,REST,0
1772342919.306468010,33690.330,-272.5058,REST,0
1772342919.313601971,33697.464,-80.3207,REST,0
1772342919.318523884,33702.386,35.8026,REST,0
1772342919.325858116,33709.721,71.6297,REST,0
1772342919.331027031,33714.889,234.6981,REST,0
1772342919.338149071,33722.011,325.7835,REST,0
1772342919.343244076,33727.106,395.9926,REST,0
1772342919.350462914,33734.325,513.6828,REST,0
1772342919.355603933,33739.466,632.5971,REST,0
1772342919.362709999,33746.573,659.3975,REST,0
1772342919.367866039,33751.728,713.3463,REST,0
1772342919.375036955,33758.899,841.2282,REST,0
1772342919.380132198,33763.994,856.1630,REST,0
1772342919.387326956,33771.189,855.7945,REST,0
1772342919.392495155,33776.357,947.0839,REST,0
1772342919.399610996,33783.473,955.2359,REST,0
1772342919.404764891,33788.627,891.9421,REST,0
1772342919.411995888,33795.858,969.3018,REST,0
1772342919.416917086,33800.779,989.4342,REST,0
1772342919.424263954,33808.126,900.5745,REST,0
1772342919.429419994,33813.282,893.9909,REST,0
1772342919.436496973,33820.359,971.7031,REST,0
1772342919.441649914,33825.512,881.0085,REST,0
1772342919.448713064,33832.575,854.2067,REST,0
1772342919.453786850,33837.649,918.5994,REST,0
1772342919.461070061,33844.932,864.6378,REST,0
1772342919.466224909,33850.087,813.8473,REST,0
1772342919.473334074,33857.197,883.1342,REST,0
1772342919.478461027,33862.323,887.4847,REST,0
1772342919.485579967,33869.442,845.5988,REST,0
1772342919.490592957,33874.455,891.3110,REST,0
1772342919.497992992,33881.855,883.1851,REST,0
1772342919.503153801,33887.016,790.1334,REST,0
1772342919.510275126,33894.137,802.0292,REST,0
1772342919.515439034,33899.301,836.1093,REST,0
1772342919.522536993,33906.399,776.3797,REST,0
1772342919.527669907,33911.532,742.3899,REST,0
1772342919.534809113,33918.672,773.9956,REST,0
1772342919.539977074,33923.839,731.3984,REST,0
1772342919.547034979,33930.897,661.1644,REST,0
1772342919.552122116,33935.984,717.4651,REST,0
1772342919.559450865,33943.314,692.0709,REST,0
1772342919.564601183,33948.463,634.8039,REST,0
1772342919.571652174,33955.514,651.8959,REST,0
1772342919.576756954,33960.619,661.0286,REST,0
1772342919.583959103,33967.821,588.5140,REST,0
1772342919.589032888,33972.896,605.5268,REST,0
1772342919.596183062,33980.045,636.6372,REST,0
1772342919.601172924,33985.035,577.0031,REST,0
1772342919.608515024,33992.377,561.4033,REST,0
1772342919.613472939,33997.335,616.1920,REST,0
1772342919.620816946,34004.679,593.4744,REST,0
1772342919.625899076,34009.761,542.1276,REST,0
1772342919.633082151,34016.944,602.2124,REST,0
1772342919.638237953,34022.100,584.6555,REST,0
1772342919.645437002,34029.299,523.6638,REST,0
1772342919.650554180,34034.416,549.2687,REST,0
1772342919.657643080,34041.505,565.2551,REST,0
1772342919.662461996,34046.324,513.9064,REST,0
1772342919.670020103,34053.882,524.3991,REST,0
1772342919.675193071,34059.055,529.5211,REST,0
1772342919.682218075,34066.080,459.4333,REST,0
1772342919.687298059,34071.160,474.4311,REST,0
1772342919.694488049,34078.350,565.1721,REST,0
1772342919.699429035,34083.292,558.8476,REST,0
1772342919.706856966,34090.719,530.9216,REST,0
1772342919.711930037,34095.792,592.3192,REST,0
1772342919.719118118,34102.980,568.8935,REST,0
1772342919.724342108,34108.205,495.5628,REST,0
1772342919.731393099,34115.255,526.7049,REST,0
1772342919.736524105,34120.386,537.6599,REST,0
1772342919.743710041,34127.572,441.2293,REST,0
1772342919.748856068,34132.718,458.6839,REST,0
1772342919.755938053,34139.800,505.4769,REST,0
1772342919.761013031,34144.875,451.3566,REST,0
1772342919.768357992,34152.221,421.8449,REST,0
1772342919.773507118,34157.369,506.8386,REST,0
1772342919.780558109,34164.420,497.4509,REST,0
1772342919.785561085,34169.423,439.4570,REST,0
1772342919.792796850,34176.659,516.6224,REST,0
1772342919.797868967,34181.731,515.0899,REST,0
1772342919.805104971,34188.967,470.1777,REST,0
1772342919.810264111,34194.126,497.7877,REST,0
1772342919.817415953,34201.278,496.6780,REST,0
1772342919.822549105,34206.411,413.8160,REST,0
1772342919.829664946,34213.528,421.4331,REST,0
1772342919.834839106,34218.701,459.3580,REST,0
1772342919.842036963,34225.899,404.4752,REST,0
1772342919.847187042,34231.049,377.9334,REST,0
1772342919.854234934,34238.097,479.4679,REST,0
1772342919.859306097,34243.168,452.6853,REST,0
1772342919.866560936,34250.423,410.8955,REST,0
1772342919.871705055,34255.567,472.9497,REST,0
1772342919.878880978,34262.743,471.3821,REST,0
1772342919.883919954,34267.782,413.4866,REST,0
1772342919.891103983,34274.966,466.9109,REST,0
1772342919.895982027,34279.845,505.2977,REST,0
1772342919.903460026,34287.322,442.6987,REST,0
1772342919.908614874,34292.477,465.2412,REST,0
1772342919.915727854,34299.590,506.8997,REST,0
1772342919.920872927,34304.735,438.7954,REST,0
1772342919.927974939,34311.837,446.1929,REST,0
1772342919.933056116,34316.918,499.4399,REST,0
1772342919.940327883,34324.190,474.5918,REST,0
1772342919.945499897,34329.363,445.3726,REST,0
1772342919.952610970,34336.473,487.8157,REST,0
1772342919.957744122,34341.606,495.6776,REST,0
1772342919.964848042,34348.710,362.8651,REST,0
1772342919.969953060,34353.815,369.3961,REST,0
1772342919.977139950,34361.002,411.2713,REST,0
1772342919.982069016,34365.931,387.4620,REST,0
1772342919.989445925,34373.308,418.2398,REST,0
1772342919.994533062,34378.395,486.7540,REST,0
1772342920.001701117,34385.563,443.1449,REST,0
1772342920.006822824,34390.685,425.5877,REST,0
1772342920.014230967,34398.093,509.4797,REST,0
1772342920.019342184,34403.204,445.4881,REST,0
1772342920.027063131,34410.926,399.0426,REST,0
1772342920.030887842,34414.750,488.2408,REST,0
1772342920.039541006,34423.403,486.8168,REST,0
1772342920.043387890,34427.250,392.9901,REST,0
1772342920.051042080,34434.904,455.5743,REST,0
1772342920.056159019,34440.021,498.2095,REST,0
1772342920.063771963,34447.634,425.1712,REST,0
1772342920.067589045,34451.451,475.9804,REST,0
1772342920.076514006,34460.376,499.0428,REST,0
1772342920.080389977,34464.252,433.9138,REST,0
1772342920.088087082,34471.949,419.5562,REST,0
1772342920.091959000,34475.821,504.4419,REST,0
1772342920.100825071,34484.687,492.3660,REST,0
1772342920.104637861,34488.500,449.9243,REST,0
1772342920.113656998,34497.519,535.2802,REST,0
1772342920.117255926,34501.118,541.7305,REST,0
1772342920.124794960,34508.658,453.3211,REST,0
1772342920.129930019,34513.792,497.6645,REST,0
1772342920.137516022,34521.378,512.6462,REST,0
1772342920.141362906,34525.225,427.6272,REST,0
1772342920.150332928,34534.196,438.0793,REST,0
1772342920.154225826,34538.088,492.7461,REST,0
1772342920.161936998,34545.799,447.9627,REST,0
1772342920.165763140,34549.625,440.8797,REST,0
1772342920.174610853,34558.474,482.7615,REST,0
1772342920.178453922,34562.316,451.1494,REST,0
1772342920.186160088,34570.022,409.0436,REST,0
1772342920.191304922,34575.168,476.8764,REST,0
1772342920.198968172,34582.830,472.8810,REST,0
1772342920.202784061,34586.646,406.8635,REST,0
1772342920.211452961,34595.315,449.5912,REST,0
1772342920.215205193,34599.067,501.5971,REST,0
1772342920.222898960,34606.762,438.9082,REST,0
1772342920.228050947,34611.913,471.8369,REST,0
1772342920.235496998,34619.359,536.3843,REST,0
1772342920.239315033,34623.177,498.1912,REST,0
1772342920.248245001,34632.107,488.1177,REST,0
1772342920.252120018,34635.982,544.9542,REST,0
1772342920.259827852,34643.690,494.4090,REST,0
1772342920.264940977,34648.803,453.7915,REST,0
1772342920.272531033,34656.393,525.4174,REST,0
1772342920.276344061,34660.206,517.6643,REST,0
1772342920.285307884,34669.170,463.0216,REST,0
1772342920.289180994,34673.043,503.7966,REST,0
1772342920.296875954,34680.738,509.4041,REST,0
1772342920.302040100,34685.903,442.8730,REST,0
1772342920.309617996,34693.480,470.3848,REST,0
1772342920.313476086,34697.338,529.2553,REST,0
1772342920.322533846,34706.396,449.0129,REST,0
1772342920.326413155,34710.275,442.9703,REST,0
1772342920.333878040,34717.740,531.7709,REST,0
1772342920.337692022,34721.554,495.7645,REST,0
1772342920.346567869,34730.430,458.4899,REST,0
1772342920.350285053,34734.147,508.2518,REST,0
1772342920.359249830,34743.112,495.0741,REST,0
1772342920.363120079,34746.982,446.7936,REST,0
1772342920.370760918,34754.623,468.7012,REST,0
1772342920.374576092,34758.438,507.8684,REST,0
1772342920.383312941,34767.175,437.0293,REST,0
1772342920.387191057,34771.053,479.5950,REST,0
1772342920.396161079,34780.023,525.4304,REST,0
1772342920.400036097,34783.898,463.4647,REST,0
1772342920.407639980,34791.502,431.9254,REST,0
1772342920.411453009,34795.315,502.8929,REST,0
1772342920.420387030,34804.249,486.3821,REST,0
1772342920.424267054,34808.129,462.1105,REST,0
1772342920.431960106,34815.822,530.2157,REST,0
1772342920.437075853,34820.938,497.6570,REST,0
1772342920.444664001,34828.526,427.3288,REST,0
1772342920.448475838,34832.338,480.2338,REST,0
1772342920.457437038,34841.299,539.3579,REST,0
1772342920.461309910,34845.172,438.7200,REST,0
1772342920.469005108,34852.867,446.5247,REST,0
1772342920.472830057,34856.692,501.0149,REST,0
1772342920.481678009,34865.540,453.1065,REST,0
1772342920.485537052,34869.399,422.1274,REST,0
1772342920.494497061,34878.359,517.1139,REST,0
1772342920.498368025,34882.231,514.3952,REST,0
1772342920.506025076,34889.887,493.5513,REST,0
1772342920.509838104,34893.700,531.3399,REST,0
1772342920.518715858,34902.578,525.8123,REST,0
1772342920.522656918,34906.519,451.5542,REST,0
1772342920.530344963,34914.208,508.1409,REST,0
1772342920.534219027,34918.081,548.7831,REST,0
1772342920.543124914,34926.987,473.8118,REST,0
1772342920.546938181,34930.800,461.1893,REST,0
1772342920.555870056,34939.732,521.0388,REST,0
1772342920.559749126,34943.611,478.7766,REST,0
1772342920.567448139,34951.310,446.1499,REST,0
1772342920.571321011,34955.183,513.4282,REST,0
1772342920.579994917,34963.857,507.5665,REST,0
1772342920.583806038,34967.668,483.0186,REST,0
1772342920.592735052,34976.597,545.8878,REST,0
1772342920.596611023,34980.473,522.2856,REST,0
1772342920.604302168,34988.164,473.8112,REST,0
1772342920.608169079,34992.032,516.1298,REST,0
1772342920.617018223,35000.880,534.5432,REST,0
1772342920.620863914,35004.727,467.0370,REST,0
1772342920.628559113,35012.421,481.9659,REST,0
1772342920.633706093,35017.568,569.6657,REST,0
1772342920.641363859,35025.226,503.7968,REST,0
1772342920.645178795,35029.041,477.4630,REST,0
1772342920.654025078,35037.887,581.2650,REST,0
1772342920.657886028,35041.748,543.5651,REST,0
1772342920.665573835,35049.436,494.2737,REST,0
1772342920.669445992,35053.308,555.6096,REST,0
1772342920.678441048,35062.303,572.7538,REST,0
1772342920.682024002,35065.886,494.8182,REST,0
1772342920.690694809,35074.557,522.4435,REST,0
1772342920.694553137,35078.415,563.9517,REST,0
1772342920.702218056,35086.080,509.4405,REST,0
1772342920.707365990,35091.228,538.9121,REST,0
1772342920.715023041,35098.885,589.8439,REST,0
1772342920.718843937,35102.706,519.0775,REST,0
1772342920.727771997,35111.634,490.7168,REST,0
1772342920.731643915,35115.506,563.8983,REST,0
1772342920.739343882,35123.206,543.9566,REST,0
1772342920.743215084,35127.077,483.1889,REST,0
1772342920.752091885,35135.954,579.6646,REST,0
1772342920.755904913,35139.767,559.8585,REST,0
1772342920.764894009,35148.756,552.1357,REST,0
1772342920.768525124,35152.387,571.6502,REST,0
1772342920.776083946,35159.946,582.7321,REST,0
1772342920.781250000,35165.112,517.9733,REST,0
1772342920.788849831,35172.712,515.7960,REST,0
1772342920.792666912,35176.529,545.5642,REST,0
1772342920.801681995,35185.544,499.4346,REST,0
1772342920.805560112,35189.423,475.1802,REST,0
1772342920.813263178,35197.125,544.0680,REST,0
1772342920.816918135,35200.780,533.7428,REST,0
1772342920.825546026,35209.408,469.7095,REST,0
1772342920.829243898,35213.106,535.4680,REST,0
1772342920.838172913,35222.035,513.9546,REST,0
1772342920.842044830,35225.907,437.5243,REST,0
1772342920.849698067,35233.561,511.3913,REST,0
1772342920.854781866,35238.644,534.9366,REST,0
1772342920.862375021,35246.237,451.3786,REST,0
1772342920.866081953,35249.944,472.6980,REST,0
1772342920.874799013,35258.661,540.7130,REST,0
1772342920.878676891,35262.539,486.8542,REST,0
1772342920.887773037,35271.635,492.2985,REST,0
1772342920.891590834,35275.453,549.0715,REST,0
1772342920.899209023,35283.071,495.1595,REST,0
1772342920.903083086,35286.945,463.2883,REST,0
1772342920.912045002,35295.907,522.1385,REST,0
1772342920.915917158,35299.779,513.9871,REST,0
1772342920.923520088,35307.382,425.4468,REST,0
1772342920.928644180,35312.506,467.5844,REST,0
1772342920.936136007,35319.998,493.5386,REST,0
1772342920.940011978,35323.874,434.5329,REST,0
1772342920.948815107,35332.678,467.4156,REST,0
1772342920.952665091,35336.527,498.6607,REST,0
1772342920.960264921,35344.127,459.5124,REST,0
1772342920.965368032,35349.230,435.7449,REST,0
1772342920.973060131,35356.922,508.0170,REST,0
1772342920.976933956,35360.796,479.6503,REST,0
1772342920.985882044,35369.744,429.2476,REST,0
1772342920.989692926,35373.555,466.8455,REST,0
1772342920.997282028,35381.144,416.4659,REST,0
1772342921.001145124,35385.007,346.7203,REST,0
1772342921.010092020,35393.954,422.0072,REST,0
1772342921.013967037,35397.829,485.4569,REST,0
1772342921.022885799,35406.748,401.3594,REST,0
1772342921.026700974,35410.563,433.5722,REST,0
1772342921.034339190,35418.201,510.3393,REST,0
1772342921.038208961,35422.071,458.7787,REST,0
1772342921.047165871,35431.028,489.2294,REST,0
1772342921.051035881,35434.898,536.3199,REST,0
1772342921.058676958,35442.539,470.8446,REST,0
1772342921.063817024,35447.679,453.6521,REST,0
1772342921.071482897,35455.345,521.7101,REST,0
1772342921.075356007,35459.218,466.2449,REST,0
1772342921.084380865,35468.243,381.5083,REST,0
1772342921.088166952,35472.029,434.8132,REST,0
1772342921.095770836,35479.633,462.8193,REST,0
1772342921.099602938,35483.465,400.0841,REST,0
1772342921.108514071,35492.376,438.2976,REST,0
1772342921.112385988,35496.248,485.2246,REST,0
1772342921.120042086,35503.904,437.3958,REST,0
1772342921.125181913,35509.044,416.3454,REST,0
1772342921.132771015,35516.633,503.5087,REST,0
1772342921.136613846,35520.476,474.7856,REST,0
1772342921.145510912,35529.374,439.0147,REST,0
1772342921.149389029,35533.251,538.1700,REST,0
1772342921.157078028,35540.940,551.2921,REST,0
1772342921.160903931,35544.766,486.5617,REST,0
1772342921.169763088,35553.625,548.7769,REST,0
1772342921.173644066,35557.506,559.5752,REST,0
1772342921.182605982,35566.468,490.2738,REST,0
1772342921.186481953,35570.344,511.6701,REST,0
1772342921.194309235,35578.171,540.8245,REST,0
1772342921.198127031,35581.989,484.4636,REST,0
1772342921.206784010,35590.646,455.0640,REST,0
1772342921.210644007,35594.506,507.6047,REST,0
1772342921.218333960,35602.196,469.4014,REST,0
1772342921.223520994,35607.383,424.3178,REST,0
1772342921.231013060,35614.875,481.1363,REST,0
1772342921.234827042,35618.689,473.6302,REST,0
1772342921.243748188,35627.610,411.8272,REST,0
1772342921.247619152,35631.482,487.9764,REST,0
1772342921.255312920,35639.175,544.1481,REST,0
1772342921.259181023,35643.043,465.1559,REST,0
1772342921.268090010,35651.952,462.7758,REST,0
1772342921.271900892,35655.763,502.1040,REST,0
1772342921.280850887,35664.713,460.0604,REST,0
1772342921.284721851,35668.584,435.4954,REST,0
1772342921.292414904,35676.277,520.0918,REST,0
1772342921.296245098,35680.107,515.1547,REST,0
1772342921.305094957,35688.957,495.8609,REST,0
1772342921.308938980,35692.801,569.5097,REST,0
1772342921.316622019,35700.484,566.6777,REST,0
1772342921.321943998,35705.806,496.5674,REST,0
1772342921.329588890,35713.451,536.3619,REST,0
1772342921.333402872,35717.265,572.6978,REST,0
1772342921.342247009,35726.109,493.4663,REST,0
1772342921.346122026,35729.984,489.6964,REST,0
1772342921.353816032,35737.678,562.6248,REST,0
1772342921.361477852,35745.341,499.5357,REST,0
1772342921.366585016,35750.447,463.6618,REST,0
1772342921.373754978,35757.617,539.2991,REST,0
1772342921.378778219,35762.640,492.0149,REST,0
1772342921.386046886,35769.909,463.9489,REST,0
1772342921.391205788,35775.068,537.9403,REST,0
1772342921.398306131,35782.168,535.0606,REST,0
1772342921.403141975,35787.004,491.6187,REST,0
1772342921.410647154,35794.509,531.0765,REST,0
1772342921.415817976,35799.680,545.8624,REST,0
1772342921.423013210,35806.875,477.0159,REST,0
1772342921.428057194,35811.919,501.7037,REST,0
1772342921.435162783,35819.025,553.3757,REST,0
1772342921.440243959,35824.106,492.2272,REST,0
1772342921.447550058,35831.412,462.5655,REST,0
1772342921.452678919,35836.541,526.3465,CLICK,1
1772342921.459758043,35843.620,505.2210,CLICK,1
1772342921.464833975,35848.696,449.7493,CLICK,1
1772342921.472064972,35855.927,508.0456,CLICK,1
1772342921.477081060,35860.944,508.5290,CLICK,1
1772342921.484345198,35868.208,446.4998,CLICK,1
1772342921.489418983,35873.281,503.4974,CLICK,1
1772342921.496624231,35880.486,512.8258,CLICK,1
1772342921.501703024,35885.565,404.3392,CLICK,1
1772342921.508862972,35892.725,419.9317,CLICK,1
1772342921.513946056,35897.808,503.3288,CLICK,1
1772342921.521291971,35905.154,468.5036,CLICK,1
1772342921.526384115,35910.246,456.1021,CLICK,1
1772342921.533470869,35917.333,534.2504,CLICK,1
1772342921.538549900,35922.412,522.0509,CLICK,1
1772342921.545720100,35929.582,473.9307,CLICK,1
1772342921.550799131,35934.661,554.2166,CLICK,1
1772342921.558030128,35941.892,579.1388,CLICK,1
1772342921.563102961,35946.965,506.1086,CLICK,1
1772342921.570309877,35954.172,527.4330,CLICK,1
1772342921.575402021,35959.264,511.3977,CLICK,1
1772342921.582615137,35966.477,439.9757,CLICK,1
1772342921.587716103,35971.579,477.5016,CLICK,1
1772342921.594887018,35978.749,545.4401,CLICK,1
1772342921.599803925,35983.666,487.4810,CLICK,1
1772342921.607237816,35991.100,476.5027,CLICK,1
1772342921.612186909,35996.049,544.9655,CLICK,1
1772342921.619554996,36003.417,496.0678,CLICK,1
1772342921.624747992,36008.610,428.3216,CLICK,1
1772342921.631803989,36015.666,507.4393,CLICK,1
1772342921.636950016,36020.812,519.2581,CLICK,1
1772342921.644069195,36027.931,466.7604,CLICK,1
1772342921.649040937,36032.903,506.2461,CLICK,1
1772342921.656424999,36040.287,538.0701,CLICK,1
1772342921.661545038,36045.407,477.2115,CLICK,1
1772342921.668670893,36052.533,503.3277,CLICK,1
1772342921.673783064,36057.645,526.5717,CLICK,1
1772342921.680965185,36064.827,459.0528,CLICK,1
1772342921.685894966,36069.757,459.6452,CLICK,1
1772342921.693283081,36077.145,528.3623,CLICK,1
1772342921.698426008,36082.288,485.8609,CLICK,1
1772342921.705604076,36089.466,435.9787,CLICK,1
1772342921.710613012,36094.476,510.2106,CLICK,1
1772342921.717844009,36101.707,514.4198,CLICK,1
1772342921.723023176,36106.885,451.6780,CLICK,1
1772342921.730134010,36113.996,502.6562,CLICK,1
1772342921.735286951,36119.149,557.4037,CLICK,1
1772342921.742630959,36126.494,499.9619,CLICK,1
1772342921.747547865,36131.410,512.3405,CLICK,1
1772342921.754673958,36138.536,564.7322,CLICK,1
1772342921.759600878,36143.463,513.0719,CLICK,1
1772342921.766950846,36150.814,468.5790,CLICK,1
1772342921.771996021,36155.858,512.0351,CLICK,1
1772342921.779330015,36163.192,521.9251,CLICK,1
1772342921.784415960,36168.278,485.3206,CLICK,1
1772342921.791640997,36175.503,552.8352,CLICK,1
1772342921.796790123,36180.652,576.2976,CLICK,1
1772342921.803908110,36187.770,515.4857,CLICK,1
1772342921.808922768,36192.786,558.8471,CLICK,1
1772342921.816121101,36199.983,573.3956,CLICK,1
1772342921.821192980,36205.055,482.9049,CLICK,1
1772342921.828514099,36212.377,498.8971,CLICK,1
1772342921.833669901,36217.532,520.5241,CLICK,1
1772342921.840805054,36224.667,471.3419,CLICK,1
1772342921.845915794,36229.778,475.7403,CLICK,1
1772342921.852986813,36236.849,562.2910,CLICK,1
1772342921.858112097,36241.974,486.5918,CLICK,1
1772342921.865330935,36249.193,472.8321,CLICK,1
1772342921.870472908,36254.335,510.2327,CLICK,1
1772342921.877794981,36261.657,534.7603,CLICK,1
1772342921.882880926,36266.743,493.6273,CLICK,1
1772342921.889899969,36273.762,500.1844,CLICK,1
1772342921.895055771,36278.918,516.2116,CLICK,1
1772342921.902201176,36286.063,458.1538,CLICK,1
1772342921.907128096,36290.990,471.4024,CLICK,1
1772342921.914450884,36298.313,534.5354,CLICK,1
1772342921.919533014,36303.395,464.1587,CLICK,1
1772342921.926788092,36310.650,465.8531,CLICK,1
1772342921.931926012,36315.788,554.2987,CLICK,1
1772342921.939171076,36323.033,502.5137,CLICK,1
1772342921.944351912,36328.214,461.6628,CLICK,1
1772342921.951315880,36335.178,493.0707,CLICK,1
1772342921.956389189,36340.251,490.6730,CLICK,1
1772342921.963654995,36347.517,427.8370,CLICK,1
1772342921.968817949,36352.680,491.5888,CLICK,1
1772342921.975942850,36359.805,558.8568,CLICK,1
1772342921.981061220,36364.923,490.7653,CLICK,1
1772342921.988130093,36371.992,535.5869,CLICK,1
1772342921.993033886,36376.896,585.2703,CLICK,1
1772342922.000442982,36384.306,489.6082,CLICK,1
1772342922.005480051,36389.342,455.0697,CLICK,1
1772342922.012861013,36396.723,508.6297,CLICK,1
1772342922.018004894,36401.868,453.8484,CLICK,1
1772342922.025088072,36408.950,397.2551,CLICK,1
1772342922.030212164,36414.074,450.1706,CLICK,1
1772342922.037379980,36421.242,461.5392,CLICK,1
1772342922.042544127,36426.406,371.0939,CLICK,1
1772342922.049930096,36433.792,405.0363,CLICK,1
1772342922.053753138,36437.615,439.6545,CLICK,1
1772342922.061871052,36445.734,360.4655,CLICK,1
1772342922.067022085,36450.884,400.3444,CLICK,1
1772342922.074575186,36458.437,483.3727,CLICK,1
1772342922.078456163,36462.318,462.5437,CLICK,1
1772342922.086569071,36470.431,514.8815,CLICK,1
1772342922.091426134,36475.288,575.3064,CLICK,1
1772342922.098773003,36482.635,561.1790,CLICK,1
1772342922.103920221,36487.782,562.1122,CLICK,1
1772342922.111088037,36494.950,585.9522,CLICK,1
1772342922.116210938,36500.073,549.6726,CLICK,1
1772342922.123345852,36507.208,461.8656,CLICK,1
1772342922.128430128,36512.292,528.6121,CLICK,1
1772342922.135745049,36519.607,545.2380,CLICK,1
1772342922.140897036,36524.759,467.5055,CLICK,1
1772342922.148030043,36531.892,478.3496,CLICK,1
1772342922.153095961,36536.958,535.3995,CLICK,1
1772342922.160195112,36544.057,490.7439,CLICK,1
1772342922.165302038,36549.164,474.3628,CLICK,1
1772342922.172602892,36556.465,547.2188,CLICK,1
1772342922.177747011,36561.609,528.2157,CLICK,1
1772342922.184791088,36568.653,450.4044,CLICK,1
1772342922.189880133,36573.742,531.1581,CLICK,1
1772342922.197050810,36580.913,511.8856,CLICK,1
1772342922.202010155,36585.872,420.3036,CLICK,1
1772342922.209394932,36593.257,468.0932,CLICK,1
1772342922.214547873,36598.411,496.6975,CLICK,1
1772342922.221673012,36605.535,410.1947,CLICK,1
1772342922.226756096,36610.618,417.7058,CLICK,1
1772342922.234032154,36617.894,448.3335,CLICK,1
1772342922.239004850,36622.867,392.2998,CLICK,1
1772342922.246286154,36630.148,406.3099,CLICK,1
1772342922.251376867,36635.239,477.3677,CLICK,1
1772342922.258651972,36642.514,454.0804,CLICK,1
1772342922.263744116,36647.606,432.1527,CLICK,1
1772342922.270900965,36654.763,499.6424,CLICK,1
1772342922.276056051,36659.918,491.1493,CLICK,1
1772342922.283780098,36667.642,439.6328,CLICK,1
1772342922.287653923,36671.516,473.5907,CLICK,1
1772342922.296478033,36680.341,475.3628,CLICK,1
1772342922.300302029,36684.165,425.8403,CLICK,1
1772342922.307878971,36691.741,438.0244,CLICK,1
1772342922.312997103,36696.859,504.3571,CLICK,1
1772342922.320510864,36704.373,462.6608,CLICK,1
1772342922.324158907,36708.021,475.8936,CLICK,1
1772342922.333011866,36716.874,549.9585,CLICK,1
1772342922.336880207,36720.742,498.8412,CLICK,1
1772342922.345854998,36729.717,450.4945,CLICK,1
1772342922.349732161,36733.595,502.8440,CLICK,1
1772342922.357423067,36741.285,521.0611,CLICK,1
1772342922.361237049,36745.099,452.7198,CLICK,1
1772342922.370087862,36753.950,497.3440,CLICK,1
1772342922.373958826,36757.821,519.2349,CLICK,1
1772342922.381660938,36765.523,447.6730,CLICK,1
1772342922.385534048,36769.396,451.4760,CLICK,1
1772342922.394235849,36778.098,447.2239,CLICK,1
1772342922.398050070,36781.912,376.5661,CLICK,1
1772342922.406955957,36790.818,289.0305,CLICK,1
1772342922.410826921,36794.689,267.0416,CLICK,1
1772342922.418531179,36802.393,132.1282,CLICK,1
1772342922.423759222,36807.621,-54.8954,CLICK,1
1772342922.430546999,36814.409,-153.0659,CLICK,1
1772342922.435623884,36819.486,-233.0886,CLICK,1
1772342922.442893028,36826.755,-317.5714,CLICK,1
1772342922.448040009,36831.902,-213.4661,CLICK,1
1772342922.455216885,36839.079,-94.2933,CLICK,1
1772342922.460362911,36844.225,-118.1736,CLICK,1
1772342922.467366934,36851.229,4.5924,CLICK,1
1772342922.472442865,36856.305,113.3379,CLICK,1
1772342922.479799032,36863.661,141.8996,CLICK,1
1772342922.484946966,36868.809,225.7642,CLICK,1
1772342922.492650032,36876.513,400.6170,CLICK,1
1772342922.496485233,36880.348,442.8806,CLICK,1
1772342922.505333900,36889.196,416.5623,CLICK,1
1772342922.509196043,36893.058,535.5906,CLICK,1
1772342922.516889095,36900.751,585.1890,CLICK,1
1772342922.520795822,36904.658,588.0833,CLICK,1
1772342922.529699087,36913.561,700.6755,CLICK,1
1772342922.533485174,36917.347,809.2475,CLICK,1
1772342922.542478085,36926.340,817.9174,CLICK,1
1772342922.546362162,36930.224,829.7259,CLICK,1
1772342922.554055929,36937.918,915.7306,CLICK,1
1772342922.557934999,36941.797,866.8873,CLICK,1
1772342922.566670179,36950.532,869.8951,CLICK,1
1772342922.570482016,36954.345,924.9776,CLICK,1
1772342922.579281807,36963.144,882.5792,CLICK,1
1772342922.583154917,36967.017,828.3327,CLICK,1
1772342922.590853214,36974.715,881.6512,CLICK,1
1772342922.594727993,36978.590,913.2260,CLICK,1
1772342922.603539944,36987.402,812.0164,CLICK,1
1772342922.607355833,36991.218,860.7159,CLICK,1
1772342922.615024805,36998.887,881.2203,CLICK,1
1772342922.620171070,37004.033,777.2055,CLICK,1
1772342922.627888203,37011.750,769.5763,CLICK,1
1772342922.631776094,37015.639,814.6210,CLICK,1
1772342922.640625954,37024.488,738.9397,CLICK,1
1772342922.644271135,37028.133,704.5780,CLICK,1
1772342922.651929140,37035.791,759.2313,CLICK,1
1772342922.657164097,37041.026,703.0320,CLICK,1
1772342922.664862871,37048.725,681.5833,CLICK,1
1772342922.668489933,37052.352,744.1044,CLICK,1
1772342922.677266836,37061.129,732.6343,CLICK,1
1772342922.681132078,37064.994,656.2679,CLICK,1
1772342922.688696146,37072.558,640.7964,CLICK,1
1772342922.693839073,37077.701,679.6976,CLICK,1
1772342922.701455832,37085.318,638.8074,CLICK,1
1772342922.705271006,37089.133,609.8384,CLICK,1
1772342922.714175940,37098.038,662.8596,CLICK,1
1772342922.718055010,37101.917,588.6783,CLICK,1
1772342922.725795031,37109.657,665.2763,CLICK,1
1772342922.729667187,37113.529,702.5197,CLICK,1
1772342922.738362789,37122.225,566.9736,CLICK,1
1772342922.742184877,37126.047,565.4674,CLICK,1
1772342922.751049042,37134.912,614.8883,CLICK,1
1772342922.754880905,37138.743,655.2932,CLICK,1
1772342922.762490988,37146.353,613.9740,CLICK,1
1772342922.767609119,37151.472,612.8029,CLICK,1
1772342922.775233030,37159.095,629.5169,CLICK,1
1772342922.779056787,37162.919,539.6604,CLICK,1
1772342922.787921906,37171.784,575.6523,CLICK,1
1772342922.791768074,37175.630,637.0265,CLICK,1
1772342922.799420834,37183.283,563.8657,CLICK,1
1772342922.804641008,37188.503,551.2962,CLICK,1
1772342922.812188864,37196.051,618.1742,CLICK,1
1772342922.815999985,37199.862,582.7152,CLICK,1
1772342922.824754953,37208.617,566.0509,CLICK,1
1772342922.828592777,37212.455,609.3054,CLICK,1
1772342922.836314917,37220.177,617.1954,CLICK,1
1772342922.840169907,37224.032,570.8599,CLICK,1
1772342922.848969936,37232.832,579.3675,CLICK,1
1772342922.852801085,37236.663,622.2986,CLICK,1
1772342922.861790895,37245.653,578.0144,CLICK,1
1772342922.865675926,37249.538,555.4283,CLICK,1
1772342922.873367071,37257.229,596.6333,CLICK,1
1772342922.877179861,37261.042,514.6802,CLICK,1
1772342922.885958910,37269.821,504.8355,CLICK,1
1772342922.889830828,37273.693,566.8466,CLICK,1
1772342922.897520065,37281.382,560.2602,CLICK,1
1772342922.902666092,37286.528,484.2126,CLICK,1
1772342922.910298824,37294.161,532.8892,CLICK,1
1772342922.914112091,37297.974,576.3883,CLICK,1
1772342922.923010111,37306.872,550.5743,CLICK,1
1772342922.926885843,37310.748,596.2751,CLICK,1
1772342922.934578896,37318.441,695.5600,CLICK,1
1772342922.938452005,37322.314,545.8265,CLICK,1
1772342922.947336912,37331.199,480.4598,CLICK,1
1772342922.951148987,37335.011,522.1724,CLICK,1
1772342922.960067987,37343.930,413.7338,CLICK,1
1772342922.963947058,37347.809,351.7696,CLICK,1
1772342922.971642971,37355.505,397.1103,CLICK,1
1772342922.975515842,37359.378,389.4653,CLICK,1
1772342922.984377146,37368.239,362.0652,CLICK,1
1772342922.988249063,37372.111,429.8009,CLICK,1
1772342922.995887041,37379.749,435.6130,CLICK,1
1772342923.001080036,37384.942,382.0858,CLICK,1
1772342923.008786917,37392.650,409.2626,CLICK,1
1772342923.012485027,37396.347,450.5036,CLICK,1
1772342923.021339893,37405.202,341.0162,CLICK,1
1772342923.025189161,37409.051,359.2898,CLICK,1
1772342923.032890081,37416.752,440.3121,CLICK,1
1772342923.038096905,37421.960,399.8336,CLICK,1
1772342923.045778036,37429.641,392.8720,CLICK,1
1772342923.049594879,37433.457,428.1593,CLICK,1
1772342923.058505058,37442.367,412.9370,CLICK,1
1772342923.062388897,37446.251,371.0245,CLICK,1
1772342923.070091963,37453.954,446.3150,CLICK,1
1772342923.073978186,37457.840,495.7386,CLICK,1
1772342923.082905054,37466.767,413.4919,CLICK,1
1772342923.086719036,37470.581,453.9588,CLICK,1
1772342923.094344854,37478.207,496.7994,CLICK,1
1772342923.098227978,37482.090,418.4619,CLICK,1
1772342923.107208967,37491.071,456.4924,CLICK,1
1772342923.111086130,37494.948,532.7446,CLICK,1
1772342923.118717909,37502.580,479.2835,CLICK,1
1772342923.123847008,37507.709,462.7389,CLICK,1
1772342923.131450176,37515.312,520.3031,CLICK,1
1772342923.135190010,37519.052,471.6035,CLICK,1
1772342923.144004107,37527.866,432.3463,CLICK,1
1772342923.147875071,37531.737,524.7961,CLICK,1
1772342923.156799078,37540.661,531.3807,CLICK,1
1772342923.160599947,37544.462,488.0015,CLICK,1
1772342923.168306828,37552.169,544.6098,CLICK,1
1772342923.172173977,37556.037,604.7482,CLICK,1
1772342923.181149960,37565.012,467.0057,CLICK,1
1772342923.184979916,37568.842,485.4698,CLICK,1
1772342923.192570210,37576.432,479.4845,CLICK,1
1772342923.197754145,37581.616,419.7003,CLICK,1
1772342923.205471992,37589.334,402.4353,CLICK,1
1772342923.209355116,37593.218,486.6610,CLICK,1
1772342923.217066050,37600.928,474.0473,CLICK,1
1772342923.222192049,37606.054,431.8704,CLICK,1
1772342923.229789019,37613.651,497.3855,CLICK,1
1772342923.233609915,37617.472,513.9403,CLICK,1
1772342923.242597103,37626.459,472.0061,CLICK,1
1772342923.246481895,37630.344,511.0020,CLICK,1
1772342923.254158020,37638.020,529.0742,CLICK,1
1772342923.257968903,37641.831,478.8884,CLICK,1
1772342923.266874075,37650.736,474.7200,CLICK,1
1772342923.270756006,37654.618,532.1520,CLICK,1
1772342923.278451920,37662.314,465.8927,CLICK,1
1772342923.283607960,37667.470,506.9719,CLICK,1
1772342923.291224003,37675.086,619.9890,CLICK,1
1772342923.295038939,37678.901,559.5348,CLICK,1
1772342923.303973198,37687.835,484.9694,CLICK,1
1772342923.307858944,37691.721,541.2913,CLICK,1
1772342923.315525055,37699.387,516.5475,CLICK,1
1772342923.319411039,37703.273,423.2476,CLICK,1
1772342923.328320980,37712.183,448.4173,CLICK,1
1772342923.332133770,37715.996,474.7582,CLICK,1
1772342923.340953112,37724.815,401.9634,CLICK,1
1772342923.344799042,37728.661,410.7589,CLICK,1
1772342923.352337837,37736.200,454.8312,CLICK,1
1772342923.357456923,37741.319,411.8604,CLICK,1
1772342923.365046024,37748.908,392.5951,CLICK,1
1772342923.368896008,37752.758,472.8403,CLICK,1
1772342923.377874851,37761.737,414.9926,CLICK,1
1772342923.381744146,37765.606,389.9690,CLICK,1
1772342923.389443159,37773.305,422.8435,CLICK,1
1772342923.393263102,37777.126,398.2033,CLICK,1
1772342923.402112961,37785.975,346.6560,CLICK,1
1772342923.406013012,37789.875,415.4633,CLICK,1
1772342923.413724899,37797.587,467.1803,CLICK,1
1772342923.418896914,37802.759,393.2920,CLICK,1
1772342923.426492929,37810.355,445.1330,CLICK,1
1772342923.430307150,37814.169,494.2589,CLICK,1
1772342923.439203978,37823.066,418.0891,CLICK,1
1772342923.443087101,37826.949,426.3630,CLICK,1
1772342923.450582027,37834.445,502.3871,CLICK,1
1772342923.455825806,37839.688,480.3433,CLICK,1
1772342923.463444948,37847.307,465.4171,CLICK,1
1772342923.467258215,37851.120,534.4127,CLICK,1
1772342923.476078033,37859.940,514.4862,CLICK,1
1772342923.479961157,37863.823,447.8490,CLICK,1
1772342923.487664938,37871.527,463.5942,CLICK,1
1772342923.491461992,37875.324,509.1573,CLICK,1
1772342923.500238180,37884.100,444.9966,CLICK,1
1772342923.504052877,37887.915,486.3372,CLICK,1
1772342923.513015032,37896.877,525.8108,CLICK,1
1772342923.516895056,37900.757,462.4616,CLICK,1
1772342923.524651051,37908.513,456.2357,CLICK,1
1772342923.528501034,37912.363,502.8506,CLICK,1
1772342923.537351847,37921.214,437.9511,CLICK,1
1772342923.541220188,37925.082,409.5780,CLICK,1
1772342923.548928022,37932.790,496.0908,CLICK,1
1772342923.554089069,37937.951,538.9365,CLICK,1
1772342923.561769009,37945.631,459.0662,CLICK,1
1772342923.565582991,37949.445,494.0825,CLICK,1
1772342923.574254990,37958.117,548.1649,CLICK,1
1772342923.578131914,37961.994,462.4900,CLICK,1
1772342923.585671902,37969.534,479.1795,CLICK,1
1772342923.590832233,37974.694,531.4301,CLICK,1
1772342923.598475933,37982.338,481.0653,CLICK,1
1772342923.602288961,37986.151,480.7368,CLICK,1
1772342923.611205101,37995.067,545.6258,CLICK,1
1772342923.615085125,37998.947,513.5180,CLICK,1
1772342923.622789860,38006.652,458.7086,CLICK,1
1772342923.626672029,38010.534,527.5527,CLICK,1
1772342923.635572910,38019.435,510.1837,CLICK,1
1772342923.639389038,38023.251,425.2126,CLICK,1
1772342923.647067785,38030.930,514.8401,CLICK,1
1772342923.652220964,38036.083,531.7085,CLICK,1
1772342923.659921885,38043.784,481.6619,CLICK,1
1772342923.663795948,38047.658,517.4724,CLICK,1
1772342923.672646999,38056.509,574.3601,CLICK,1
1772342923.676460981,38060.323,518.0563,CLICK,1
1772342923.684159040,38068.022,538.6817,CLICK,1
1772342923.688030958,38071.893,606.0405,CLICK,1
1772342923.696973085,38080.836,575.1098,CLICK,1
1772342923.700801134,38084.663,559.9912,CLICK,1
1772342923.709741116,38093.603,598.3759,CLICK,1
1772342923.713612080,38097.474,591.0106,CLICK,1
1772342923.721071005,38104.933,512.9407,CLICK,1
1772342923.726145029,38110.007,587.2008,CLICK,1
1772342923.733883858,38117.746,566.4408,CLICK,1
1772342923.737701893,38121.564,483.4183,CLICK,1
1772342923.746652842,38130.515,501.5396,CLICK,1
1772342923.750522137,38134.384,541.8303,CLICK,1
1772342923.758079052,38141.941,454.4857,CLICK,1
1772342923.761962891,38145.825,435.3199,CLICK,1
1772342923.770709038,38154.571,528.7521,CLICK,1
1772342923.774524927,38158.387,473.2619,CLICK,1
1772342923.783418179,38167.280,468.6138,CLICK,1
1772342923.787317991,38171.180,558.1989,CLICK,1
1772342923.795023203,38178.885,555.7543,CLICK,1
1772342923.798902988,38182.765,486.1880,CLICK,1
1772342923.807775021,38191.637,546.2439,CLICK,1
1772342923.811389923,38195.252,588.5028,CLICK,1
1772342923.820282936,38204.145,518.6223,CLICK,1
1772342923.824162006,38208.024,526.6433,CLICK,1
1772342923.831866026,38215.728,568.6746,CLICK,1
1772342923.835644960,38219.507,487.9195,CLICK,1
1772342923.844497919,38228.360,499.5177,CLICK,1
1772342923.848335028,38232.197,565.9754,CLICK,1
1772342923.855988026,38239.850,493.7573,CLICK,1
1772342923.861085892,38244.948,436.1015,CLICK,1
1772342923.868493080,38252.356,514.2366,CLICK,1
1772342923.876194954,38260.057,490.4938,CLICK,1
1772342923.881268978,38265.131,460.2573,CLICK,1
1772342923.888538837,38272.401,538.6961,CLICK,1
1772342923.893697023,38277.559,570.8429,CLICK,1
1772342923.900764942,38284.627,519.4280,CLICK,1
1772342923.905861139,38289.723,503.4889,CLICK,1
1772342923.913036108,38296.898,540.3852,CLICK,1
1772342923.918042898,38301.905,497.3668,CLICK,1
1772342923.925374985,38309.237,462.9411,CLICK,1
1772342923.930529118,38314.391,585.6680,CLICK,1
1772342923.937659979,38321.523,546.2241,CLICK,1
1772342923.942712069,38326.574,477.0306,CLICK,1
1772342923.949914217,38333.776,518.9919,CLICK,1
1772342923.955033064,38338.895,498.0721,CLICK,1
1772342923.962291956,38346.154,438.9869,CLICK,1
1772342923.967238903,38351.101,482.9230,CLICK,1
1772342923.974524975,38358.387,502.2514,CLICK,1
1772342923.979603052,38363.466,439.2832,CLICK,1
1772342923.986921072,38370.784,501.5332,CLICK,1
1772342923.992092848,38375.956,546.6712,CLICK,1
1772342923.999141932,38383.004,523.7362,CLICK,1
1772342924.004310131,38388.172,491.5698,CLICK,1
1772342924.011455059,38395.317,562.5376,CLICK,1
1772342924.016416073,38400.278,538.6140,CLICK,1
1772342924.023761988,38407.624,471.7160,CLICK,1
1772342924.028946877,38412.810,527.3656,CLICK,1
1772342924.036024094,38419.886,510.2982,CLICK,1
1772342924.041190863,38425.053,470.9028,CLICK,1
1772342924.048296928,38432.159,499.6378,CLICK,1
1772342924.053371906,38437.234,538.1760,CLICK,1
1772342924.060599089,38444.462,414.0089,CLICK,1
1772342924.065793037,38449.655,439.6783,CLICK,1
1772342924.072896957,38456.759,516.5784,CLICK,1
1772342924.078017950,38461.880,448.0610,CLICK,1
1772342924.085157156,38469.019,430.0488,CLICK,1
1772342924.090286016,38474.148,515.2617,CLICK,1
1772342924.097520828,38481.383,506.6956,CLICK,1
1772342924.102689981,38486.552,450.6494,CLICK,1
1772342924.109754086,38493.616,527.6277,CLICK,1
1772342924.114840984,38498.703,503.1730,CLICK,1
1772342924.121984959,38505.848,455.5921,CLICK,1
1772342924.126817942,38510.680,512.6770,CLICK,1
1772342924.134277821,38518.140,557.5304,CLICK,1
1772342924.139370918,38523.233,498.3715,CLICK,1
1772342924.146573067,38530.435,504.8452,CLICK,1
1772342924.151659012,38535.521,540.3132,CLICK,1
1772342924.158835888,38542.698,477.5344,CLICK,1
1772342924.163921833,38547.784,479.6408,CLICK,1
1772342924.171133995,38554.996,559.4212,CLICK,1
1772342924.176015854,38559.878,541.4739,CLICK,1
1772342924.183493853,38567.357,483.4607,CLICK,1
1772342924.188575029,38572.437,567.3494,CLICK,1
1772342924.195713997,38579.576,584.8367,CLICK,1
1772342924.200788021,38584.650,531.3992,CLICK,1
1772342924.208043098,38591.905,553.2969,CLICK,1
1772342924.213133097,38596.995,584.9808,CLICK,1
1772342924.220288038,38604.150,503.8423,CLICK,1
1772342924.225368977,38609.231,518.6004,CLICK,1
1772342924.232594013,38616.456,565.3916,CLICK,1
1772342924.237661839,38621.524,487.6926,CLICK,1
1772342924.244856119,38628.718,441.6279,CLICK,1
1772342924.249928951,38633.792,519.3724,CLICK,1
1772342924.257210970,38641.073,485.2219,CLICK,1
1772342924.262166023,38646.029,471.1243,CLICK,1
1772342924.269450903,38653.313,490.5444,CLICK,1
1772342924.274523973,38658.386,492.5476,CLICK,1
1772342924.281754017,38665.616,427.9339,CLICK,1
1772342924.286633968,38670.496,509.3056,CLICK,1
1772342924.294024944,38677.887,519.1178,CLICK,1
1772342924.299102068,38682.964,448.1297,CLICK,1
1772342924.306352139,38690.215,460.8302,CLICK,1
1772342924.311429977,38695.293,483.9161,CLICK,1
1772342924.318635941,38702.498,432.7595,CLICK,1
1772342924.323750973,38707.613,423.6712,CLICK,1
1772342924.330874205,38714.737,503.2215,CLICK,1
1772342924.335954905,38719.817,459.2554,CLICK,1
1772342924.343228817,38727.091,370.4614,CLICK,1
1772342924.348295927,38732.158,464.7788,CLICK,1
1772342924.355460167,38739.322,505.3372,CLICK,1
1772342924.360544920,38744.407,458.1837,CLICK,1
1772342924.367808104,38751.670,490.4968,CLICK,1
1772342924.372965813,38756.828,487.7225,CLICK,1
1772342924.380111217,38763.973,423.4183,CLICK,1
1772342924.385122061,38768.984,460.2297,CLICK,1
1772342924.392343998,38776.206,515.7369,CLICK,1
1772342924.397424221,38781.286,449.9428,CLICK,1
1772342924.404699802,38788.562,460.4363,CLICK,1
1772342924.409850121,38793.712,516.3041,CLICK,1
1772342924.416990995,38800.853,468.8062,CLICK,1
1772342924.422128201,38805.990,397.1860,CLICK,1
1772342924.429234982,38813.097,445.8161,CLICK,1
1772342924.434386969,38818.249,465.6325,CLICK,1
1772342924.441584826,38825.447,401.3780,CLICK,1
1772342924.446749926,38830.613,446.8102,CLICK,1
1772342924.453851938,38837.714,505.6120,CLICK,1
1772342924.458941936,38842.804,414.6159,CLICK,1
1772342924.466058969,38849.921,440.6228,CLICK,1
1772342924.471065998,38854.928,520.8097,CLICK,1
1772342924.478378057,38862.240,482.8041,CLICK,1
1772342924.483545065,38867.407,479.4175,CLICK,1
1772342924.490653992,38874.516,563.8491,CLICK,1
1772342924.495738029,38879.600,522.4541,CLICK,1
1772342924.502996922,38886.859,458.5820,CLICK,1
1772342924.508141994,38892.004,530.2353,CLICK,1
1772342924.515295029,38899.157,547.9935,CLICK,1
1772342924.520262957,38904.125,471.2797,CLICK,1
1772342924.527495861,38911.358,535.7713,CLICK,1
1772342924.532577991,38916.440,550.7202,CLICK,1
1772342924.539856911,38923.719,458.4903,CLICK,1
1772342924.544794798,38928.657,417.9016,CLICK,1
1772342924.552155972,38936.018,451.1523,CLICK,1
1772342924.557322979,38941.185,409.7662,CLICK,1
1772342924.564376116,38948.238,388.8998,CLICK,1
1772342924.569454193,38953.316,479.8370,CLICK,1
1772342924.576727152,38960.589,483.2551,CLICK,1
1772342924.581879139,38965.741,484.7285,CLICK,1
1772342924.589061975,38972.925,546.8266,CLICK,1
1772342924.593974113,38977.836,551.7570,CLICK,1
1772342924.601315022,38985.177,511.1948,CLICK,1
1772342924.606202126,38990.064,530.4439,CLICK,1
1772342924.613607883,38997.470,547.8154,CLICK,1
1772342924.618768930,39002.631,459.2494,CLICK,1
1772342924.625840187,39009.702,481.1564,CLICK,1
1772342924.630927086,39014.789,534.3500,CLICK,1
1772342924.638140917,39022.003,496.3302,CLICK,1
1772342924.643296003,39027.158,459.5028,CLICK,1
1772342924.650430918,39034.293,460.2259,CLICK,1
1772342924.655365944,39039.228,446.6002,CLICK,1
1772342924.662716866,39046.579,417.0560,CLICK,1
1772342924.667719841,39051.582,498.4030,CLICK,1
1772342924.675013065,39058.875,504.7198,CLICK,1
1772342924.680146933,39064.009,442.7369,CLICK,1
1772342924.687315941,39071.178,490.1961,CLICK,1
1772342924.692440987,39076.303,527.6491,CLICK,1
1772342924.699549913,39083.412,467.7144,CLICK,1
1772342924.704639912,39088.503,498.0367,CLICK,1
1772342924.711904049,39095.767,523.5628,CLICK,1
1772342924.717036963,39100.899,447.3591,CLICK,1
1772342924.724241972,39108.104,452.3754,CLICK,1
1772342924.729356050,39113.218,535.1838,CLICK,1
1772342924.736451149,39120.313,518.7832,CLICK,1
1772342924.741413832,39125.276,494.3016,CLICK,1
1772342924.748745918,39132.608,558.9224,CLICK,1
1772342924.753906965,39137.769,554.6666,CLICK,1
1772342924.761034966,39144.898,471.0667,CLICK,1
1772342924.766138792,39150.001,498.3908,CLICK,1
1772342924.773314953,39157.177,539.7177,CLICK,1
1772342924.778464079,39162.326,489.8765,CLICK,1
1772342924.785634041,39169.496,541.6072,CLICK,1
1772342924.790809155,39174.671,596.6198,CLICK,1
1772342924.797846079,39181.708,531.1469,CLICK,1
1772342924.802921057,39186.783,514.0553,CLICK,1
1772342924.810549021,39194.411,563.9394,CLICK,1
1772342924.814430952,39198.293,515.2319,CLICK,1
1772342924.823401928,39207.264,470.5187,CLICK,1
1772342924.827281952,39211.144,532.6448,CLICK,1
1772342924.834927082,39218.789,529.0006,CLICK,1
1772342924.840009928,39223.872,474.2207,CLICK,1
1772342924.847675800,39231.538,506.9189,CLICK,1
1772342924.851555109,39235.417,539.5830,CLICK,1
1772342924.860533953,39244.396,477.8441,CLICK,1
1772342924.864415884,39248.278,508.5784,CLICK,1
1772342924.871733904,39255.596,547.3750,CLICK,1
1772342924.876794815,39260.657,484.9297,CLICK,1
1772342924.884469986,39268.332,495.8186,CLICK,1
1772342924.888355017,39272.217,600.3191,CLICK,1
1772342924.897292137,39281.155,550.8842,CLICK,1
1772342924.901317120,39285.179,471.6582,CLICK,1
1772342924.908912182,39292.774,564.7453,CLICK,1
1772342924.912724018,39296.586,570.3527,CLICK,1
1772342924.921546936,39305.409,504.6684,CLICK,1
1772342924.925426006,39309.288,549.8554,CLICK,1
1772342924.933119059,39316.981,568.7957,CLICK,1
1772342924.938202143,39322.064,494.6042,CLICK,1
1772342924.945797920,39329.660,495.1726,CLICK,1
1772342924.949657202,39333.519,552.1693,CLICK,1
1772342924.958643913,39342.506,496.2422,CLICK,1
1772342924.962528944,39346.391,499.4831,CLICK,1
1772342924.970191002,39354.053,536.7598,CLICK,1
1772342924.974008083,39357.870,507.4346,CLICK,1
1772342924.982910872,39366.773,472.2029,CLICK,1
1772342924.986789942,39370.652,545.1657,CLICK,1
1772342924.994496107,39378.358,508.6607,CLICK,1
1772342924.999665976,39383.529,436.5798,CLICK,1
1772342925.007306099,39391.169,552.9816,CLICK,1
1772342925.011126995,39394.989,554.6152,CLICK,1
1772342925.020040035,39403.902,475.0739,CLICK,1
1772342925.023973227,39407.835,456.9376,CLICK,1
1772342925.031680107,39415.542,569.9412,CLICK,1
1772342925.035562992,39419.425,497.0235,CLICK,1
1772342925.044301987,39428.164,444.9279,CLICK,1
1772342925.048118114,39431.980,542.0943,CLICK,1
1772342925.056951046,39440.813,475.9211,CLICK,1
1772342925.060669899,39444.532,449.8719,CLICK,1
1772342925.069489002,39453.351,525.9671,CLICK,1
1772342925.073340893,39457.203,505.5441,CLICK,1
1772342925.080929041,39464.791,462.3528,CLICK,1
1772342925.084775925,39468.638,527.3800,CLICK,1
1772342925.093520880,39477.383,564.0656,CLICK,1
1772342925.097416878,39481.279,516.1149,CLICK,1
1772342925.106119871,39489.982,557.6779,CLICK,1
1772342925.109936237,39493.798,611.0209,CLICK,1
1772342925.117533922,39501.396,551.9715,CLICK,1
1772342925.122783899,39506.646,539.4139,CLICK,1
1772342925.130497932,39514.360,624.2819,CLICK,1
1772342925.134391069,39518.253,594.0764,CLICK,1
1772342925.143141031,39527.003,558.4981,CLICK,1
1772342925.146954060,39530.816,583.1434,CLICK,1
1772342925.154336929,39538.199,542.3843,CLICK,1
1772342925.159397840,39543.260,468.3618,CLICK,1
1772342925.166937113,39550.799,496.5267,CLICK,1
1772342925.170819998,39554.682,513.8570,CLICK,1
1772342925.179720879,39563.583,445.8123,CLICK,1
1772342925.183535099,39567.398,479.6296,CLICK,1
1772342925.191223145,39575.085,553.1679,CLICK,1
1772342925.196382999,39580.245,514.4040,CLICK,1
1772342925.204090118,39587.952,519.2898,CLICK,1
1772342925.208183050,39592.045,554.0155,CLICK,1
1772342925.215797901,39599.660,520.9948,CLICK,1
1772342925.220777035,39604.639,469.3510,CLICK,1
1772342925.228494167,39612.356,555.8125,CLICK,1
1772342925.232387066,39616.249,549.7718,CLICK,1
1772342925.241249084,39625.111,530.1903,CLICK,1
1772342925.245121956,39628.984,553.1370,CLICK,1
1772342925.252712011,39636.575,570.9642,CLICK,1
1772342925.257900953,39641.763,495.4083,CLICK,1
1772342925.265609026,39649.471,512.5375,CLICK,1
1772342925.269493103,39653.355,595.7134,CLICK,1
1772342925.277163982,39661.027,521.8663,CLICK,1
1772342925.282249928,39666.112,467.3804,CLICK,1
1772342925.289731979,39673.594,532.0462,CLICK,1
1772342925.293514013,39677.377,502.7958,CLICK,1
1772342925.302332878,39686.195,446.0032,CLICK,1
1772342925.306221962,39690.084,495.2556,CLICK,1
1772342925.315136909,39698.999,524.3217,CLICK,1
1772342925.318954945,39702.817,448.8469,CLICK,1
1772342925.326681137,39710.543,528.0968,CLICK,1
1772342925.330562115,39714.425,543.2261,CLICK,1
1772342925.339502096,39723.365,455.6113,CLICK,1
1772342925.343382120,39727.244,464.6838,CLICK,1
1772342925.350895166,39734.757,565.8798,CLICK,1
1772342925.355970144,39739.833,490.3812,CLICK,1
1772342925.363431931,39747.294,441.5352,CLICK,1
1772342925.367316008,39751.178,495.8413,CLICK,1
1772342925.376297951,39760.160,477.6211,CLICK,1
1772342925.380143166,39764.005,400.6848,CLICK,1
1772342925.387736082,39771.598,497.3505,CLICK,1
1772342925.392819881,39776.682,500.8498,CLICK,1
1772342925.400542974,39784.405,405.9698,CLICK,1
1772342925.404421091,39788.283,467.7579,CLICK,1
1772342925.413218021,39797.080,482.2362,CLICK,1
1772342925.417029858,39800.892,395.9536,CLICK,1
1772342925.424677134,39808.539,395.8551,CLICK,1
1772342925.429809809,39813.672,465.0006,CLICK,1
1772342925.437557936,39821.420,394.9896,CLICK,1
1772342925.441445827,39825.308,380.9127,CLICK,1
1772342925.449286938,39833.149,471.9698,CLICK,1
1772342925.454362154,39838.224,439.9160,CLICK,1
1772342925.461964130,39845.826,433.0306,REST,0
1772342925.465935946,39849.799,502.2460,REST,0
1772342925.474807024,39858.669,463.7647,REST,0
1772342925.478629827,39862.492,368.9454,REST,0
1772342925.486384869,39870.247,449.5507,REST,0
1772342925.490207911,39874.070,483.1586,REST,0
1772342925.499017954,39882.880,421.0647,REST,0
1772342925.502741098,39886.603,426.3321,REST,0
1772342925.511609077,39895.471,480.6344,REST,0
1772342925.515501976,39899.364,463.9138,REST,0
1772342925.523097038,39906.959,519.3218,REST,0
1772342925.526916027,39910.778,528.3588,REST,0
1772342925.535813093,39919.676,459.7072,REST,0
1772342925.539638042,39923.500,415.5867,REST,0
1772342925.548504114,39932.366,449.1460,REST,0
1772342925.552325010,39936.187,417.8004,REST,0
1772342925.559930086,39943.792,329.8901,REST,0
1772342925.563742876,39947.605,407.9522,REST,0
1772342925.572645187,39956.508,429.8436,REST,0
1772342925.576463223,39960.325,380.8155,REST,0
1772342925.585411072,39969.273,403.1862,REST,0
1772342925.589341879,39973.204,503.3161,REST,0
1772342925.596947908,39980.810,450.9436,REST,0
1772342925.601790905,39985.654,431.6469,REST,0
1772342925.609563828,39993.426,509.7680,REST,0
1772342925.613381863,39997.244,469.7200,REST,0
1772342925.622380018,40006.242,427.6965,REST,0
1772342925.626192808,40010.055,516.0041,REST,0
1772342925.633821011,40017.684,553.9749,REST,0
1772342925.637713909,40021.576,491.4651,REST,0
1772342925.646677971,40030.540,539.0545,REST,0
1772342925.650562048,40034.424,583.9436,REST,0
1772342925.658078909,40041.941,498.0242,REST,0
1772342925.663149118,40047.011,503.6621,REST,0
1772342925.670755148,40054.617,574.1102,REST,0
1772342925.674630880,40058.493,483.7181,REST,0
1772342925.683580875,40067.443,479.1998,REST,0
1772342925.687426090,40071.288,555.5496,REST,0
1772342925.694912910,40078.775,546.8405,REST,0
1772342925.700000048,40083.862,516.0753,REST,0
1772342925.707486868,40091.349,610.8055,REST,0
1772342925.711369991,40095.232,612.0024,REST,0
1772342925.720375061,40104.237,545.6152,REST,0
1772342925.724232912,40108.095,565.2683,REST,0
1772342925.731842041,40115.704,558.0293,REST,0
1772342925.736895084,40120.757,504.6143,REST,0
1772342925.744610071,40128.472,525.5679,REST,0
1772342925.748492002,40132.354,574.7056,REST,0
1772342925.757465124,40141.327,531.9190,REST,0
1772342925.761281967,40145.144,532.1168,REST,0
1772342925.768879175,40152.741,607.8661,REST,0
1772342925.772754908,40156.617,586.7548,REST,0
1772342925.781690121,40165.552,558.3573,REST,0
1772342925.785516977,40169.379,647.1687,REST,0
1772342925.793208122,40177.070,627.5962,REST,0
1772342925.798287868,40182.150,565.0634,REST,0
1772342925.805876970,40189.739,627.4462,REST,0
1772342925.809753180,40193.615,655.3371,REST,0
1772342925.818696976,40202.559,597.0460,REST,0
1772342925.822623014,40206.485,597.7437,REST,0
1772342925.830242157,40214.104,674.7536,REST,0
1772342925.834895849,40218.758,599.9513,REST,0
1772342925.842425108,40226.287,571.5903,REST,0
1772342925.847558975,40231.422,652.4797,REST,0
1772342925.855214119,40239.076,590.6172,REST,0
1772342925.858886003,40242.748,556.5133,REST,0
1772342925.867686987,40251.550,605.7472,REST,0
1772342925.871531010,40255.393,597.3728,REST,0
1772342925.879162073,40263.024,539.3976,REST,0
1772342925.884263992,40268.126,604.6401,REST,0
1772342925.891861916,40275.724,631.8600,REST,0
1772342925.895678997,40279.541,544.9769,REST,0
1772342925.904573917,40288.436,538.0875,REST,0
1772342925.908409119,40292.271,588.5062,REST,0
1772342925.917213917,40301.076,541.8562,REST,0
1772342925.921079159,40304.941,546.1468,REST,0
1772342925.928712845,40312.575,594.3492,REST,0
1772342925.932558060,40316.420,553.8461,REST,0
1772342925.941457987,40325.321,503.5148,REST,0
1772342925.945278883,40329.141,560.8977,REST,0
1772342925.954169035,40338.031,560.0925,REST,0
1772342925.958014965,40341.877,479.3799,REST,0
1772342925.965663910,40349.527,514.9027,REST,0
1772342925.969491005,40353.353,537.5874,REST,0
1772342925.978352070,40362.214,461.0202,REST,0
1772342925.982166052,40366.028,478.1877,REST,0
1772342925.989758968,40373.621,546.1961,REST,0
1772342925.994833946,40378.696,487.3254,REST,0
1772342926.002475977,40386.339,458.4046,REST,0
1772342926.006308079,40390.171,475.0490,REST,0
1772342926.015190125,40399.052,432.4176,REST,0
1772342926.019017935,40402.880,380.9655,REST,0
1772342926.026690960,40410.553,446.4823,REST,0
1772342926.031781912,40415.644,441.5503,REST,0
1772342926.039380074,40423.242,407.4054,REST,0
1772342926.043192148,40427.054,462.5581,REST,0
1772342926.052143097,40436.005,418.6734,REST,0
1772342926.056030989,40439.893,384.1245,REST,0
1772342926.063741922,40447.604,383.4916,REST,0
1772342926.067584991,40451.447,436.3139,REST,0
1772342926.076436996,40460.300,401.9700,REST,0
1772342926.080255985,40464.118,370.9486,REST,0
1772342926.089000940,40472.864,441.5873,REST,0
1772342926.092741966,40476.604,408.3659,REST,0
1772342926.101526976,40485.389,352.6603,REST,0
1772342926.105355978,40489.218,348.8083,REST,0
1772342926.112961054,40496.823,261.5667,REST,0
1772342926.116839886,40500.702,106.6183,REST,0
1772342926.125854969,40509.717,69.3532,REST,0
1772342926.129750013,40513.612,-19.3298,REST,0
1772342926.137395859,40521.258,-259.8878,REST,0
1772342926.142477989,40526.340,-382.7901,REST,0
1772342926.150048018,40533.910,-430.2985,REST,0
1772342926.153936863,40537.799,-540.0266,REST,0
1772342926.162744999,40546.607,-558.8552,REST,0
1772342926.166450977,40550.314,-442.6581,REST,0
1772342926.174099922,40557.962,-426.0965,REST,0
1772342926.179182053,40563.044,-412.6483,REST,0
1772342926.186865807,40570.729,-254.1650,REST,0
1772342926.190752983,40574.615,-137.1946,REST,0
1772342926.199739933,40583.602,-49.6859,REST,0
1772342926.203568220,40587.430,117.2732,REST,0
1772342926.211183071,40595.045,276.0462,REST,0
1772342926.216355085,40600.217,295.6627,REST,0
1772342926.224124908,40607.987,410.2141,REST,0
1772342926.228013992,40611.876,545.9600,REST,0
1772342926.235663891,40619.526,575.5328,REST,0
1772342926.240591049,40624.453,624.7104,REST,0
1772342926.248186827,40632.049,739.5528,REST,0
1772342926.252053976,40635.916,744.6785,REST,0
1772342926.261040211,40644.902,723.9761,REST,0
1772342926.264932156,40648.794,829.3250,REST,0
1772342926.272640944,40656.503,861.9727,REST,0
1772342926.276468039,40660.331,836.2924,REST,0
1772342926.285123110,40668.985,927.6296,REST,0
1772342926.289016008,40672.878,981.1765,REST,0
1772342926.297827005,40681.690,902.4663,REST,0
1772342926.301541090,40685.403,902.0794,REST,0
1772342926.310470819,40694.333,953.6428,REST,0
1772342926.314285040,40698.147,890.8983,REST,0
1772342926.321926832,40705.789,893.7453,REST,0
1772342926.326900959,40710.763,968.0725,REST,0
1772342926.334394217,40718.256,914.8593,REST,0
1772342926.338286161,40722.148,874.4765,REST,0
1772342926.347077131,40730.939,942.0451,REST,0
1772342926.350893021,40734.755,949.0213,REST,0
1772342926.358582973,40742.445,895.8032,REST,0
1772342926.363758087,40747.620,939.3099,REST,0
1772342926.371469021,40755.331,975.7401,REST,0
1772342926.375349045,40759.211,888.1474,REST,0
1772342926.384248972,40768.111,872.0736,REST,0
1772342926.388101816,40771.965,918.0706,REST,0
1772342926.395807028,40779.669,852.6583,REST,0
1772342926.399674892,40783.537,809.4026,REST,0
1772342926.408606052,40792.468,855.6546,REST,0
1772342926.412421227,40796.283,821.4844,REST,0
1772342926.420039892,40803.902,750.7518,REST,0
1772342926.423973799,40807.836,814.6737,REST,0
1772342926.432868004,40816.734,778.1998,REST,0
1772342926.436703920,40820.566,703.0391,REST,0
1772342926.445599079,40829.461,740.2897,REST,0
1772342926.449453115,40833.315,760.8082,REST,0
1772342926.457098961,40840.961,692.7470,REST,0
1772342926.460992098,40844.854,687.7860,REST,0
1772342926.469773054,40853.635,721.8959,REST,0
1772342926.473654032,40857.516,647.0938,REST,0
1772342926.482149839,40866.012,614.5565,REST,0
1772342926.485968828,40869.831,675.2853,REST,0
1772342926.494837999,40878.700,628.5507,REST,0
1772342926.498729944,40882.592,580.8706,REST,0
1772342926.506384850,40890.248,639.5009,REST,0
1772342926.510181904,40894.044,639.2395,REST,0
1772342926.518930912,40902.794,574.2534,REST,0
1772342926.522840977,40906.703,613.3575,REST,0
1772342926.530556917,40914.419,630.4062,REST,0
1772342926.535695791,40919.558,564.8095,REST,0
1772342926.543408155,40927.270,551.5238,REST,0
1772342926.547250986,40931.113,561.2175,REST,0
1772342926.556038857,40939.901,480.6240,REST,0
1772342926.559909821,40943.772,444.5737,REST,0
1772342926.567657948,40951.520,503.1520,REST,0
1772342926.571537971,40955.400,479.4273,REST,0
1772342926.580456972,40964.319,434.5400,REST,0
1772342926.584281206,40968.143,515.9155,REST,0
1772342926.591877937,40975.740,526.2338,REST,0
1772342926.599920988,40983.783,458.1929,REST,0
1772342926.605115891,40988.978,503.1229,REST,0
1772342926.612290144,40996.153,528.7715,REST,0
1772342926.617439985,41001.302,462.4150,REST,0
1772342926.624485016,41008.347,480.0408,REST,0
1772342926.629580021,41013.443,536.4899,REST,0
1772342926.636769056,41020.631,466.0298,REST,0
1772342926.641959906,41025.822,458.6292,REST,0
1772342926.649073839,41032.936,535.7855,REST,0
1772342926.654181957,41038.044,509.7854,REST,0
1772342926.661349773,41045.212,464.3605,REST,0
1772342926.666450977,41050.313,531.1630,REST,0
1772342926.673689127,41057.551,521.9243,REST,0
1772342926.678853035,41062.715,444.5816,REST,0
1772342926.685992956,41069.855,489.0468,REST,0
1772342926.691078901,41074.941,550.3607,REST,0
1772342926.698250055,41082.112,478.9543,REST,0
1772342926.703436136,41087.298,505.1475,REST,0
1772342926.710578918,41094.442,560.4795,REST,0
1772342926.715746164,41099.608,471.2200,REST,0
1772342926.722809076,41106.671,437.3158,REST,0
1772342926.727687836,41111.550,495.8857,REST,0
1772342926.735139132,41119.001,466.5188,REST,0
1772342926.740305901,41124.168,424.3743,REST,0
1772342926.747437000,41131.299,489.7870,REST,0
1772342926.752612114,41136.474,499.7351,REST,0
1772342926.759624004,41143.486,440.4890,REST,0
1772342926.764704943,41148.567,488.9655,REST,0
1772342926.772055149,41155.917,515.8071,REST,0
1772342926.777222872,41161.085,466.2368,REST,0
1772342926.784325838,41168.188,473.7936,REST,0
1772342926.789453030,41173.315,507.5082,REST,0
1772342926.796517849,41180.380,424.3378,REST,0
1772342926.801541090,41185.403,399.7955,REST,0
1772342926.808959961,41192.822,455.7006,REST,0
1772342926.814131021,41197.993,431.2145,REST,0
1772342926.821206093,41205.068,406.8724,REST,0
1772342926.826302052,41210.164,490.1126,REST,0
1772342926.833365917,41217.228,492.8275,REST,0
1772342926.838526964,41222.389,429.9600,REST,0
1772342926.845739126,41229.601,488.9964,REST,0
1772342926.850885153,41234.747,508.0589,REST,0
1772342926.857980967,41241.844,415.1901,REST,0
1772342926.863067865,41246.930,431.2722,REST,0
1772342926.870385885,41254.248,499.5683,REST,0
1772342926.875560999,41259.423,438.5101,REST,0
1772342926.882616997,41266.479,403.9165,REST,0
1772342926.887789965,41271.652,501.8477,REST,0
1772342926.894832850,41278.695,478.9114,REST,0
1772342926.899913073,41283.775,429.5467,REST,0
1772342926.907243013,41291.105,470.9835,REST,0
1772342926.912412882,41296.275,444.7003,REST,0
1772342926.919486046,41303.348,371.6804,REST,0
1772342926.924726009,41308.588,386.9423,REST,0
1772342926.931706905,41315.569,441.6557,REST,0
1772342926.936758041,41320.620,391.3313,REST,0
1772342926.944035053,41327.897,401.8170,REST,0
1772342926.949151993,41333.014,467.9228,REST,0
1772342926.956434965,41340.297,415.1618,REST,0
1772342926.961423159,41345.285,392.9868,REST,0
1772342926.968593836,41352.456,477.6517,REST,0
1772342926.973722219,41357.584,452.5257,REST,0
1772342926.980937004,41364.799,427.0240,REST,0
1772342926.986100912,41369.963,494.6550,REST,0
1772342926.993191957,41377.054,511.2973,REST,0
1772342926.998275042,41382.137,416.4364,REST,0
1772342927.005460978,41389.323,467.4813,REST,0
1772342927.010626078,41394.488,492.6760,REST,0
1772342927.017787933,41401.650,425.5899,REST,0
1772342927.022992849,41406.855,431.7293,REST,0
1772342927.030035973,41413.899,470.6949,REST,0
1772342927.035115004,41418.977,432.5233,REST,0
1772342927.042378902,41426.241,410.4268,REST,0
1772342927.047539949,41431.402,482.8222,REST,0
1772342927.054663897,41438.526,473.0431,REST,0
1772342927.059821129,41443.683,484.8065,REST,0
1772342927.066864967,41450.727,442.0343,REST,0
1772342927.071954012,41455.816,436.0961,REST,0
1772342927.079344034,41463.206,348.0505,REST,0
1772342927.084501982,41468.364,365.8518,REST,0
1772342927.091536999,41475.399,371.9191,REST,0
1772342927.096656799,41480.519,325.8340,REST,0
1772342927.103806019,41487.668,338.0942,REST,0
1772342927.108879089,41492.741,424.2219,REST,0
1772342927.116111755,41499.974,392.0399,REST,0
1772342927.121178865,41505.041,413.1446,REST,0
1772342927.128357172,41512.219,470.0668,REST,0
1772342927.133398056,41517.260,429.8363,REST,0
1772342927.140634060,41524.496,397.3842,REST,0
1772342927.145768881,41529.631,476.5780,REST,0
1772342927.152953148,41536.815,495.3095,REST,0
1772342927.158095837,41541.958,431.5878,REST,0
1772342927.165461063,41549.323,503.8375,REST,0
1772342927.170593977,41554.456,522.5089,REST,0
1772342927.177487850,41561.350,456.1283,REST,0
1772342927.182649136,41566.511,498.6235,REST,0
1772342927.189928055,41573.790,575.6640,REST,0
1772342927.195099831,41578.962,542.2785,REST,0
1772342927.202090025,41585.952,494.8334,REST,0
1772342927.207170010,41591.032,554.4977,REST,0
1772342927.214443922,41598.306,524.0513,REST,0
1772342927.219597101,41603.459,493.6560,REST,0
1772342927.226699114,41610.561,570.8573,REST,0
1772342927.231856823,41615.719,551.3811,REST,0
1772342927.238933086,41622.795,503.5126,REST,0
1772342927.244019032,41627.881,550.0278,REST,0
1772342927.251324892,41635.188,578.9381,REST,0
1772342927.256485939,41640.348,510.7572,REST,0
1772342927.263529062,41647.391,522.8120,REST,0
1772342927.268780947,41652.643,602.3115,REST,0
1772342927.275820017,41659.682,539.0172,REST,0
1772342927.280830860,41664.693,522.0904,REST,0
1772342927.288127899,41671.990,613.2366,REST,0
1772342927.293263912,41677.126,582.2519,REST,0
1772342927.300368786,41684.231,527.7215,REST,0
1772342927.305477142,41689.339,584.3593,REST,0
1772342927.312639952,41696.503,548.4248,REST,0
1772342927.317680836,41701.543,487.1737,REST,0
1772342927.325015068,41708.878,513.0525,REST,0
1772342927.330193996,41714.056,544.6756,REST,0
1772342927.337232828,41721.095,467.9221,REST,0
1772342927.342209101,41726.071,489.4925,REST,0
1772342927.349544048,41733.406,535.8676,REST,0
1772342927.354675055,41738.537,471.4802,REST,0
1772342927.361868143,41745.730,467.4683,REST,0
1772342927.367018938,41750.881,563.1594,REST,0
1772342927.374106884,41757.969,498.3337,REST,0
1772342927.379225016,41763.088,458.4985,REST,0
1772342927.386862040,41770.724,507.1386,REST,0
1772342927.390721083,41774.583,498.6563,REST,0
1772342927.399668932,41783.531,462.9766,REST,0
1772342927.403527021,41787.389,526.8379,REST,0
1772342927.411210060,41795.072,569.8303,REST,0
1772342927.416306019,41800.168,485.5341,REST,0
1772342927.423794985,41807.657,505.3952,REST,0
1772342927.427695036,41811.557,540.1670,REST,0
1772342927.436453104,41820.315,459.4122,REST,0
1772342927.440348864,41824.211,449.0448,REST,0
1772342927.448957920,41832.820,512.7271,REST,0
1772342927.452773809,41836.636,483.1282,REST,0
1772342927.460485935,41844.348,447.6982,REST,0
1772342927.464374065,41848.236,535.6528,REST,0
1772342927.473320961,41857.183,555.7364,REST,0
1772342927.477316141,41861.178,431.6636,REST,0
1772342927.484912872,41868.775,475.0826,REST,0
1772342927.490118980,41873.981,530.7558,REST,0
1772342927.497838020,41881.700,464.2943,REST,0
1772342927.501724958,41885.587,489.5641,REST,0
1772342927.509402990,41893.265,554.0260,REST,0
1772342927.514483929,41898.346,502.6083,REST,0
1772342927.522085905,41905.949,500.3245,REST,0
1772342927.525901079,41909.763,570.2817,REST,0
1772342927.534878969,41918.741,544.2546,REST,0
1772342927.538760900,41922.623,528.7323,REST,0
1772342927.546417952,41930.280,581.3320,REST,0
1772342927.551494837,41935.357,577.0330,REST,0
1772342927.559173107,41943.035,502.6598,REST,0
1772342927.563049078,41946.911,552.6099,REST,0
1772342927.570755005,41954.617,584.0081,REST,0
1772342927.575908184,41959.770,520.3301,REST,0
1772342927.583518982,41967.382,503.2552,REST,0
1772342927.587342024,41971.204,530.8568,REST,0
1772342927.596354961,41980.217,458.5198,REST,0
1772342927.600229979,41984.092,439.5420,REST,0
1772342927.607931852,41991.794,519.4942,REST,0
1772342927.611754894,41995.617,481.5437,REST,0
1772342927.620605946,42004.468,448.6059,REST,0
1772342927.624241829,42008.104,531.3540,REST,0
1772342927.633110046,42016.972,528.5999,REST,0
1772342927.636981964,42020.844,476.1020,REST,0
1772342927.644678831,42028.541,542.3668,REST,0
1772342927.649738073,42033.600,561.6804,REST,0
1772342927.657332897,42041.195,488.4339,REST,0
1772342927.661190987,42045.053,483.7056,REST,0
1772342927.670152903,42054.015,519.0872,REST,0
1772342927.674032211,42057.894,461.5581,REST,0
1772342927.681694031,42065.556,427.8500,REST,0
1772342927.685531855,42069.394,493.8207,REST,0
1772342927.694405794,42078.268,440.4976,REST,0
1772342927.698251009,42082.113,389.9837,REST,0
1772342927.707085133,42090.947,437.0489,REST,0
1772342927.710919857,42094.782,443.5734,REST,0
1772342927.718542099,42102.404,359.9704,REST,0
1772342927.722413063,42106.275,398.4472,REST,0
1772342927.731287003,42115.149,420.1598,REST,0
1772342927.735116959,42118.979,372.3365,REST,0
1772342927.742717981,42126.580,432.1566,REST,0
1772342927.747874975,42131.737,509.3880,REST,0
1772342927.755264044,42139.127,483.6965,REST,0
1772342927.760402918,42144.265,471.9878,REST,0
1772342927.768100023,42151.962,556.2749,REST,0
1772342927.771975994,42155.838,546.4052,REST,0
1772342927.779670954,42163.533,518.0383,REST,0
1772342927.784787893,42168.650,593.1030,REST,0
1772342927.792199850,42176.062,594.5170,REST,0
1772342927.797240019,42181.102,515.1473,REST,0
1772342927.804877043,42188.739,565.9224,REST,0
1772342927.808753967,42192.616,585.6728,REST,0
1772342927.817729950,42201.592,517.0469,REST,0
1772342927.821599960,42205.462,553.4830,REST,0
1772342927.829223871,42213.086,604.7346,REST,0
1772342927.833114862,42216.977,564.1432,REST,0
1772342927.842106104,42225.968,555.5909,REST,0
1772342927.845988035,42229.850,620.6984,REST,0
1772342927.853623152,42237.485,584.7061,REST,0
1772342927.857443094,42241.305,509.0041,REST,0
1772342927.866336107,42250.199,563.4873,REST,0
1772342927.870218992,42254.081,560.5144,REST,0
1772342927.879290819,42263.153,492.4934,REST,0
1772342927.883178949,42267.041,553.3806,REST,0
1772342927.890812874,42274.675,586.2818,REST,0
1772342927.894630909,42278.493,496.1427,REST,0
1772342927.903574944,42287.437,508.2465,REST,0
1772342927.907460213,42291.322,575.5650,REST,0
1772342927.915167093,42299.029,527.1506,REST,0
1772342927.918990135,42302.852,511.9916,REST,0
1772342927.927920818,42311.783,574.0205,REST,0
1772342927.931739807,42315.602,545.3423,REST,0
1772342927.940618038,42324.480,501.3092,REST,0
1772342927.944499016,42328.361,560.5541,REST,0
1772342927.952203035,42336.065,585.1005,REST,0
1772342927.956049919,42339.912,487.9935,REST,0
1772342927.964908123,42348.770,517.4384,REST,0
1772342927.968687057,42352.549,548.2798,REST,0
1772342927.976392984,42360.255,475.6795,REST,0
1772342927.981621027,42365.483,488.2610,REST,0
1772342927.989346027,42373.208,535.8183,REST,0
1772342927.993170977,42377.033,472.4710,REST,0
1772342928.000769138,42384.631,449.1727,REST,0
1772342928.005905867,42389.768,527.3656,REST,0
1772342928.013616085,42397.478,488.2077,REST,0
1772342928.017493963,42401.356,442.8794,REST,0
1772342928.026416063,42410.278,523.8923,REST,0
1772342928.030241966,42414.104,550.0911,REST,0
1772342928.037680864,42421.543,474.0353,REST,0
1772342928.042634010,42426.496,545.6360,REST,0
1772342928.050318003,42434.180,587.6793,REST,0
1772342928.054194927,42438.057,524.3092,REST,0
1772342928.063102007,42446.964,569.5935,REST,0
1772342928.066890955,42450.753,618.0938,REST,0
1772342928.075628042,42459.491,544.1881,REST,0
1772342928.079496861,42463.359,523.0989,REST,0
1772342928.087196827,42471.059,605.7006,REST,0
1772342928.091087818,42474.950,554.4996,REST,0
1772342928.100108147,42483.970,517.0053,REST,0
1772342928.103921890,42487.784,582.2266,REST,0
1772342928.111452818,42495.315,565.2020,REST,0
1772342928.116442204,42500.305,491.1059,REST,0
1772342928.124150038,42508.012,545.1430,REST,0
1772342928.127996922,42511.859,586.4140,REST,0
1772342928.136879206,42520.741,531.6013,REST,0
1772342928.140703917,42524.566,522.6257,REST,0
1772342928.148409128,42532.271,605.2402,REST,0
1772342928.153562784,42537.425,553.5913,REST,0
1772342928.161261082,42545.123,548.4942,REST,0
1772342928.165096045,42548.958,629.8256,REST,0
1772342928.173954010,42557.816,601.3298,REST,0
1772342928.177845001,42561.707,555.0606,REST,0
1772342928.185538054,42569.400,613.7072,REST,0
1772342928.189432144,42573.294,616.6768,REST,0
1772342928.198368073,42582.230,544.1267,REST,0
1772342928.202183008,42586.046,566.4674,REST,0
1772342928.209822893,42593.685,577.6117,REST,0
1772342928.214974880,42598.837,502.5434,REST,0
1772342928.222677946,42606.540,500.4073,REST,0
1772342928.226567030,42610.429,529.5529,REST,0
1772342928.235397100,42619.259,467.2421,REST,0
1772342928.239211082,42623.073,453.6679,REST,0
1772342928.246857882,42630.720,512.4302,REST,0
1772342928.251904964,42635.767,483.2971,REST,0
1772342928.259618044,42643.480,431.1930,REST,0
1772342928.263505936,42647.368,497.3621,REST,0
1772342928.272442818,42656.305,499.1325,REST,0
1772342928.276257992,42660.120,442.8948,REST,0
1772342928.283890009,42667.752,470.4482,REST,0
1772342928.287764072,42671.626,491.0378,REST,0
1772342928.296551943,42680.414,424.1144,REST,0
1772342928.300215960,42684.078,456.4187,REST,0
1772342928.308865070,42692.727,513.9336,REST,0
1772342928.312676191,42696.538,462.9979,REST,0
1772342928.320290089,42704.152,457.7532,REST,0
1772342928.325452089,42709.314,507.2382,REST,0
1772342928.333155155,42717.017,461.0710,REST,0
1772342928.336977005,42720.839,422.2605,REST,0
1772342928.345818043,42729.680,498.8898,REST,0
1772342928.349701166,42733.563,501.3827,REST,0
1772342928.357402086,42741.264,431.1508,REST,0
1772342928.361285925,42745.148,470.8280,REST,0
1772342928.370208025,42754.070,469.2275,REST,0
1772342928.374023914,42757.886,397.2480,REST,0
1772342928.382931948,42766.794,409.5309,REST,0
1772342928.386812925,42770.675,461.0921,REST,0
1772342928.394510031,42778.372,414.1804,REST,0
1772342928.398391008,42782.253,390.8051,REST,0
1772342928.407287121,42791.149,454.3029,REST,0
1772342928.411100864,42794.963,419.1080,REST,0
1772342928.418755054,42802.617,372.5936,REST,0
1772342928.424026966,42807.889,443.3928,REST,0
1772342928.431724072,42815.586,443.2300,REST,0
1772342928.435595036,42819.457,382.6971,REST,0
1772342928.443190098,42827.052,443.8067,REST,0
1772342928.448293209,42832.155,469.7765,REST,0
1772342928.455994844,42839.857,393.5746,REST,0
1772342928.459875107,42843.737,414.1827,REST,0
1772342928.468349934,42852.212,491.2908,CLICK,1
1772342928.472169876,42856.032,436.7182,CLICK,1
1772342928.480942011,42864.804,422.3665,CLICK,1
1772342928.484774828,42868.637,490.5832,CLICK,1
1772342928.492383003,42876.245,463.5110,CLICK,1
1772342928.497465134,42881.327,430.7119,CLICK,1
1772342928.505125999,42888.988,512.9104,CLICK,1
1772342928.509007215,42892.869,509.1962,CLICK,1
1772342928.517874956,42901.737,442.6812,CLICK,1
1772342928.521738052,42905.600,478.7608,CLICK,1
1772342928.529436827,42913.299,484.5825,CLICK,1
1772342928.533260107,42917.122,402.5952,CLICK,1
1772342928.542113066,42925.975,410.8464,CLICK,1
1772342928.545925140,42929.787,466.8682,CLICK,1
1772342928.554598808,42938.461,421.4976,CLICK,1
1772342928.558429003,42942.292,407.0805,CLICK,1
1772342928.566025019,42949.887,476.1633,CLICK,1
1772342928.571109056,42954.971,457.3623,CLICK,1
1772342928.578710079,42962.572,426.7631,CLICK,1
1772342928.582522154,42966.385,487.9391,CLICK,1
1772342928.591387987,42975.250,512.0685,CLICK,1
1772342928.595205784,42979.068,446.9643,CLICK,1
1772342928.604003191,42987.865,504.8726,CLICK,1
1772342928.607815981,42991.678,534.6506,CLICK,1
1772342928.616227150,43000.089,446.7636,CLICK,1
1772342928.620091915,43003.954,463.9230,CLICK,1
1772342928.627791882,43011.654,517.0725,CLICK,1
1772342928.631679058,43015.541,465.2137,CLICK,1
1772342928.640666962,43024.529,418.2043,CLICK,1
1772342928.644532919,43028.395,464.4271,CLICK,1
1772342928.652319908,43036.182,415.4588,CLICK,1
1772342928.656134844,43039.997,371.3478,CLICK,1
1772342928.665105820,43048.968,449.2646,CLICK,1
1772342928.668986797,43052.849,464.5788,CLICK,1
1772342928.676692963,43060.555,419.6089,CLICK,1
1772342928.681819916,43065.682,479.2194,CLICK,1
1772342928.689368010,43073.231,527.5942,CLICK,1
1772342928.693223000,43077.085,465.4063,CLICK,1
1772342928.702192783,43086.055,484.0640,CLICK,1
1772342928.706084013,43089.946,563.1399,CLICK,1
1772342928.713775158,43097.637,507.3755,CLICK,1
1772342928.717602968,43101.465,474.5625,CLICK,1
1772342928.726481915,43110.344,548.5896,CLICK,1
1772342928.730356932,43114.219,514.5686,CLICK,1
1772342928.738034010,43121.896,484.2205,CLICK,1
1772342928.743163824,43127.026,548.1572,CLICK,1
1772342928.750797033,43134.659,538.3164,CLICK,1
1772342928.754609823,43138.472,463.5004,CLICK,1
1772342928.763513088,43147.375,501.4694,CLICK,1
1772342928.767404079,43151.266,517.2942,CLICK,1
1772342928.775111914,43158.974,448.9506,CLICK,1
1772342928.778997898,43162.860,459.6734,CLICK,1
1772342928.787983894,43171.846,529.1465,CLICK,1
1772342928.791802168,43175.664,491.5868,CLICK,1
1772342928.799479961,43183.342,502.0994,CLICK,1
1772342928.804395914,43188.258,562.5696,CLICK,1
1772342928.811931849,43195.794,527.7039,CLICK,1
1772342928.817173004,43201.035,505.4706,CLICK,1
1772342928.824848890,43208.711,572.0499,CLICK,1
1772342928.828668833,43212.531,567.2216,CLICK,1
1772342928.837381840,43221.244,497.6880,CLICK,1
1772342928.841264009,43225.126,533.9429,CLICK,1
1772342928.848928928,43232.791,571.1865,CLICK,1
1772342928.852836132,43236.698,561.0595,CLICK,1
1772342928.861716986,43245.579,513.0979,CLICK,1
1772342928.865597963,43249.460,482.7869,CLICK,1
1772342928.873311996,43257.174,468.2471,CLICK,1
1772342928.878474951,43262.337,486.1784,CLICK,1
1772342928.886164904,43270.027,494.7076,CLICK,1
1772342928.893536091,43277.398,493.3854,CLICK,1
1772342928.898620844,43282.483,453.4563,CLICK,1
1772342928.902323961,43286.186,570.3955,CLICK,1
1772342928.911325932,43295.188,618.7611,CLICK,1
1772342928.918159962,43302.023,593.4460,CLICK,1
1772342928.923332214,43307.194,645.1617,CLICK,1
1772342928.930373192,43314.235,696.7017,CLICK,1
1772342928.935512066,43319.374,600.6373,CLICK,1
1772342928.942780018,43326.643,642.4241,CLICK,1
1772342928.947963953,43331.826,654.8828,CLICK,1
1772342928.955070019,43338.932,562.4210,CLICK,1
1772342928.960087061,43343.950,549.3377,CLICK,1
1772342928.967277050,43351.139,623.0976,CLICK,1
1772342928.972439051,43356.302,577.9498,CLICK,1
1772342928.979650974,43363.513,524.2807,CLICK,1
1772342928.984825134,43368.687,563.9985,CLICK,1
1772342928.991859913,43375.722,564.4730,CLICK,1
1772342928.996947050,43380.809,492.0317,CLICK,1
1772342929.004197836,43388.060,567.4163,CLICK,1
1772342929.009397984,43393.260,620.6311,CLICK,1
1772342929.016474009,43400.336,546.1167,CLICK,1
1772342929.021610022,43405.472,562.7468,CLICK,1
1772342929.028678894,43412.541,628.7731,CLICK,1
1772342929.033551931,43417.414,555.5209,CLICK,1
1772342929.041120052,43424.983,552.1401,CLICK,1
1772342929.046287775,43430.150,611.4415,CLICK,1
1772342929.053343058,43437.205,565.1619,CLICK,1
1772342929.058516979,43442.379,529.4650,CLICK,1
1772342929.065549135,43449.411,684.1181,CLICK,1
1772342929.070625067,43454.487,588.1081,CLICK,1
1772342929.077977180,43461.839,521.7834,CLICK,1
1772342929.083129168,43466.991,459.8195,CLICK,1
1772342929.090260029,43474.122,406.8269,CLICK,1
1772342929.095302820,43479.165,249.6872,CLICK,1
1772342929.102467060,43486.329,216.0141,CLICK,1
1772342929.107610226,43491.472,277.8053,CLICK,1
1772342929.114756107,43498.619,310.7228,CLICK,1
1772342929.119770050,43503.632,304.0123,CLICK,1
1772342929.127060890,43510.924,413.5673,CLICK,1
1772342929.132196188,43516.059,404.1431,CLICK,1
1772342929.139328957,43523.191,353.8936,CLICK,1
1772342929.144485235,43528.347,456.8960,CLICK,1
1772342929.151652098,43535.514,468.1394,CLICK,1
1772342929.156816959,43540.679,402.1918,CLICK,1
1772342929.163881063,43547.743,452.8007,CLICK,1
1772342929.168967009,43552.829,471.2032,CLICK,1
1772342929.176314116,43560.176,420.4487,CLICK,1
1772342929.181459904,43565.322,459.7980,CLICK,1
1772342929.188530922,43572.393,557.7023,CLICK,1
1772342929.193700075,43577.562,509.5287,CLICK,1
1772342929.200773239,43584.635,489.3660,CLICK,1
1772342929.205847979,43589.710,562.8743,CLICK,1
1772342929.213108063,43596.970,530.4669,CLICK,1
1772342929.218274117,43602.137,479.8767,CLICK,1
1772342929.225392818,43609.255,530.4809,CLICK,1
1772342929.230570078,43614.432,529.7488,CLICK,1
1772342929.237653017,43621.515,452.5009,CLICK,1
1772342929.242734194,43626.596,484.8111,CLICK,1
1772342929.249942064,43633.804,501.5873,CLICK,1
1772342929.255104065,43638.966,422.4769,CLICK,1
1772342929.262290001,43646.152,433.0179,CLICK,1
1772342929.267611980,43651.474,487.0301,CLICK,1
1772342929.274536848,43658.399,433.8072,CLICK,1
1772342929.279653072,43663.515,426.4638,CLICK,1
1772342929.286821842,43670.684,498.4066,CLICK,1
1772342929.291991949,43675.854,449.2970,CLICK,1
1772342929.299096107,43682.958,388.9244,CLICK,1
1772342929.304304838,43688.167,452.9107,CLICK,1
1772342929.311355829,43695.218,450.5110,CLICK,1
1772342929.316442966,43700.306,404.0823,CLICK,1
1772342929.323675871,43707.539,440.2958,CLICK,1
1772342929.328604937,43712.467,483.2862,CLICK,1
1772342929.335968971,43719.831,381.7293,CLICK,1
1772342929.341057062,43724.919,403.4934,CLICK,1
1772342929.348273993,43732.136,484.3125,CLICK,1
1772342929.353444099,43737.306,445.3598,CLICK,1
1772342929.360570192,43744.432,440.5772,CLICK,1
1772342929.365726948,43749.590,516.2476,CLICK,1
1772342929.372783184,43756.645,469.9331,CLICK,1
1772342929.377856016,43761.719,440.4877,CLICK,1
1772342929.385125160,43768.987,516.1095,CLICK,1
1772342929.390231133,43774.093,512.1040,CLICK,1
1772342929.397398949,43781.261,416.0530,CLICK,1
1772342929.402493000,43786.355,453.7560,CLICK,1
1772342929.409707069,43793.570,480.7028,CLICK,1
1772342929.414789200,43798.651,458.9936,CLICK,1
1772342929.422006130,43805.868,490.4612,CLICK,1
1772342929.427139044,43811.001,554.1614,CLICK,1
1772342929.434266806,43818.129,491.6515,CLICK,1
1772342929.439399004,43823.261,502.4568,CLICK,1
1772342929.446579933,43830.442,530.0213,CLICK,1
1772342929.451668978,43835.531,490.2628,CLICK,1
1772342929.458884001,43842.746,444.5599,CLICK,1
1772342929.464028835,43847.891,505.6273,CLICK,1
1772342929.471209049,43855.071,499.1069,CLICK,1
1772342929.476307869,43860.170,425.6156,CLICK,1
1772342929.483355999,43867.218,500.1512,CLICK,1
1772342929.488415956,43872.278,537.2935,CLICK,1
1772342929.495737076,43879.599,492.7598,CLICK,1
1772342929.500881910,43884.744,511.3865,CLICK,1
1772342929.507997036,43891.860,560.8007,CLICK,1
1772342929.513087988,43896.950,503.5329,CLICK,1
1772342929.520256042,43904.118,499.5958,CLICK,1
1772342929.525398016,43909.260,558.7253,CLICK,1
1772342929.532570124,43916.432,482.5557,CLICK,1
1772342929.537705898,43921.568,408.0255,CLICK,1
1772342929.544855118,43928.717,486.5143,CLICK,1
1772342929.549733877,43933.596,495.4296,CLICK,1
1772342929.557193995,43941.056,396.4013,CLICK,1
1772342929.562356949,43946.219,453.8431,CLICK,1
1772342929.569472075,43953.334,487.3499,CLICK,1
1772342929.574645042,43958.507,426.2402,CLICK,1
1772342929.581730127,43965.592,463.8208,CLICK,1
1772342929.586810112,43970.672,504.2962,CLICK,1
1772342929.594020128,43977.882,446.6278,CLICK,1
1772342929.599143982,43983.006,414.0671,CLICK,1
1772342929.606469870,43990.332,502.5333,CLICK,1
1772342929.611569881,43995.432,487.0950,CLICK,1
1772342929.618589878,44002.452,429.4887,CLICK,1
1772342929.623717070,44007.579,468.0949,CLICK,1
1772342929.630896091,44014.758,496.3247,CLICK,1
1772342929.636060953,44019.923,431.3075,CLICK,1
1772342929.643195868,44027.058,471.5459,CLICK,1
1772342929.648303032,44032.166,510.7329,CLICK,1
1772342929.655425072,44039.287,434.0563,CLICK,1
1772342929.660546064,44044.408,466.4757,CLICK,1
1772342929.667770147,44051.632,526.5583,CLICK,1
1772342929.672926903,44056.789,477.9126,CLICK,1
1772342929.680026770,44063.889,496.2934,CLICK,1
1772342929.685112000,44068.974,583.1260,CLICK,1
1772342929.692317009,44076.179,544.4511,CLICK,1
1772342929.697470903,44081.334,501.4088,CLICK,1
1772342929.704722881,44088.585,556.4151,CLICK,1
1772342929.709888935,44093.751,547.8773,CLICK,1
1772342929.716831923,44100.694,460.8870,CLICK,1
1772342929.721978903,44105.841,497.2018,CLICK,1
1772342929.729130983,44112.993,520.9949,CLICK,1
1772342929.734287977,44118.150,466.9614,CLICK,1
1772342929.741595984,44125.458,467.7478,CLICK,1
1772342929.746751070,44130.613,524.1796,CLICK,1
1772342929.753736973,44137.599,511.8176,CLICK,1
1772342929.758818150,44142.680,464.9406,CLICK,1
1772342929.766044855,44149.907,540.5468,CLICK,1
1772342929.771194220,44155.056,511.7194,CLICK,1
1772342929.778384924,44162.247,466.1509,CLICK,1
1772342929.783286095,44167.148,511.6329,CLICK,1
1772342929.790598869,44174.462,521.2741,CLICK,1
1772342929.795686007,44179.548,466.8867,CLICK,1
1772342929.802964926,44186.827,487.1994,CLICK,1
1772342929.808137894,44192.000,509.5643,CLICK,1
1772342929.815301180,44199.163,418.0077,CLICK,1
1772342929.820538044,44204.400,472.4465,CLICK,1
1772342929.827446938,44211.309,546.3674,CLICK,1
1772342929.832525015,44216.387,466.1109,CLICK,1
1772342929.839854002,44223.716,473.1584,CLICK,1
1772342929.844769955,44228.632,563.7772,CLICK,1
1772342929.852288961,44236.151,532.4320,CLICK,1
1772342929.857393980,44241.256,494.5701,CLICK,1
1772342929.864991903,44248.854,564.5399,CLICK,1
1772342929.868861914,44252.724,540.5370,CLICK,1
1772342929.877839804,44261.702,472.8638,CLICK,1
1772342929.881726980,44265.589,496.5584,CLICK,1
1772342929.889370203,44273.232,519.3944,CLICK,1
1772342929.893189192,44277.051,440.3910,CLICK,1
1772342929.902076960,44285.940,457.1484,CLICK,1
1772342929.905959845,44289.822,523.2799,CLICK,1
1772342929.913668156,44297.530,438.7195,CLICK,1
1772342929.918823957,44302.686,452.5997,CLICK,1
1772342929.926738024,44310.600,516.1622,CLICK,1
1772342929.930554152,44314.416,503.1676,CLICK,1
1772342929.938202143,44322.064,425.3544,CLICK,1
1772342929.943356991,44327.219,494.7845,CLICK,1
1772342929.951045990,44334.908,485.8882,CLICK,1
1772342929.954895020,44338.757,451.3810,CLICK,1
1772342929.963757992,44347.620,459.3825,CLICK,1
1772342929.967613935,44351.476,494.6571,CLICK,1
1772342929.975334883,44359.197,412.4124,CLICK,1
1772342929.979215860,44363.078,428.4682,CLICK,1
1772342929.988142014,44372.004,496.8349,CLICK,1
1772342929.991979122,44375.841,455.3958,CLICK,1
1772342929.999591827,44383.454,453.9404,CLICK,1
1772342930.004718065,44388.580,533.4992,CLICK,1
1772342930.012449980,44396.312,550.8410,CLICK,1
1772342930.016330004,44400.192,469.3057,CLICK,1
1772342930.025119066,44408.982,566.1931,CLICK,1
1772342930.028943777,44412.806,513.9846,CLICK,1
1772342930.036410809,44420.273,455.1882,CLICK,1
1772342930.041397095,44425.260,487.5678,CLICK,1
1772342930.049099922,44432.962,523.8927,CLICK,1
1772342930.052983046,44436.845,447.5057,CLICK,1
1772342930.061883926,44445.746,466.7179,CLICK,1
1772342930.065706968,44449.569,547.5290,CLICK,1
1772342930.074565172,44458.427,503.5444,CLICK,1
1772342930.078451872,44462.314,502.4922,CLICK,1
1772342930.086090088,44469.952,569.9282,CLICK,1
1772342930.089987993,44473.851,520.4437,CLICK,1
1772342930.098855972,44482.718,497.7624,CLICK,1
1772342930.102670193,44486.532,576.8631,CLICK,1
1772342930.110186100,44494.049,577.5908,CLICK,1
1772342930.115345955,44499.208,498.7226,CLICK,1
1772342930.123049021,44506.911,522.6854,CLICK,1
1772342930.126785994,44510.648,549.3052,CLICK,1
1772342930.135644913,44519.507,473.9063,CLICK,1
1772342930.139513016,44523.375,500.3209,CLICK,1
1772342930.147201061,44531.063,558.6973,CLICK,1
1772342930.152422905,44536.285,488.5536,CLICK,1
1772342930.160102844,44543.965,474.5408,CLICK,1
1772342930.163919210,44547.781,572.0397,CLICK,1
1772342930.172836065,44556.698,556.1835,CLICK,1
1772342930.176719189,44560.581,500.2225,CLICK,1
1772342930.184308052,44568.170,584.7806,CLICK,1
1772342930.188193083,44572.055,542.3608,CLICK,1
1772342930.197120905,44580.983,454.2152,CLICK,1
1772342930.200941086,44584.803,483.3885,CLICK,1
1772342930.208565950,44592.428,540.4196,CLICK,1
1772342930.213722229,44597.585,474.5650,CLICK,1
1772342930.221422195,44605.284,472.5305,CLICK,1
1772342930.225308895,44609.171,516.1255,CLICK,1
1772342930.234215975,44618.078,462.1129,CLICK,1
1772342930.238031149,44621.893,483.8125,CLICK,1
1772342930.245675087,44629.537,556.7212,CLICK,1
1772342930.249539137,44633.401,516.3584,CLICK,1
1772342930.258101940,44641.964,481.9128,CLICK,1
1772342930.261995077,44645.857,572.5198,CLICK,1
1772342930.270856857,44654.719,555.5004,CLICK,1
1772342930.274676085,44658.538,465.7740,CLICK,1
1772342930.282317162,44666.179,513.4481,CLICK,1
1772342930.287472010,44671.334,534.1230,CLICK,1
1772342930.295186996,44679.049,456.2588,CLICK,1
1772342930.299010992,44682.873,493.2779,CLICK,1
1772342930.307765961,44691.628,539.8890,CLICK,1
1772342930.311371088,44695.233,473.9236,CLICK,1
1772342930.319072008,44702.934,463.4450,CLICK,1
1772342930.324272156,44708.134,538.5338,CLICK,1
1772342930.331947088,44715.809,488.9606,CLICK,1
1772342930.335779190,44719.641,437.8424,CLICK,1
1772342930.344633102,44728.495,494.6368,CLICK,1
1772342930.348477840,44732.340,532.4994,CLICK,1
1772342930.355984926,44739.847,434.7092,CLICK,1
1772342930.361144066,44745.006,455.9808,CLICK,1
1772342930.368794918,44752.657,492.0432,CLICK,1
1772342930.372607946,44756.470,411.1715,CLICK,1
1772342930.381521940,44765.384,431.0653,CLICK,1
1772342930.385164976,44769.027,520.8472,CLICK,1
1772342930.393995047,44777.857,491.8033,CLICK,1
1772342930.397841930,44781.704,471.5422,CLICK,1
1772342930.405251026,44789.113,570.2612,CLICK,1
1772342930.410117865,44793.980,513.6163,CLICK,1
1772342930.417720079,44801.582,465.2657,CLICK,1
1772342930.421638966,44805.501,559.9650,CLICK,1
1772342930.430618048,44814.480,557.0924,CLICK,1
1772342930.434353828,44818.216,484.2147,CLICK,1
1772342930.441951036,44825.813,540.6273,CLICK,1
1772342930.447021008,44830.883,579.2966,CLICK,1
1772342930.454466105,44838.328,502.5758,CLICK,1
1772342930.459378004,44843.240,495.9598,CLICK,1
1772342930.466917992,44850.780,586.5155,CLICK,1
1772342930.470741034,44854.603,509.6190,CLICK,1
1772342930.479589224,44863.451,504.0734,CLICK,1
1772342930.483453989,44867.316,589.7170,CLICK,1
1772342930.491173983,44875.036,595.0986,CLICK,1
1772342930.496409178,44880.271,561.6901,CLICK,1
1772342930.504074097,44887.936,615.9794,CLICK,1
1772342930.507888079,44891.750,585.3299,CLICK,1
1772342930.516788006,44900.650,487.5339,CLICK,1
1772342930.520710945,44904.573,529.2006,CLICK,1
1772342930.528417110,44912.279,554.4707,CLICK,1
1772342930.532282829,44916.145,498.1562,CLICK,1
1772342930.541178226,44925.040,535.0066,CLICK,1
1772342930.544991016,44928.853,539.6077,CLICK,1
1772342930.552634001,44936.496,458.0436,CLICK,1
1772342930.557872057,44941.734,415.4155,CLICK,1
1772342930.565578938,44949.441,508.9885,CLICK,1
1772342930.569469929,44953.332,523.3720,CLICK,1
1772342930.577250957,44961.113,495.8502,CLICK,1
1772342930.582332850,44966.195,571.8861,CLICK,1
1772342930.590003014,44973.865,571.6107,CLICK,1
1772342930.593891144,44977.753,479.4841,CLICK,1
1772342930.601606846,44985.469,506.2929,CLICK,1
1772342930.606722116,44990.584,537.5889,CLICK,1
1772342930.614316940,44998.179,464.3796,CLICK,1
1772342930.618193865,45002.056,459.1365,CLICK,1
1772342930.627236128,45011.098,503.7015,CLICK,1
1772342930.631000996,45014.864,436.3515,CLICK,1
1772342930.638629198,45022.492,409.8969,CLICK,1
1772342930.643729925,45027.592,466.5258,CLICK,1
1772342930.651323795,45035.186,441.0716,CLICK,1
1772342930.655141830,45039.004,414.2180,CLICK,1
1772342930.663890839,45047.753,468.8571,CLICK,1
1772342930.667666912,45051.529,466.9331,CLICK,1
1772342930.676523924,45060.386,393.6944,CLICK,1
1772342930.680337906,45064.200,467.2561,CLICK,1
1772342930.687930107,45071.792,560.7458,CLICK,1
1772342930.691748142,45075.610,544.9369,CLICK,1
1772342930.700610161,45084.472,483.5330,CLICK,1
1772342930.704427004,45088.289,544.8192,CLICK,1
1772342930.713114023,45096.976,508.1790,CLICK,1
1772342930.716921091,45100.784,464.1275,CLICK,1
1772342930.724566936,45108.429,520.2630,CLICK,1
1772342930.729627848,45113.490,467.4411,CLICK,1
1772342930.737222910,45121.086,428.7626,CLICK,1
1772342930.741040230,45124.902,528.5504,CLICK,1
1772342930.750067949,45133.930,534.3594,CLICK,1
1772342930.753883839,45137.746,469.8229,CLICK,1
1772342930.761491060,45145.353,504.2051,CLICK,1
1772342930.766398907,45150.261,525.2380,CLICK,1
1772342930.773983955,45157.846,441.1326,CLICK,1
1772342930.777805090,45161.667,475.7253,CLICK,1
1772342930.786660194,45170.523,555.4714,CLICK,1
1772342930.790472984,45174.335,485.7815,CLICK,1
1772342930.799338102,45183.200,486.8209,CLICK,1
1772342930.803034067,45186.896,576.6517,CLICK,1
1772342930.810597181,45194.459,548.6380,CLICK,1
1772342930.815654993,45199.517,506.9609,CLICK,1
1772342930.823242903,45207.106,575.4976,CLICK,1
1772342930.827064991,45210.927,606.6744,CLICK,1
1772342930.835922956,45219.785,541.8311,CLICK,1
1772342930.839738131,45223.600,578.7698,CLICK,1
1772342930.848485231,45232.347,587.5296,CLICK,1
1772342930.852299929,45236.163,527.8660,CLICK,1
1772342930.859650135,45243.512,539.6024,CLICK,1
1772342930.864722013,45248.584,590.4656,CLICK,1
1772342930.872218847,45256.081,527.9418,CLICK,1
1772342930.876023054,45259.885,510.6559,CLICK,1
1772342930.884924889,45268.787,585.8519,CLICK,1
1772342930.888741016,45272.603,503.4775,CLICK,1
1772342930.897629976,45281.492,431.1719,CLICK,1
1772342930.901061773,45284.924,513.9144,CLICK,1
1772342930.909677029,45293.539,520.4730,CLICK,1
1772342930.913489819,45297.352,477.4976,CLICK,1
1772342930.921077967,45304.940,503.4538,CLICK,1
1772342930.926149130,45310.012,536.0938,CLICK,1
1772342930.933707952,45317.571,477.8211,CLICK,1
1772342930.937536001,45321.399,465.4585,CLICK,1
1772342930.946444988,45330.307,508.1216,CLICK,1
1772342930.950283051,45334.145,491.7774,CLICK,1
1772342930.958866835,45342.730,451.6297,CLICK,1
1772342930.962691069,45346.553,529.0311,CLICK,1
1772342930.971433878,45355.296,504.8838,CLICK,1
1772342930.975248814,45359.111,455.3113,CLICK,1
1772342930.982849121,45366.711,532.0494,CLICK,1
1772342930.986665964,45370.528,578.3136,CLICK,1
1772342930.995548964,45379.412,505.8655,CLICK,1
1772342930.999396086,45383.258,564.4920,CLICK,1
1772342931.008278131,45392.141,582.7793,CLICK,1
1772342931.012153149,45396.016,519.0188,CLICK,1
1772342931.019712925,45403.575,524.5939,CLICK,1
1772342931.023575068,45407.437,577.8587,CLICK,1
1772342931.032333136,45416.196,540.2289,CLICK,1
1772342931.036215067,45420.077,493.7033,CLICK,1
1772342931.045272112,45429.134,572.4790,CLICK,1
1772342931.049156189,45433.018,567.8410,CLICK,1
1772342931.056752920,45440.615,507.0756,CLICK,1
1772342931.060564041,45444.426,566.4359,CLICK,1
1772342931.069263220,45453.125,559.4674,CLICK,1
1772342931.073148966,45457.011,476.1114,CLICK,1
1772342931.081907988,45465.770,513.8223,CLICK,1
1772342931.085633993,45469.496,550.8949,CLICK,1
1772342931.093240976,45477.104,428.7544,CLICK,1
1772342931.098376989,45482.240,450.4248,CLICK,1
1772342931.105945110,45489.807,505.7276,CLICK,1
1772342931.109829903,45493.692,443.3876,CLICK,1
1772342931.118782997,45502.645,427.4967,CLICK,1
1772342931.122644901,45506.507,499.1400,CLICK,1
1772342931.130232096,45514.095,428.1487,CLICK,1
1772342931.135147095,45519.009,350.0711,CLICK,1
1772342931.142723083,45526.585,425.5840,CLICK,1
1772342931.146605968,45530.468,438.0731,CLICK,1
1772342931.155514956,45539.377,410.8535,CLICK,1
1772342931.159328938,45543.191,468.2250,CLICK,1
1772342931.166912079,45550.775,489.7152,CLICK,1
1772342931.172075987,45555.938,421.5439,CLICK,1
1772342931.179769993,45563.632,449.2310,CLICK,1
1772342931.183662176,45567.524,528.9379,CLICK,1
1772342931.192570925,45576.433,475.3641,CLICK,1
1772342931.196383953,45580.246,480.1458,CLICK,1
1772342931.204843044,45588.705,541.0006,CLICK,1
1772342931.208721876,45592.584,495.2150,CLICK,1
1772342931.216422796,45600.286,439.6392,CLICK,1
1772342931.220330000,45604.192,521.1054,CLICK,1
1772342931.229204893,45613.067,524.8624,CLICK,1
1772342931.233018160,45616.880,436.1954,CLICK,1
1772342931.240663052,45624.526,511.9909,CLICK,1
1772342931.245835066,45629.697,616.0029,CLICK,1
1772342931.253556013,45637.418,479.7890,CLICK,1
1772342931.257399082,45641.261,472.0402,CLICK,1
1772342931.266246796,45650.109,552.5990,CLICK,1
1772342931.270061016,45653.923,467.1788,CLICK,1
1772342931.277774096,45661.636,434.6909,CLICK,1
1772342931.282736063,45666.598,535.1553,CLICK,1
1772342931.290272951,45674.135,532.1550,CLICK,1
1772342931.293907881,45677.771,522.3190,CLICK,1
1772342931.302754164,45686.616,630.4552,CLICK,1
1772342931.306619883,45690.482,620.4292,CLICK,1
1772342931.315655947,45699.518,535.8248,CLICK,1
1772342931.319550037,45703.412,525.2665,CLICK,1
1772342931.327269077,45711.132,533.5846,CLICK,1
1772342931.331081867,45714.944,479.7644,CLICK,1
1772342931.339970112,45723.832,502.8689,CLICK,1
1772342931.343851089,45727.713,566.3812,CLICK,1
1772342931.351566076,45735.428,536.5529,CLICK,1
1772342931.355444908,45739.307,516.9317,CLICK,1
1772342931.364335060,45748.197,606.4773,CLICK,1
1772342931.368134975,45751.998,581.0822,CLICK,1
1772342931.376836061,45760.698,532.1628,CLICK,1
1772342931.380720139,45764.582,596.1724,CLICK,1
1772342931.388190985,45772.053,590.1374,CLICK,1
1772342931.393384933,45777.247,492.9161,CLICK,1
1772342931.400990009,45784.853,559.0563,CLICK,1
1772342931.404806852,45788.669,576.6748,CLICK,1
1772342931.413735867,45797.598,530.5602,CLICK,1
1772342931.417616844,45801.479,556.9363,CLICK,1
1772342931.425360918,45809.223,607.8730,CLICK,1
1772342931.428989887,45812.852,562.7714,CLICK,1
1772342931.437861204,45821.723,498.7517,CLICK,1
1772342931.441684008,45825.546,582.5861,CLICK,1
1772342931.450655937,45834.518,553.5338,CLICK,1
1772342931.454535961,45838.398,509.1360,CLICK,1
1772342931.462239981,45846.102,562.9191,CLICK,1
1772342931.466058016,45849.920,577.5350,CLICK,1
1772342931.474911928,45858.774,495.4265,CLICK,1
1772342931.478725195,45862.587,558.6555,CLICK,1
1772342931.486433029,45870.295,591.8057,CLICK,1
1772342931.494394779,45878.258,539.8302,CLICK,1
1772342931.499528885,45883.391,531.1365,CLICK,1
1772342931.506671190,45890.533,594.4347,CLICK,1
1772342931.511744976,45895.607,512.6293,CLICK,1
1772342931.519023180,45902.885,474.9609,CLICK,1
1772342931.524248123,45908.110,532.3778,CLICK,1
1772342931.531229973,45915.092,499.5727,CLICK,1
1772342931.536320925,45920.183,431.9744,CLICK,1
1772342931.543548822,45927.411,494.2871,CLICK,1
1772342931.548677921,45932.540,505.1242,CLICK,1
1772342931.555930138,45939.792,447.2473,CLICK,1
1772342931.561110020,45944.973,478.6547,CLICK,1
1772342931.568168879,45952.031,526.1947,CLICK,1
1772342931.573243856,45957.106,451.2149,CLICK,1
1772342931.580402851,45964.265,446.1281,CLICK,1
1772342931.585571051,45969.433,519.9577,CLICK,1
1772342931.592724085,45976.587,455.1665,CLICK,1
1772342931.597891092,45981.753,446.7696,CLICK,1
1772342931.604991913,45988.854,487.4997,CLICK,1
1772342931.610069036,45993.931,441.6010,CLICK,1
1772342931.617328167,46001.190,417.6419,CLICK,1
1772342931.622498989,46006.361,463.2843,CLICK,1
1772342931.629613161,46013.476,495.8871,CLICK,1
1772342931.634777069,46018.640,442.8835,CLICK,1
1772342931.641882181,46025.744,497.2260,CLICK,1
1772342931.652686119,46036.548,534.2407,CLICK,1
1772342931.654175997,46038.039,434.2769,CLICK,1
1772342931.659801006,46043.664,448.5300,CLICK,1
1772342931.666373014,46050.235,492.8777,CLICK,1
1772342931.671474934,46055.338,476.5490,CLICK,1
1772342931.678656101,46062.518,449.2806,CLICK,1
1772342931.683655024,46067.517,509.4373,CLICK,1
1772342931.691040993,46074.903,477.4467,CLICK,1
1772342931.696182966,46080.045,445.1858,CLICK,1
1772342931.703294992,46087.157,544.7294,CLICK,1
1772342931.708392859,46092.256,540.9737,CLICK,1
1772342931.715528011,46099.390,470.4168,CLICK,1
1772342931.720594883,46104.457,517.7572,CLICK,1
1772342931.727894068,46111.756,561.8032,CLICK,1
1772342931.733052015,46116.914,487.4274,CLICK,1
1772342931.740155935,46124.018,506.1322,CLICK,1
1772342931.745243788,46129.107,583.5169,CLICK,1
1772342931.752463102,46136.325,506.1929,CLICK,1
1772342931.757636070,46141.498,428.1402,CLICK,1
1772342931.764749050,46148.611,507.0266,CLICK,1
1772342931.769879103,46153.741,468.0166,CLICK,1
1772342931.777041912,46160.904,373.0942,CLICK,1
1772342931.782117844,46165.980,395.0754,CLICK,1
1772342931.789273024,46173.135,404.2950,CLICK,1
1772342931.794447899,46178.310,378.3486,CLICK,1
1772342931.801631927,46185.494,461.6976,CLICK,1
1772342931.806789875,46190.652,476.2880,CLICK,1
1772342931.813877106,46197.739,415.6199,CLICK,1
1772342931.818909883,46202.772,411.8708,CLICK,1
1772342931.826281071,46210.143,460.5634,CLICK,1
1772342931.831454992,46215.317,419.1832,CLICK,1
1772342931.838454008,46222.316,427.3440,CLICK,1
1772342931.843570948,46227.433,511.2646,CLICK,1
1772342931.850718975,46234.581,494.5836,CLICK,1
1772342931.855803967,46239.666,465.8358,CLICK,1
1772342931.863053083,46246.915,560.5624,CLICK,1
1772342931.868188858,46252.051,561.1281,CLICK,1
1772342931.875404119,46259.266,494.1748,CLICK,1
1772342931.880491972,46264.354,522.4473,CLICK,1
1772342931.887681961,46271.544,550.2583,CLICK,1
1772342931.892714977,46276.577,482.3426,CLICK,1
1772342931.899893999,46283.756,508.8454,CLICK,1
1772342931.905076981,46288.939,539.0927,CLICK,1
1772342931.912246943,46296.109,476.5652,CLICK,1
1772342931.917182922,46301.046,458.3661,CLICK,1
1772342931.924438953,46308.301,523.6013,CLICK,1
1772342931.929423094,46313.285,466.1391,CLICK,1
1772342931.936766863,46320.629,432.7226,CLICK,1
1772342931.941925049,46325.787,472.6533,CLICK,1
1772342931.949071169,46332.933,480.7746,CLICK,1
1772342931.954147100,46338.009,392.9651,CLICK,1
1772342931.961381912,46345.244,463.0066,CLICK,1
1772342931.966430902,46350.293,507.2850,CLICK,1
1772342931.973688126,46357.550,453.2972,CLICK,1
1772342931.978857040,46362.719,477.9198,CLICK,1
1772342931.985899925,46369.762,512.6682,CLICK,1
1772342931.990980148,46374.842,460.9645,CLICK,1
1772342931.998275995,46382.138,462.6878,CLICK,1
1772342932.003443003,46387.305,549.8287,CLICK,1
1772342932.010552168,46394.414,527.4553,CLICK,1
1772342932.015659094,46399.521,458.4088,CLICK,1
1772342932.022826910,46406.689,516.6571,CLICK,1
1772342932.027907133,46411.769,501.7445,CLICK,1
1772342932.035087109,46418.949,427.6920,CLICK,1
1772342932.040249109,46424.111,441.2009,CLICK,1
1772342932.047425032,46431.287,490.5962,CLICK,1
1772342932.052515030,46436.377,427.4714,CLICK,1
1772342932.059637070,46443.499,449.2495,CLICK,1
1772342932.064755917,46448.618,512.7209,CLICK,1
1772342932.071976900,46455.839,464.8885,CLICK,1
1772342932.077139854,46461.002,445.7101,CLICK,1
1772342932.084240913,46468.103,502.5819,CLICK,1
1772342932.089316130,46473.178,474.6580,CLICK,1
1772342932.096538067,46480.400,447.4609,CLICK,1
1772342932.101522923,46485.385,497.4757,CLICK,1
1772342932.108791113,46492.653,504.4759,CLICK,1
1772342932.113920927,46497.783,443.8053,CLICK,1
1772342932.121098042,46504.960,498.2104,CLICK,1
1772342932.126192808,46510.055,514.5524,CLICK,1
1772342932.133352995,46517.215,456.3453,CLICK,1
1772342932.138449907,46522.312,468.0659,CLICK,1
1772342932.145699024,46529.561,547.4645,CLICK,1
1772342932.150960922,46534.823,485.3614,CLICK,1
1772342932.157945156,46541.807,474.9172,CLICK,1
1772342932.163038969,46546.901,566.4254,CLICK,1
1772342932.170257807,46554.120,534.1908,CLICK,1
1772342932.175338030,46559.200,503.7678,CLICK,1
1772342932.182586193,46566.448,557.9059,CLICK,1
1772342932.187686920,46571.549,579.0299,CLICK,1
1772342932.194778204,46578.640,486.2343,CLICK,1
1772342932.199764013,46583.626,517.8313,CLICK,1
1772342932.207134962,46590.997,537.2164,CLICK,1
1772342932.212249994,46596.112,467.0756,CLICK,1
1772342932.219417095,46603.279,493.4619,CLICK,1
1772342932.224529982,46608.392,542.7186,CLICK,1
1772342932.231648922,46615.511,484.9441,CLICK,1
1772342932.236799002,46620.661,453.5045,CLICK,1
1772342932.244019985,46627.882,526.4454,CLICK,1
1772342932.249181032,46633.043,505.5581,CLICK,1
1772342932.256246090,46640.108,417.9168,CLICK,1
1772342932.261327982,46645.190,482.8609,CLICK,1
1772342932.268506765,46652.370,477.2804,CLICK,1
1772342932.273650885,46657.513,417.5487,CLICK,1
1772342932.280899048,46664.761,457.3840,CLICK,1
1772342932.286011934,46669.875,517.0925,CLICK,1
1772342932.293126822,46676.989,434.6055,CLICK,1
1772342932.298204899,46682.067,422.7472,CLICK,1
1772342932.305410147,46689.272,485.1954,CLICK,1
1772342932.310559988,46694.422,425.5050,CLICK,1
1772342932.317749023,46701.611,405.2549,CLICK,1
1772342932.322954893,46706.817,486.5360,CLICK,1
1772342932.329976082,46713.838,482.4251,CLICK,1
1772342932.335048914,46718.912,451.2890,CLICK,1
1772342932.342387915,46726.250,531.8788,CLICK,1
1772342932.347559929,46731.422,523.0571,CLICK,1
1772342932.354629993,46738.492,430.0179,CLICK,1
1772342932.359728098,46743.590,475.0742,CLICK,1
1772342932.366832018,46750.694,537.5493,CLICK,1
1772342932.371905088,46755.767,476.2194,CLICK,1
1772342932.379617929,46763.480,485.9701,CLICK,1
1772342932.383502007,46767.364,550.5022,CLICK,1
1772342932.392457962,46776.320,508.0138,CLICK,1
1772342932.396286964,46780.149,519.3485,CLICK,1
1772342932.403895140,46787.758,601.1610,CLICK,1
1772342932.408847809,46792.710,539.3786,CLICK,1
1772342932.416432142,46800.294,480.1146,CLICK,1
1772342932.420325994,46804.188,536.4034,CLICK,1
1772342932.429238081,46813.100,558.5475,CLICK,1
1772342932.433058023,46816.920,506.8524,CLICK,1
1772342932.440646887,46824.509,587.2882,CLICK,1
1772342932.445801973,46829.664,618.1480,CLICK,1
1772342932.453507185,46837.369,513.3098,CLICK,1
1772342932.457393885,46841.256,502.2097,CLICK,1
1772342932.466305971,46850.168,548.5004,CLICK,1
1772342932.470119953,46853.982,494.4878,CLICK,1
1772342932.477719069,46861.581,481.6781,REST,0
1772342932.481611967,46865.474,590.9750,REST,0
1772342932.490497112,46874.359,517.6545,REST,0
1772342932.494341850,46878.204,451.8734,REST,0
1772342932.503036976,46886.899,524.9496,REST,0
1772342932.506859064,46890.721,569.7181,REST,0
1772342932.514447212,46898.309,466.1540,REST,0
1772342932.519525051,46903.387,492.1230,REST,0
1772342932.527221918,46911.084,546.4835,REST,0
1772342932.531059980,46914.922,474.4341,REST,0
1772342932.539992094,46923.854,464.9000,REST,0
1772342932.543863058,46927.725,526.9738,REST,0
1772342932.551466942,46935.329,449.8125,REST,0
1772342932.555291891,46939.154,449.1782,REST,0
1772342932.564167023,46948.029,502.0620,REST,0
1772342932.567986012,46951.848,500.2220,REST,0
1772342932.576649904,46960.512,461.2453,REST,0
1772342932.580464125,46964.326,503.2986,REST,0
1772342932.588197947,46972.061,529.5435,REST,0
1772342932.593281031,46977.143,461.3640,REST,0
1772342932.600880146,46984.742,472.9486,REST,0
1772342932.604979038,46988.841,499.7195,REST,0
1772342932.613856077,46997.718,422.8462,REST,0
1772342932.617652893,47001.515,443.5719,REST,0
1772342932.625396967,47009.259,509.5432,REST,0
1772342932.629215002,47013.077,456.7024,REST,0
1772342932.638062000,47021.924,418.2582,REST,0
1772342932.641844988,47025.707,486.8581,REST,0
1772342932.649443150,47033.305,469.9000,REST,0
1772342932.654457092,47038.319,449.6777,REST,0
1772342932.662084103,47045.946,489.1596,REST,0
1772342932.665948868,47049.811,483.9224,REST,0
1772342932.674738884,47058.601,387.7997,REST,0
1772342932.678380013,47062.242,436.5355,REST,0
1772342932.687226057,47071.088,520.1243,REST,0
1772342932.691067934,47074.930,451.4749,REST,0
1772342932.698706865,47082.569,447.8137,REST,0
1772342932.703808069,47087.670,515.3120,REST,0
1772342932.711372137,47095.234,474.5740,REST,0
1772342932.715188026,47099.050,476.8193,REST,0
1772342932.724056005,47107.918,549.3460,REST,0
1772342932.727701902,47111.564,539.6693,REST,0
1772342932.736562014,47120.424,453.5133,REST,0
1772342932.740385056,47124.247,526.9873,REST,0
1772342932.747905970,47131.768,484.8495,REST,0
1772342932.752977848,47136.840,419.2255,REST,0
1772342932.760653973,47144.516,484.4012,REST,0
1772342932.764539957,47148.403,538.6438,REST,0
1772342932.773490906,47157.353,437.9628,REST,0
1772342932.777349949,47161.212,448.3394,REST,0
1772342932.784944057,47168.806,526.1995,REST,0
1772342932.788755894,47172.618,497.0179,REST,0
1772342932.797708035,47181.570,496.9212,REST,0
1772342932.801516056,47185.378,594.7884,REST,0
1772342932.810477018,47194.339,576.0263,REST,0
1772342932.814301014,47198.163,516.0722,REST,0
1772342932.821890116,47205.752,550.3242,REST,0
1772342932.826810122,47210.672,531.7385,REST,0
1772342932.834365845,47218.228,550.4309,REST,0
1772342932.838248014,47222.110,535.3012,REST,0
1772342932.847184896,47231.048,569.4022,REST,0
1772342932.851000071,47234.863,533.7805,REST,0
1772342932.858588934,47242.451,522.4717,REST,0
1772342932.863757133,47247.619,551.7010,REST,0
1772342932.871430874,47255.293,523.5084,REST,0
1772342932.875313997,47259.176,469.6736,REST,0
1772342932.884233952,47268.096,597.1857,REST,0
1772342932.888047218,47271.909,562.6555,REST,0
1772342932.895702124,47279.564,549.7135,REST,0
1772342932.899584055,47283.446,623.5512,REST,0
1772342932.908545971,47292.408,613.5779,REST,0
1772342932.912389040,47296.251,552.7727,REST,0
1772342932.919993162,47303.855,577.8122,REST,0
1772342932.923865080,47307.727,596.6998,REST,0
1772342932.932808876,47316.671,530.9522,REST,0
1772342932.936702967,47320.565,525.7550,REST,0
1772342932.944412947,47328.275,594.8229,REST,0
1772342932.949419022,47333.281,537.1748,REST,0
1772342932.956806898,47340.670,499.0221,REST,0
1772342932.961846113,47345.708,544.9597,REST,0
1772342932.969449997,47353.312,475.9743,REST,0
1772342932.973310947,47357.173,387.0021,REST,0
1772342932.982037067,47365.899,402.6145,REST,0
1772342932.985850811,47369.713,313.1184,REST,0
1772342932.994729996,47378.592,180.1321,REST,0
1772342932.998589993,47382.452,157.7633,REST,0
1772342933.006311893,47390.174,80.3722,REST,0
1772342933.010198116,47394.060,-69.3335,REST,0
1772342933.019243956,47403.106,-106.4765,REST,0
1772342933.023165941,47407.028,-141.0265,REST,0
1772342933.030800819,47414.663,-228.7519,REST,0
1772342933.034678936,47418.541,-233.5425,REST,0
1772342933.043622971,47427.485,-105.7534,REST,0
1772342933.047491074,47431.353,-54.0328,REST,0
1772342933.055118084,47438.980,-5.2062,REST,0
1772342933.060194969,47444.057,109.7805,REST,0
1772342933.067887068,47451.749,216.8604,REST,0
1772342933.071768045,47455.630,229.1665,REST,0
1772342933.080749989,47464.612,347.4249,REST,0
1772342933.084630013,47468.492,458.2242,REST,0
1772342933.092225075,47476.087,447.9698,REST,0
1772342933.096041918,47479.904,463.1881,REST,0
1772342933.105005026,47488.867,563.1384,REST,0
1772342933.108892918,47492.755,569.7090,REST,0
1772342933.116592884,47500.455,584.0542,REST,0
1772342933.121733904,47505.596,706.1840,REST,0
1772342933.129323006,47513.185,746.3265,REST,0
1772342933.133172989,47517.035,718.1947,REST,0
1772342933.142117977,47525.980,765.1471,REST,0
1772342933.145979881,47529.842,779.6941,REST,0
1772342933.153683901,47537.546,707.0261,REST,0
1772342933.158625126,47542.487,724.1400,REST,0
1772342933.166228056,47550.091,762.0508,REST,0
1772342933.170089006,47553.951,699.4312,REST,0
1772342933.179053068,47562.916,711.1683,REST,0
1772342933.182954073,47566.816,757.6157,REST,0
1772342933.190626144,47574.488,725.4815,REST,0
1772342933.194453955,47578.316,744.3815,REST,0
1772342933.203148127,47587.010,811.6030,REST,0
1772342933.207024097,47590.886,782.3453,REST,0
1772342933.216014147,47599.876,723.5025,REST,0
1772342933.219763994,47603.626,757.3240,REST,0
1772342933.227442026,47611.304,756.6249,REST,0
1772342933.231254101,47615.116,675.3822,REST,0
1772342933.240190029,47624.052,736.8472,REST,0
1772342933.243979931,47627.842,767.6831,REST,0
1772342933.251703978,47635.566,705.6943,REST,0
1772342933.256869078,47640.731,704.3663,REST,0
1772342933.264363050,47648.225,768.9044,REST,0
1772342933.268175125,47652.037,700.9738,REST,0
1772342933.277136803,47660.999,672.7722,REST,0
1772342933.281027079,47664.889,738.9224,REST,0
1772342933.288738966,47672.601,694.2276,REST,0
1772342933.292583942,47676.447,641.8616,REST,0
1772342933.301456928,47685.320,700.0077,REST,0
1772342933.305317163,47689.179,712.5921,REST,0
1772342933.314351082,47698.213,651.8197,REST,0
1772342933.318234921,47702.097,639.0902,REST,0
1772342933.325959921,47709.822,668.1008,REST,0
1772342933.329787970,47713.650,583.1194,REST,0
1772342933.338637114,47722.499,570.9522,REST,0
1772342933.342528105,47726.390,627.1804,REST,0
1772342933.350229025,47734.091,599.5676,REST,0
1772342933.354107857,47737.970,554.4345,REST,0
1772342933.363039970,47746.902,621.2084,REST,0
1772342933.366858959,47750.721,580.5980,REST,0
1772342933.374490976,47758.353,511.5534,REST,0
1772342933.379652023,47763.514,551.6177,REST,0
1772342933.387351036,47771.213,529.9788,REST,0
1772342933.391237974,47775.100,471.5350,REST,0
1772342933.400120020,47783.982,520.0832,REST,0
1772342933.403932810,47787.795,544.9127,REST,0
1772342933.411613941,47795.477,485.0388,REST,0
1772342933.415503025,47799.365,484.2890,REST,0
1772342933.424469948,47808.332,530.4998,REST,0
1772342933.428344011,47812.206,485.2966,REST,0
1772342933.435973883,47819.837,465.7343,REST,0
1772342933.441051960,47824.914,538.6248,REST,0
1772342933.448527098,47832.389,527.9495,REST,0
1772342933.452307940,47836.170,503.6163,REST,0
1772342933.461244822,47845.107,560.8314,REST,0
1772342933.464941978,47848.804,570.1862,REST,0
1772342933.473803997,47857.666,511.7818,REST,0
1772342933.477653027,47861.515,548.4366,REST,0
1772342933.485161066,47869.023,584.1924,REST,0
1772342933.490319014,47874.181,505.8229,REST,0
1772342933.497807026,47881.669,500.0107,REST,0
1772342933.501583815,47885.446,559.1383,REST,0
1772342933.510432005,47894.294,508.3042,REST,0
1772342933.514316082,47898.178,508.4305,REST,0
1772342933.522024870,47905.887,571.4243,REST,0
1772342933.527178049,47911.040,545.6874,REST,0
1772342933.534841061,47918.703,489.1229,REST,0
1772342933.538669109,47922.531,512.4197,REST,0
1772342933.547582865,47931.445,522.9212,REST,0
1772342933.551458120,47935.320,452.3043,REST,0
1772342933.559165001,47943.027,476.8072,REST,0
1772342933.563032150,47946.894,507.1440,REST,0
1772342933.571934938,47955.797,435.6048,REST,0
1772342933.575512171,47959.374,439.3348,REST,0
1772342933.584206104,47968.069,515.8730,REST,0
1772342933.588090897,47971.953,467.6217,REST,0
1772342933.595804930,47979.667,447.9335,REST,0
1772342933.599717140,47983.579,527.5289,REST,0
1772342933.608581066,47992.443,497.4661,REST,0
1772342933.612399101,47996.261,421.7932,REST,0
1772342933.621356964,48005.219,467.5787,REST,0
1772342933.625247002,48009.109,478.7362,REST,0
1772342933.632956982,48016.819,416.1141,REST,0
1772342933.636858940,48020.721,468.1817,REST,0
1772342933.645709991,48029.572,516.5784,REST,0
1772342933.649576902,48033.439,469.4853,REST,0
1772342933.657294989,48041.157,484.6019,REST,0
1772342933.661177158,48045.039,577.4499,REST,0
1772342933.670109987,48053.972,512.4428,REST,0
1772342933.673922062,48057.785,489.0629,REST,0
1772342933.682796001,48066.658,556.6762,REST,0
1772342933.686655045,48070.517,521.7449,REST,0
1772342933.694345951,48078.208,457.3454,REST,0
1772342933.698235989,48082.099,503.4174,REST,0
1772342933.707139015,48091.001,516.0273,REST,0
1772342933.710956097,48094.818,389.1038,REST,0
1772342933.718600035,48102.462,442.2857,REST,0
1772342933.723824024,48107.686,499.1414,REST,0
1772342933.731536865,48115.399,414.9360,REST,0
1772342933.735423088,48119.285,416.0714,REST,0
1772342933.744359970,48128.222,494.2199,REST,0
1772342933.748179913,48132.042,437.7790,REST,0
1772342933.755640030,48139.502,422.7050,REST,0
1772342933.760697126,48144.559,516.4629,REST,0
1772342933.768185139,48152.047,480.5570,REST,0
1772342933.772042036,48155.904,440.3097,REST,0
1772342933.780890942,48164.753,521.9624,REST,0
1772342933.784740210,48168.602,534.0250,REST,0
1772342933.792451143,48176.313,475.6335,REST,0
1772342933.796340942,48180.203,497.7549,REST,0
1772342933.805318832,48189.181,557.0225,REST,0
1772342933.809139967,48193.002,576.6628,REST,0
1772342933.818023920,48201.887,489.1528,REST,0
1772342933.821933985,48205.796,552.3132,REST,0
1772342933.829399109,48213.261,534.1696,REST,0
1772342933.834371090,48218.233,543.0781,REST,0
1772342933.842046976,48225.909,604.0617,REST,0
1772342933.845860004,48229.722,571.8709,REST,0
1772342933.854760885,48238.623,517.4014,REST,0
1772342933.858654022,48242.516,560.4789,REST,0
1772342933.866351128,48250.213,567.0881,REST,0
1772342933.870216846,48254.079,494.2931,REST,0
1772342933.879119158,48262.981,549.2666,REST,0
1772342933.882935047,48266.797,596.8782,REST,0
1772342933.891918182,48275.780,516.8146,REST,0
1772342933.895804882,48279.668,478.1340,REST,0
1772342933.903511047,48287.373,531.5352,REST,0
1772342933.907396078,48291.258,496.2932,REST,0
1772342933.916248083,48300.110,480.3204,REST,0
1772342933.920116901,48303.979,584.9309,REST,0
1772342933.927875996,48311.738,534.1443,REST,0
1772342933.931769133,48315.631,487.2358,REST,0
1772342933.940747976,48324.611,541.8876,REST,0
1772342933.944583893,48328.447,534.0529,REST,0
1772342933.952174187,48336.036,437.0601,REST,0
1772342933.956027985,48339.890,467.2875,REST,0
1772342933.965017080,48348.879,456.8376,REST,0
1772342933.968900204,48352.762,284.4615,REST,0
1772342933.976594925,48360.457,152.3249,REST,0
1772342933.981669903,48365.532,57.4090,REST,0
1772342933.989262104,48373.124,-142.7049,REST,0
1772342933.993142128,48377.004,-236.6407,REST,0
1772342934.002080917,48385.944,-175.9583,REST,0
1772342934.005839825,48389.702,-173.5641,REST,0
1772342934.014799833,48398.662,-179.5391,REST,0
1772342934.018613100,48402.475,-38.8885,REST,0
1772342934.026283979,48410.147,52.3077,REST,0
1772342934.030115128,48413.977,27.3013,REST,0
1772342934.039092064,48422.954,142.4884,REST,0
1772342934.042959213,48426.821,295.8639,REST,0
1772342934.050520182,48434.382,311.1950,REST,0
1772342934.054339170,48438.201,353.7847,REST,0
1772342934.063168049,48447.030,462.1986,REST,0
1772342934.067054033,48450.916,464.0186,REST,0
1772342934.076016188,48459.878,489.4256,REST,0
1772342934.079900980,48463.763,601.7517,REST,0
1772342934.087494850,48471.357,619.9321,REST,0
1772342934.091325045,48475.187,591.7583,REST,0
1772342934.100272179,48484.134,697.8514,REST,0
1772342934.104153156,48488.015,700.7846,REST,0
1772342934.111865997,48495.728,676.8341,REST,0
1772342934.117033005,48500.895,706.6642,REST,0
1772342934.124737024,48508.599,807.0937,REST,0
1772342934.128555059,48512.417,740.9966,REST,0
1772342934.137563944,48521.426,785.0838,REST,0
1772342934.141455889,48525.318,846.3419,REST,0
1772342934.149166107,48533.029,765.2442,REST,0
1772342934.152989864,48536.852,739.8384,REST,0
1772342934.161837101,48545.699,835.6256,REST,0
1772342934.165711164,48549.573,817.2973,REST,0
1772342934.173274040,48557.136,737.8765,REST,0
1772342934.178431034,48562.293,786.2816,REST,0
1772342934.186075926,48569.938,819.8961,REST,0
1772342934.189892054,48573.754,739.5996,REST,0
1772342934.198532104,48582.394,757.7717,REST,0
1772342934.202310801,48586.173,787.6222,REST,0
1772342934.210020065,48593.882,729.8569,REST,0
1772342934.215174913,48599.037,714.9116,REST,0
1772342934.222707033,48606.569,766.8775,REST,0
1772342934.226522207,48610.385,709.1004,REST,0
1772342934.235460043,48619.322,647.7921,REST,0
1772342934.239344120,48623.206,727.3357,REST,0
1772342934.247051001,48630.913,668.9649,REST,0
1772342934.252197981,48636.060,605.0653,REST,0
1772342934.259794950,48643.657,638.3449,REST,0
1772342934.263622999,48647.485,624.5925,REST,0
1772342934.272592783,48656.455,539.5462,REST,0
1772342934.276469946,48660.332,567.1881,REST,0
1772342934.284178972,48668.041,603.3552,REST,0
1772342934.288021088,48671.883,515.0675,REST,0
1772342934.296879053,48680.741,495.1413,REST,0
1772342934.300550938,48684.413,586.0883,REST,0
1772342934.309373856,48693.236,515.6116,REST,0
1772342934.316379786,48700.242,496.8407,REST,0
1772342934.321573973,48705.436,587.9171,REST,0
1772342934.328691006,48712.553,563.7009,REST,0
1772342934.333583117,48717.446,499.9055,REST,0
1772342934.340953112,48724.816,597.9125,REST,0
1772342934.346148014,48730.010,568.9247,REST,0
1772342934.353325129,48737.187,509.9970,REST,0
1772342934.358423948,48742.286,541.1989,REST,0
1772342934.365467787,48749.330,537.9803,REST,0
1772342934.370572090,48754.434,458.7835,REST,0
1772342934.377887964,48761.751,461.3023,REST,0
1772342934.383076191,48766.938,555.1834,REST,0
1772342934.390124083,48773.986,556.7919,REST,0
1772342934.395176888,48779.040,452.1264,REST,0
1772342934.402359962,48786.222,508.2232,REST,0
1772342934.407535076,48791.397,507.3802,REST,0
1772342934.414710999,48798.573,424.2610,REST,0
1772342934.419877052,48803.739,507.2159,REST,0
1772342934.426905155,48810.767,506.3791,REST,0
1772342934.431994915,48815.857,437.2297,REST,0
1772342934.439261913,48823.125,480.1312,REST,0
1772342934.444436073,48828.298,547.3911,REST,0
1772342934.451525927,48835.388,494.9800,REST,0
1772342934.456702948,48840.565,487.8496,REST,0
1772342934.463781834,48847.644,521.7991,REST,0
1772342934.468858957,48852.721,466.8261,REST,0
1772342934.476139069,48860.001,438.9898,REST,0
1772342934.481306791,48865.169,512.2096,REST,0
1772342934.488445044,48872.307,492.8698,REST,0
1772342934.493435860,48877.298,427.3635,REST,0
1772342934.500631094,48884.493,480.3115,REST,0
1772342934.505704880,48889.567,502.2140,REST,0
1772342934.513020992,48896.883,439.7679,REST,0
1772342934.518190145,48902.052,438.1058,REST,0
1772342934.525269032,48909.131,515.1215,REST,0
1772342934.530362844,48914.225,466.1536,REST,0
1772342934.537580013,48921.442,448.4472,REST,0
1772342934.542701006,48926.563,515.4379,REST,0
1772342934.549865961,48933.728,437.6891,REST,0
1772342934.554931879,48938.794,417.9920,REST,0
1772342934.562138796,48946.001,492.4353,REST,0
1772342934.567222118,48951.084,468.4910,REST,0
1772342934.574465990,48958.328,428.7437,REST,0
1772342934.579635859,48963.498,488.7629,REST,0
1772342934.586719036,48970.581,498.1661,REST,0
1772342934.591885090,48975.747,420.4369,REST,0
1772342934.598978043,48982.840,450.8801,REST,0
1772342934.604052067,48987.914,491.9883,REST,0
1772342934.611356974,48995.219,423.6831,REST,0
1772342934.616517067,49000.379,435.5196,REST,0
1772342934.623636007,49007.498,497.9574,REST,0
1772342934.628846169,49012.708,461.9892,REST,0
1772342934.635848045,49019.710,430.5774,REST,0
1772342934.640925884,49024.788,485.6950,REST,0
1772342934.648169041,49032.032,478.6818,REST,0
1772342934.653331995,49037.194,407.8571,REST,0
1772342934.660485029,49044.347,455.6361,REST,0
1772342934.665778875,49049.641,457.4635,REST,0
1772342934.672714949,49056.577,394.1353,REST,0
1772342934.677842855,49061.705,431.8671,REST,0
1772342934.685031891,49068.894,493.0687,REST,0
1772342934.690142870,49074.005,399.3389,REST,0
1772342934.697351933,49081.214,409.1005,REST,0
1772342934.702430964,49086.294,489.5884,REST,0
1772342934.709572077,49093.435,424.7885,REST,0
1772342934.714703798,49098.566,382.8962,REST,0
1772342934.721946001,49105.808,472.5208,REST,0
1772342934.727123022,49110.985,454.9196,REST,0
1772342934.734246969,49118.110,409.0491,REST,0
1772342934.739322901,49123.185,487.1607,REST,0
1772342934.746598959,49130.462,486.7607,REST,0
1772342934.751762867,49135.625,398.1669,REST,0
1772342934.758782864,49142.645,432.7403,REST,0
1772342934.763936043,49147.799,457.7570,REST,0
1772342934.771094084,49154.956,375.3115,REST,0
1772342934.775985003,49159.847,405.5517,REST,0
1772342934.783416986,49167.280,480.9183,REST,0
1772342934.788592815,49172.455,444.0993,REST,0
1772342934.795650005,49179.512,415.3882,REST,0
1772342934.800933123,49184.795,466.1481,REST,0
1772342934.807925940,49191.788,425.6783,REST,0
1772342934.812999964,49196.862,333.2843,REST,0
1772342934.820333004,49204.195,327.3411,REST,0
1772342934.825508118,49209.370,318.1527,REST,0
1772342934.832497835,49216.360,170.1627,REST,0
1772342934.837600946,49221.463,37.3462,REST,0
1772342934.844758034,49228.620,-92.9689,REST,0
1772342934.849768877,49233.631,-269.5130,REST,0
1772342934.857137918,49241.000,-344.0668,REST,0
1772342934.862318039,49246.180,-310.3604,REST,0
1772342934.869357109,49253.219,-394.6006,REST,0
1772342934.874447823,49258.310,-432.0067,REST,0
1772342934.881654978,49265.517,-330.5009,REST,0
1772342934.886796951,49270.659,-298.6405,REST,0
1772342934.893932104,49277.794,-281.4317,REST,0
1772342934.899060965,49282.923,-91.2501,REST,0
1772342934.906284094,49290.147,37.5920,REST,0
1772342934.911354065,49295.216,40.2222,REST,0
1772342934.918519974,49302.382,201.1622,REST,0
1772342934.923733950,49307.596,342.7879,REST,0
1772342934.930780888,49314.643,330.0089,REST,0
1772342934.935943842,49319.806,435.5340,REST,0
1772342934.943037033,49326.899,554.8294,REST,0
1772342934.948111773,49331.974,587.4453,REST,0
1772342934.955492020,49339.354,621.7885,REST,0
1772342934.960626841,49344.489,720.8876,REST,0
1772342934.967696905,49351.559,752.9815,REST,0
1772342934.972838879,49356.701,705.8349,REST,0
1772342934.979957104,49363.819,789.1463,REST,0
1772342934.985029221,49368.891,838.4180,REST,0
1772342934.992295980,49376.158,766.0735,REST,0
1772342934.997478962,49381.341,818.2754,REST,0
1772342935.004588127,49388.450,881.2567,REST,0
1772342935.009690762,49393.553,819.3648,REST,0
1772342935.016914845,49400.777,862.3628,REST,0
1772342935.022131920,49405.994,910.2926,REST,0
1772342935.029085875,49412.948,852.8385,REST,0
1772342935.034247875,49418.110,831.2010,REST,0
1772342935.041414976,49425.277,897.2462,REST,0
1772342935.046494007,49430.356,862.4813,REST,0
1772342935.053664923,49437.527,788.8540,REST,0
1772342935.058791876,49442.654,819.1510,REST,0
1772342935.065983057,49449.845,822.1485,REST,0
1772342935.071124077,49454.986,734.4450,REST,0
1772342935.078263044,49462.125,793.0938,REST,0
1772342935.083346844,49467.209,849.1079,REST,0
1772342935.090587854,49474.450,750.9752,REST,0
1772342935.095742941,49479.605,750.0648,REST,0
1772342935.102851152,49486.713,816.0510,REST,0
1772342935.108010054,49491.872,749.3521,REST,0
1772342935.115133047,49498.995,709.6796,REST,0
1772342935.120205164,49504.067,759.8621,REST,0
1772342935.127406120,49511.268,723.7193,REST,0
1772342935.132581234,49516.443,659.8645,REST,0
1772342935.139727116,49523.589,702.3481,REST,0
1772342935.144591808,49528.454,719.4100,REST,0
1772342935.151944876,49535.807,636.7684,REST,0
1772342935.157032967,49540.895,655.2421,REST,0
1772342935.164294958,49548.157,664.0502,REST,0
1772342935.169450045,49553.312,598.0606,REST,0
1772342935.176603794,49560.466,585.3087,REST,0
1772342935.181958914,49565.821,641.3657,REST,0
1772342935.188873053,49572.735,614.6423,REST,0
1772342935.193946123,49577.808,575.0025,REST,0
1772342935.201133013,49584.995,679.3147,REST,0
1772342935.206338167,49590.200,643.2412,REST,0
1772342935.213464975,49597.327,585.4854,REST,0
1772342935.218449831,49602.312,662.3060,REST,0
1772342935.225669146,49609.531,677.7647,REST,0
1772342935.230810881,49614.673,606.0972,REST,0
1772342935.238024950,49621.887,612.6820,REST,0
1772342935.243187904,49627.050,639.0139,REST,0
1772342935.250304937,49634.167,562.2619,REST,0
1772342935.255383968,49639.246,557.5053,REST,0
1772342935.262581110,49646.443,615.3604,REST,0
1772342935.267749071,49651.611,517.1900,REST,0
1772342935.275468111,49659.330,484.9026,REST,0
1772342935.279349089,49663.211,567.1427,REST,0
1772342935.288233995,49672.097,552.9319,REST,0
1772342935.292056084,49675.919,484.2557,REST,0
1772342935.299505949,49683.368,549.4717,REST,0
1772342935.304676056,49688.538,577.1795,REST,0
1772342935.312386036,49696.248,520.6973,REST,0
1772342935.316269159,49700.131,556.8264,REST,0
1772342935.325205088,49709.067,585.2642,REST,0
1772342935.329025984,49712.888,545.6504,REST,0
1772342935.336736917,49720.599,538.9840,REST,0
1772342935.340616941,49724.479,621.6200,REST,0
1772342935.349590063,49733.452,567.1585,REST,0
1772342935.353466034,49737.328,518.7078,REST,0
1772342935.361071110,49744.933,563.9475,REST,0
1772342935.366199970,49750.062,534.8917,REST,0
1772342935.373883963,49757.746,467.6939,REST,0
1772342935.377768040,49761.630,537.8164,REST,0
1772342935.386730909,49770.593,534.4873,REST,0
1772342935.390556812,49774.419,459.0475,REST,0
1772342935.398192883,49782.055,471.5849,REST,0
1772342935.402087927,49785.950,524.8297,REST,0
1772342935.411062956,49794.925,436.7600,REST,0
1772342935.414943933,49798.806,444.9229,REST,0
1772342935.422513962,49806.376,540.0891,REST,0
1772342935.427631140,49811.493,488.9100,REST,0
1772342935.435134888,49818.997,431.4444,REST,0
1772342935.439018011,49822.880,554.5629,REST,0
1772342935.447802782,49831.665,532.6444,REST,0
1772342935.451683998,49835.546,465.8169,REST,0
1772342935.459322214,49843.184,493.4740,REST,0
1772342935.464399099,49848.261,563.6154,REST,0
1772342935.471977949,49855.840,495.9822,REST,0
1772342935.475866795,49859.730,423.8577,REST,0
1772342935.484110117,49867.972,468.1474,CLICK,1
1772342935.487936974,49871.799,429.4997,CLICK,1
1772342935.496816158,49880.678,451.5247,CLICK,1
1772342935.500504971,49884.367,560.6846,CLICK,1
1772342935.509310007,49893.172,548.4936,CLICK,1
1772342935.513119936,49896.982,535.1098,CLICK,1
1772342935.520711899,49904.574,611.2850,CLICK,1
1772342935.525502920,49909.365,600.6484,CLICK,1
1772342935.533094883,49916.957,552.1378,CLICK,1
1772342935.538180113,49922.042,633.0838,CLICK,1
1772342935.545790911,49929.653,622.7422,CLICK,1
1772342935.549626827,49933.489,495.6524,CLICK,1
1772342935.558531046,49942.393,534.4873,CLICK,1
1772342935.562425137,49946.287,599.1188,CLICK,1
1772342935.570014000,49953.876,534.9002,CLICK,1
1772342935.575090885,49958.954,550.0485,CLICK,1
1772342935.582839966,49966.702,607.8139,CLICK,1
1772342935.586670160,49970.532,565.3357,CLICK,1
1772342935.594274998,49978.138,525.1090,CLICK,1
1772342935.599355936,49983.218,592.5115,CLICK,1
1772342935.606949806,49990.812,585.6963,CLICK,1
1772342935.610764980,49994.627,520.4641,CLICK,1
1772342935.619609118,50003.471,572.4121,CLICK,1
1772342935.623470068,50007.332,579.7734,CLICK,1
1772342935.632311106,50016.174,476.2274,CLICK,1
1772342935.636127949,50019.990,502.0809,CLICK,1
1772342935.643826008,50027.688,538.4145,CLICK,1
1772342935.647706985,50031.569,475.5112,CLICK,1
1772342935.656674147,50040.536,481.9152,CLICK,1
1772342935.660542011,50044.405,564.3585,CLICK,1
1772342935.668151140,50052.013,519.1540,CLICK,1
1772342935.673259974,50057.122,513.5408,CLICK,1
1772342935.680931091,50064.793,606.6864,CLICK,1
1772342935.684785843,50068.648,584.1504,CLICK,1
1772342935.693449020,50077.311,514.3661,CLICK,1
1772342935.697278023,50081.141,598.8265,CLICK,1
1772342935.706149101,50090.011,589.8178,CLICK,1
1772342935.710044861,50093.907,493.9765,CLICK,1
1772342935.717698097,50101.560,518.2869,CLICK,1
1772342935.721415997,50105.278,562.5833,CLICK,1
1772342935.730154037,50114.016,478.6682,CLICK,1
1772342935.733987093,50117.849,466.1318,CLICK,1
1772342935.742896795,50126.759,525.7944,CLICK,1
1772342935.746762991,50130.625,451.8734,CLICK,1
1772342935.754463911,50138.326,433.0657,CLICK,1
1772342935.758319139,50142.181,515.6629,CLICK,1
1772342935.767245054,50151.107,508.0056,CLICK,1
1772342935.771061897,50154.924,467.2760,CLICK,1
1772342935.778721094,50162.583,539.4774,CLICK,1
1772342935.783860922,50167.723,554.3223,CLICK,1
1772342935.791543007,50175.405,495.7496,CLICK,1
1772342935.795429230,50179.291,549.1185,CLICK,1
1772342935.804316998,50188.179,572.2291,CLICK,1
1772342935.808139086,50192.001,501.2263,CLICK,1
1772342935.815593004,50199.455,488.2175,CLICK,1
1772342935.820760012,50204.622,662.6245,CLICK,1
1772342935.828473091,50212.335,538.6892,CLICK,1
1772342935.832343102,50216.205,429.9058,CLICK,1
1772342935.841092110,50224.954,446.7759,CLICK,1
1772342935.844731808,50228.594,357.1911,CLICK,1
1772342935.853563786,50237.426,320.2557,CLICK,1
1772342935.857454062,50241.316,386.6361,CLICK,1
1772342935.865157127,50249.019,441.2368,CLICK,1
1772342935.868912220,50252.775,378.8582,CLICK,1
1772342935.877769947,50261.632,412.7155,CLICK,1
1772342935.881647110,50265.509,435.1969,CLICK,1
1772342935.890632868,50274.495,343.0838,CLICK,1
1772342935.894517899,50278.380,392.3595,CLICK,1
1772342935.902302980,50286.165,488.5050,CLICK,1
1772342935.906118870,50289.981,482.7141,CLICK,1
1772342935.914973974,50298.836,436.9310,CLICK,1
1772342935.918863773,50302.726,513.1624,CLICK,1
1772342935.926661968,50310.524,521.3961,CLICK,1
1772342935.930544853,50314.407,452.6176,CLICK,1
1772342935.939386129,50323.248,532.0070,CLICK,1
1772342935.943204165,50327.066,555.1036,CLICK,1
1772342935.951818943,50335.681,453.6395,CLICK,1
1772342935.955695152,50339.558,474.3431,CLICK,1
1772342935.963197947,50347.060,483.8726,CLICK,1
1772342935.968194008,50352.056,419.0714,CLICK,1
1772342935.975786924,50359.649,400.0249,CLICK,1
1772342935.979599953,50363.462,506.3954,CLICK,1
1772342935.988591194,50372.453,471.5249,CLICK,1
1772342935.992463112,50376.325,428.2922,CLICK,1
1772342936.000181913,50384.044,463.4103,CLICK,1
1772342936.004027843,50387.890,438.3710,CLICK,1
1772342936.012881994,50396.744,416.3273,CLICK,1
1772342936.016740084,50400.602,516.9031,CLICK,1
1772342936.024498940,50408.361,536.1460,CLICK,1
1772342936.029661894,50413.524,467.5885,CLICK,1
1772342936.037657022,50421.519,511.2184,CLICK,1
1772342936.041383028,50425.245,509.1605,CLICK,1
1772342936.050313950,50434.176,420.4682,CLICK,1
1772342936.054198027,50438.060,442.7873,CLICK,1
1772342936.061922073,50445.784,519.4105,CLICK,1
1772342936.065807819,50449.670,484.8238,CLICK,1
1772342936.074347973,50458.210,427.6322,CLICK,1
1772342936.078159094,50462.021,509.7620,CLICK,1
1772342936.087064028,50470.926,485.3368,CLICK,1
1772342936.090950966,50474.813,462.0769,CLICK,1
1772342936.098639965,50482.502,506.4078,CLICK,1
1772342936.102525949,50486.388,528.3798,CLICK,1
1772342936.111426115,50495.288,455.9910,CLICK,1
1772342936.115239859,50499.102,502.0003,CLICK,1
1772342936.122887850,50506.750,617.5633,CLICK,1
1772342936.126778841,50510.641,512.0363,CLICK,1
1772342936.135635853,50519.498,493.6049,CLICK,1
1772342936.139529943,50523.392,545.0759,CLICK,1
1772342936.148417950,50532.280,506.1249,CLICK,1
1772342936.152230978,50536.093,477.2343,CLICK,1
1772342936.159955025,50543.817,539.8240,CLICK,1
1772342936.163833141,50547.695,484.1908,CLICK,1
1772342936.172803164,50556.665,425.1953,CLICK,1
1772342936.176645041,50560.508,516.8560,CLICK,1
1772342936.184246063,50568.108,530.4132,CLICK,1
1772342936.189377069,50573.239,454.3117,CLICK,1
1772342936.197093010,50580.955,485.0945,CLICK,1
1772342936.200971127,50584.833,494.0726,CLICK,1
1772342936.209892035,50593.755,458.6970,CLICK,1
1772342936.213705063,50597.567,487.7303,CLICK,1
1772342936.221292019,50605.155,550.0445,CLICK,1
1772342936.225186110,50609.048,537.1445,CLICK,1
1772342936.234172821,50618.035,500.4671,CLICK,1
1772342936.238053799,50621.916,557.3035,CLICK,1
1772342936.245732069,50629.594,560.3889,CLICK,1
1772342936.250803947,50634.666,400.7426,CLICK,1
1772342936.258443117,50642.305,459.8216,CLICK,1
1772342936.262320042,50646.182,467.6179,CLICK,1
1772342936.271299124,50655.162,401.9973,CLICK,1
1772342936.275184870,50659.047,463.3901,CLICK,1
1772342936.282757998,50666.620,512.7244,CLICK,1
1772342936.286571980,50670.434,470.9816,CLICK,1
1772342936.295066833,50678.929,513.3654,CLICK,1
1772342936.298934937,50682.797,591.2622,CLICK,1
1772342936.307866812,50691.729,507.0168,CLICK,1
1772342936.311761856,50695.624,479.2725,CLICK,1
1772342936.319350004,50703.213,540.6375,CLICK,1
1772342936.324500084,50708.362,504.3401,CLICK,1
1772342936.332209826,50716.072,454.2762,CLICK,1
1772342936.336085081,50719.947,533.2197,CLICK,1
1772342936.345074892,50728.937,502.1112,CLICK,1
1772342936.349049091,50732.911,425.8496,CLICK,1
1772342936.356648922,50740.511,462.3723,CLICK,1
1772342936.360504150,50744.366,526.7433,CLICK,1
1772342936.369447947,50753.310,451.2014,CLICK,1
1772342936.373329878,50757.193,464.2189,CLICK,1
1772342936.381146908,50765.009,530.9216,CLICK,1
1772342936.384973049,50768.835,503.3714,CLICK,1
1772342936.393829823,50777.693,504.2679,CLICK,1
1772342936.397722960,50781.585,566.4024,CLICK,1
1772342936.405330896,50789.193,553.7435,CLICK,1
1772342936.410490990,50794.353,478.5939,CLICK,1
1772342936.418144941,50802.007,550.6595,CLICK,1
1772342936.422007084,50805.869,542.4143,CLICK,1
1772342936.430947065,50814.809,467.8620,CLICK,1
1772342936.434831858,50818.694,497.9244,CLICK,1
1772342936.442531109,50826.393,570.1524,CLICK,1
1772342936.446416855,50830.279,493.0583,CLICK,1
1772342936.455452919,50839.315,485.3004,CLICK,1
1772342936.459275007,50843.137,550.8638,CLICK,1
1772342936.466881037,50850.743,537.4066,CLICK,1
1772342936.472026825,50855.889,489.2544,CLICK,1
1772342936.479739904,50863.602,523.6030,CLICK,1
1772342936.483587027,50867.449,518.7616,CLICK,1
1772342936.492451191,50876.313,435.2174,CLICK,1
1772342936.496282101,50880.144,508.9230,CLICK,1
1772342936.503994942,50887.857,515.3269,CLICK,1
1772342936.507874012,50891.736,459.1119,CLICK,1
1772342936.516850948,50900.713,479.9573,CLICK,1
1772342936.523952961,50907.816,541.8829,CLICK,1
1772342936.529042006,50912.904,474.2695,CLICK,1
1772342936.536280155,50920.142,484.8868,CLICK,1
1772342936.541422129,50925.284,567.4420,CLICK,1
1772342936.548606873,50932.469,490.5988,CLICK,1
1772342936.553531885,50937.394,444.8349,CLICK,1
1772342936.560801983,50944.664,518.3117,CLICK,1
1772342936.565829992,50949.692,472.0148,CLICK,1
1772342936.573261976,50957.125,399.6136,CLICK,1
1772342936.578437805,50962.300,462.3151,CLICK,1
1772342936.585573912,50969.436,462.7822,CLICK,1
1772342936.590677977,50974.540,414.3422,CLICK,1
1772342936.597670794,50981.533,462.4406,CLICK,1
1772342936.602766991,50986.629,475.8913,CLICK,1
1772342936.610017061,50993.880,420.9378,CLICK,1
1772342936.615184784,50999.047,411.2370,CLICK,1
1772342936.622327089,51006.189,480.0005,CLICK,1
1772342936.627416134,51011.278,483.7072,CLICK,1
1772342936.634575129,51018.437,455.5516,CLICK,1
1772342936.639750957,51023.613,549.6898,CLICK,1
1772342936.646945000,51030.807,532.7070,CLICK,1
1772342936.652114868,51035.978,426.0602,CLICK,1
1772342936.659215212,51043.077,521.7169,CLICK,1
1772342936.664288044,51048.151,613.4767,CLICK,1
1772342936.671484947,51055.348,555.8500,CLICK,1
1772342936.676651955,51060.514,578.6225,CLICK,1
1772342936.683688879,51067.551,588.6606,CLICK,1
1772342936.688828945,51072.691,454.8691,CLICK,1
1772342936.695955038,51079.817,444.8026,CLICK,1
1772342936.701035976,51084.898,527.5410,CLICK,1
1772342936.708297968,51092.160,504.1001,CLICK,1
1772342936.713456869,51097.319,475.9572,CLICK,1
1772342936.720618010,51104.480,533.4474,CLICK,1
1772342936.725749016,51109.611,487.4659,CLICK,1
1772342936.732900143,51116.762,440.1217,CLICK,1
1772342936.737978935,51121.841,526.5430,CLICK,1
1772342936.745266914,51129.129,528.6961,CLICK,1
1772342936.750427961,51134.290,433.0586,CLICK,1
1772342936.757487059,51141.349,486.0679,CLICK,1
1772342936.762575865,51146.438,528.0741,CLICK,1
1772342936.769727945,51153.590,459.6618,CLICK,1
1772342936.774758816,51158.621,461.0980,CLICK,1
1772342936.782123089,51165.985,577.3981,CLICK,1
1772342936.787290812,51171.153,560.7606,CLICK,1
1772342936.794282913,51178.145,539.1024,CLICK,1
1772342936.799363136,51183.225,562.5241,CLICK,1
1772342936.806646109,51190.509,501.2069,CLICK,1
1772342936.811819077,51195.681,462.2395,CLICK,1
1772342936.818971872,51202.834,504.1179,CLICK,1
1772342936.824136972,51207.999,490.9452,CLICK,1
1772342936.831187963,51215.050,449.9126,CLICK,1
1772342936.836045027,51219.907,499.8075,CLICK,1
1772342936.843523026,51227.385,571.7121,CLICK,1
1772342936.848664999,51232.527,432.0454,CLICK,1
1772342936.855870008,51239.732,402.9517,CLICK,1
1772342936.861032009,51244.894,469.2633,CLICK,1
1772342936.868014097,51251.876,457.8570,CLICK,1
1772342936.873092175,51256.954,438.0567,CLICK,1
1772342936.880405903,51264.268,500.8945,CLICK,1
1772342936.885570049,51269.432,509.9409,CLICK,1
1772342936.892668009,51276.530,537.6488,CLICK,1
1772342936.897778034,51281.640,548.2948,CLICK,1
1772342936.904942989,51288.805,583.7908,CLICK,1
1772342936.910075903,51293.938,435.2407,CLICK,1
1772342936.917299032,51301.161,454.1776,CLICK,1
1772342936.922574997,51306.437,493.6834,CLICK,1
1772342936.929512978,51313.375,417.2518,CLICK,1
1772342936.934406996,51318.269,383.2459,CLICK,1
1772342936.941786766,51325.649,454.2919,CLICK,1
1772342936.946929932,51330.792,432.9874,CLICK,1
1772342936.954129934,51337.992,454.3186,CLICK,1
1772342936.959302902,51343.165,521.7678,CLICK,1
1772342936.966325045,51350.187,510.8018,CLICK,1
1772342936.971405983,51355.268,483.8141,CLICK,1
1772342936.978729963,51362.592,541.9891,CLICK,1
1772342936.983880997,51367.743,525.6219,CLICK,1
1772342936.991055012,51374.917,417.0255,CLICK,1
1772342936.996226072,51380.088,463.0834,CLICK,1
1772342937.003198862,51387.061,491.9591,CLICK,1
1772342937.008051872,51391.914,427.0604,CLICK,1
1772342937.015583038,51399.445,397.7211,CLICK,1
1772342937.020751953,51404.614,480.9527,CLICK,1
1772342937.027831078,51411.693,491.8865,CLICK,1
1772342937.032990932,51416.853,483.2633,CLICK,1
1772342937.040071011,51423.933,610.5127,CLICK,1
1772342937.045143127,51429.005,564.4981,CLICK,1
1772342937.052454948,51436.317,461.7005,CLICK,1
1772342937.057615757,51441.479,501.8045,CLICK,1
1772342937.064675093,51448.537,500.8854,CLICK,1
1772342937.069711924,51453.574,407.6159,CLICK,1
1772342937.076984167,51460.846,449.1596,CLICK,1
1772342937.082112074,51465.974,514.8425,CLICK,1
1772342937.089352846,51473.215,390.3922,CLICK,1
1772342937.094527006,51478.389,416.4660,CLICK,1
1772342937.101540089,51485.402,497.1835,CLICK,1
1772342937.106618166,51490.481,473.0906,CLICK,1
1772342937.113853931,51497.716,484.3026,CLICK,1
1772342937.118978024,51502.840,555.1033,CLICK,1
1772342937.126121044,51509.983,521.5841,CLICK,1
1772342937.131299019,51515.161,474.7095,CLICK,1
1772342937.138411999,51522.274,574.6840,CLICK,1
1772342937.143491983,51527.354,632.8378,CLICK,1
1772342937.150763988,51534.626,479.5493,CLICK,1
1772342937.155909777,51539.772,520.4506,CLICK,1
1772342937.163010120,51546.872,547.2960,CLICK,1
1772342937.168163061,51552.025,466.5792,CLICK,1
1772342937.175269127,51559.131,464.2725,CLICK,1
1772342937.180340052,51564.202,527.1806,CLICK,1
1772342937.187610865,51571.473,511.8702,CLICK,1
1772342937.192783833,51576.646,497.7604,CLICK,1
1772342937.199866772,51583.729,553.4277,CLICK,1
1772342937.205020905,51588.883,508.3820,CLICK,1
1772342937.212117910,51595.980,454.4735,CLICK,1
1772342937.217196941,51601.059,522.9407,CLICK,1
1772342937.224473000,51608.335,513.2611,CLICK,1
1772342937.229645967,51613.508,439.0220,CLICK,1
1772342937.236705065,51620.567,506.3909,CLICK,1
1772342937.241826057,51625.688,539.2072,CLICK,1
1772342937.249006033,51632.868,469.2664,CLICK,1
1772342937.254167080,51638.029,486.8494,CLICK,1
1772342937.261274099,51645.136,604.8071,CLICK,1
1772342937.266447067,51650.309,556.9108,CLICK,1
1772342937.273604155,51657.466,476.5669,CLICK,1
1772342937.278490067,51662.352,525.1962,CLICK,1
1772342937.285862923,51669.725,503.1959,CLICK,1
1772342937.291031122,51674.893,446.9566,CLICK,1
1772342937.298166037,51682.028,529.1480,CLICK,1
1772342937.303328037,51687.191,530.4066,CLICK,1
1772342937.310392141,51694.254,453.4797,CLICK,1
1772342937.315461874,51699.324,500.4739,CLICK,1
1772342937.322778940,51706.641,566.9109,CLICK,1
1772342937.327949047,51711.811,473.8164,CLICK,1
1772342937.335045815,51718.908,473.7278,CLICK,1
1772342937.340200901,51724.063,580.0326,CLICK,1
1772342937.347375154,51731.237,521.4030,CLICK,1
1772342937.352447987,51736.310,505.2190,CLICK,1
1772342937.359600782,51743.463,578.4794,CLICK,1
1772342937.364768982,51748.631,569.2623,CLICK,1
1772342937.371933937,51755.796,452.8367,CLICK,1
1772342937.377032995,51760.895,493.7639,CLICK,1
1772342937.384222031,51768.084,497.8814,CLICK,1
1772342937.389305115,51773.167,419.6333,CLICK,1
1772342937.396484137,51780.346,458.3044,CLICK,1
1772342937.401611090,51785.474,520.8461,CLICK,1
1772342937.408814192,51792.676,509.4974,CLICK,1
1772342937.413925886,51797.788,547.9631,CLICK,1
1772342937.421061039,51804.923,630.3611,CLICK,1
1772342937.426032066,51809.894,555.4746,CLICK,1
1772342937.433264017,51817.126,489.2000,CLICK,1
1772342937.438416958,51822.279,560.2482,CLICK,1
1772342937.445681810,51829.544,524.5177,CLICK,1
1772342937.450770855,51834.633,462.1955,CLICK,1
1772342937.457892179,51841.754,521.4924,CLICK,1
1772342937.462967157,51846.830,544.0046,CLICK,1
1772342937.470263958,51854.126,451.5826,CLICK,1
1772342937.475428104,51859.290,487.9615,CLICK,1
1772342937.483047962,51866.911,520.2412,CLICK,1
1772342937.486862183,51870.725,413.9291,CLICK,1
1772342937.495779037,51879.641,439.4278,CLICK,1
1772342937.499652147,51883.514,520.1665,CLICK,1
1772342937.507356882,51891.219,524.5407,CLICK,1
1772342937.511244059,51895.106,486.3839,CLICK,1
1772342937.520028830,51903.891,547.7331,CLICK,1
1772342937.523887157,51907.750,587.1701,CLICK,1
1772342937.532772064,51916.634,507.0517,CLICK,1
1772342937.536421776,51920.284,569.3063,CLICK,1
1772342937.543980122,51927.842,543.9143,CLICK,1
1772342937.549156189,51933.018,483.4569,CLICK,1
1772342937.556751966,51940.614,528.2772,CLICK,1
1772342937.560564041,51944.426,608.1860,CLICK,1
1772342937.569517136,51953.379,539.2804,CLICK,1
1772342937.573400974,51957.263,527.6774,CLICK,1
1772342937.581105947,51964.968,486.0303,CLICK,1
1772342937.584931135,51968.793,422.8070,CLICK,1
1772342937.593796015,51977.658,371.9270,CLICK,1
1772342937.597470999,51981.333,438.5145,CLICK,1
1772342937.606448889,51990.311,464.4033,CLICK,1
1772342937.610148191,51994.010,472.7305,CLICK,1
1772342937.617717028,52001.579,561.2697,CLICK,1
1772342937.622835875,52006.698,579.5490,CLICK,1
1772342937.630470991,52014.333,520.4579,CLICK,1
1772342937.634359121,52018.221,556.9297,CLICK,1
1772342937.643326044,52027.188,606.2056,CLICK,1
1772342937.646965027,52030.827,478.0806,CLICK,1
1772342937.654609919,52038.472,435.7758,CLICK,1
1772342937.659684181,52043.546,542.9371,CLICK,1
1772342937.667205811,52051.068,491.7040,CLICK,1
1772342937.671082973,52054.946,415.5820,CLICK,1
1772342937.679844141,52063.706,479.1155,CLICK,1
1772342937.683690071,52067.552,458.2972,CLICK,1
1772342937.692560911,52076.423,362.8211,CLICK,1
1772342937.696393967,52080.256,436.3134,CLICK,1
1772342937.704004049,52087.866,456.9302,CLICK,1
1772342937.707832098,52091.694,460.1406,CLICK,1
1772342937.716710806,52100.573,508.2452,CLICK,1
1772342937.720580101,52104.442,521.6068,CLICK,1
1772342937.729449034,52113.311,462.4754,CLICK,1
1772342937.733271122,52117.134,508.7436,CLICK,1
1772342937.740879774,52124.742,564.3193,CLICK,1
1772342937.744769096,52128.631,554.2593,CLICK,1
1772342937.753741026,52137.603,521.9885,CLICK,1
1772342937.757552862,52141.415,626.1221,CLICK,1
1772342937.765120983,52148.983,611.2778,CLICK,1
1772342937.770220995,52154.083,519.7817,CLICK,1
1772342937.777925014,52161.787,562.8288,CLICK,1
1772342937.781807184,52165.669,566.1083,CLICK,1
1772342937.790701151,52174.563,491.7421,CLICK,1
1772342937.794512987,52178.376,518.6687,CLICK,1
1772342937.802151918,52186.014,567.8961,CLICK,1
1772342937.807317019,52191.180,521.1301,CLICK,1
1772342937.815018892,52198.881,517.6154,CLICK,1
1772342937.818917990,52202.780,570.5763,CLICK,1
1772342937.827813864,52211.676,531.3786,CLICK,1
1772342937.831631184,52215.493,499.1714,CLICK,1
1772342937.839304924,52223.167,540.1798,CLICK,1
1772342937.843184948,52227.047,493.7849,CLICK,1
1772342937.852156878,52236.019,453.5750,CLICK,1
1772342937.856045008,52239.907,484.2386,CLICK,1
1772342937.863782883,52247.645,489.1243,CLICK,1
1772342937.867596149,52251.458,449.5108,CLICK,1
1772342937.876554012,52260.416,478.4892,CLICK,1
1772342937.880434036,52264.296,533.3567,CLICK,1
1772342937.888144970,52272.007,460.9956,CLICK,1
1772342937.893288851,52277.151,459.2415,CLICK,1
1772342937.900890827,52284.753,523.8931,CLICK,1
1772342937.904700994,52288.563,496.9611,CLICK,1
1772342937.913686037,52297.548,468.2807,CLICK,1
1772342937.917568922,52301.431,542.5870,CLICK,1
1772342937.925317049,52309.179,520.2652,CLICK,1
1772342937.929130077,52312.992,441.2289,CLICK,1
1772342937.937980890,52321.843,492.7576,CLICK,1
1772342937.941421986,52325.284,513.8690,CLICK,1
1772342937.950398922,52334.261,381.9879,CLICK,1
1772342937.954279900,52338.142,400.7532,CLICK,1
1772342937.961871147,52345.733,472.7723,CLICK,1
1772342937.966943979,52350.806,422.4096,CLICK,1
1772342937.974611998,52358.474,428.1233,CLICK,1
1772342937.978507042,52362.370,520.3925,CLICK,1
1772342937.987491131,52371.353,464.8184,CLICK,1
1772342937.991386890,52375.249,441.5916,CLICK,1
1772342937.999013901,52382.876,536.0982,CLICK,1
1772342938.002829075,52386.691,547.8914,CLICK,1
1772342938.011765957,52395.628,434.0434,CLICK,1
1772342938.015650034,52399.512,507.6434,CLICK,1
1772342938.023367882,52407.230,506.5216,CLICK,1
1772342938.027252913,52411.115,410.8676,CLICK,1
1772342938.036173105,52420.035,421.2899,CLICK,1
1772342938.039989948,52423.852,476.1127,CLICK,1
1772342938.049025059,52432.887,408.1419,CLICK,1
1772342938.052922964,52436.785,437.6664,CLICK,1
1772342938.060642958,52444.505,517.1233,CLICK,1
1772342938.064492941,52448.355,475.1055,CLICK,1
1772342938.073341846,52457.204,459.8729,CLICK,1
1772342938.077190876,52461.053,516.6336,CLICK,1
1772342938.084889174,52468.751,486.7349,CLICK,1
1772342938.088778019,52472.641,425.1927,CLICK,1
1772342938.097737074,52481.599,465.9053,CLICK,1
1772342938.101445198,52485.307,523.9176,CLICK,1
1772342938.110095024,52493.957,456.1670,CLICK,1
1772342938.113978863,52497.841,458.4976,CLICK,1
1772342938.121512890,52505.375,510.6357,CLICK,1
1772342938.126693964,52510.556,464.3011,CLICK,1
1772342938.134363890,52518.227,436.9944,CLICK,1
1772342938.138182878,52522.045,489.3033,CLICK,1
1772342938.147093058,52530.955,435.1153,CLICK,1
1772342938.150974035,52534.836,394.2295,CLICK,1
1772342938.158689976,52542.552,458.4865,CLICK,1
1772342938.162580013,52546.442,451.3489,CLICK,1
1772342938.171391964,52555.254,409.7008,CLICK,1
1772342938.175209999,52559.072,470.8307,CLICK,1
1772342938.184191942,52568.054,484.2968,CLICK,1
1772342938.188082933,52571.945,424.6421,CLICK,1
1772342938.195801020,52579.663,476.1524,CLICK,1
1772342938.199666023,52583.528,535.5464,CLICK,1
1772342938.208549023,52592.411,495.1032,CLICK,1
1772342938.212359905,52596.222,558.3623,CLICK,1
1772342938.221091032,52604.954,569.3408,CLICK,1
1772342938.224996090,52608.858,505.7391,CLICK,1
1772342938.232692957,52616.555,510.4481,CLICK,1
1772342938.236689806,52620.552,599.2319,CLICK,1
1772342938.245595932,52629.458,592.9765,CLICK,1
1772342938.249449015,52633.311,520.8734,CLICK,1
1772342938.256919146,52640.781,539.1319,CLICK,1
1772342938.261905909,52645.768,544.1830,CLICK,1
1772342938.269424915,52653.287,443.8383,CLICK,1
1772342938.273240089,52657.102,496.3032,CLICK,1
1772342938.282090902,52665.953,559.6371,CLICK,1
1772342938.285716057,52669.579,491.0799,CLICK,1
1772342938.294778109,52678.640,456.3288,CLICK,1
1772342938.298663855,52682.526,533.0686,CLICK,1
1772342938.306303978,52690.166,469.6087,CLICK,1
1772342938.310095787,52693.958,429.6539,CLICK,1
1772342938.318925142,52702.787,493.6631,CLICK,1
1772342938.322846889,52706.709,502.9351,CLICK,1
1772342938.330560923,52714.423,439.8471,CLICK,1
1772342938.335674763,52719.537,507.1597,CLICK,1
1772342938.343291998,52727.154,551.0588,CLICK,1
1772342938.347102880,52730.965,433.6617,CLICK,1
1772342938.355904102,52739.766,459.2313,CLICK,1
1772342938.359792233,52743.654,519.2755,CLICK,1
1772342938.367487907,52751.350,415.8819,CLICK,1
1772342938.371381998,52755.245,427.1926,CLICK,1
1772342938.380239964,52764.102,544.7572,CLICK,1
1772342938.384055138,52767.917,575.5841,CLICK,1
1772342938.392685175,52776.547,437.1788,CLICK,1
1772342938.396559954,52780.422,435.2604,CLICK,1
1772342938.405391216,52789.254,392.7627,CLICK,1
1772342938.409210920,52793.073,349.7017,CLICK,1
1772342938.416844130,52800.706,381.3931,CLICK,1
1772342938.420702934,52804.565,418.5119,CLICK,1
1772342938.429710150,52813.572,414.0270,CLICK,1
1772342938.433593035,52817.455,450.1292,CLICK,1
1772342938.441242933,52825.105,499.3135,CLICK,1
1772342938.445071220,52828.933,453.7551,CLICK,1
1772342938.453922033,52837.784,464.0778,CLICK,1
1772342938.457781076,52841.643,526.7698,CLICK,1
1772342938.466411114,52850.273,482.7291,CLICK,1
1772342938.470289946,52854.152,456.9149,CLICK,1
1772342938.477927923,52861.790,511.8940,CLICK,1
1772342938.483013153,52866.875,476.7171,CLICK,1
1772342938.490618229,52874.480,430.5076,CLICK,1
1772342938.494451046,52878.313,493.9142,CLICK,1
1772342938.503309011,52887.172,534.6362,CLICK,1
1772342938.507122993,52890.985,452.4933,CLICK,1
1772342938.514729023,52898.592,515.0676,CLICK,1
1772342938.519821167,52903.683,596.8609,CLICK,1
1772342938.527493238,52911.355,525.3569,CLICK,1
1772342938.531310081,52915.172,511.4021,CLICK,1
1772342938.540191889,52924.054,567.9287,CLICK,1
1772342938.544032097,52927.894,568.4337,CLICK,1
1772342938.551629066,52935.491,551.2413,CLICK,1
1772342938.556703091,52940.565,540.7341,CLICK,1
1772342938.564327002,52948.190,501.3746,CLICK,1
1772342938.568150043,52952.013,469.2449,CLICK,1
1772342938.577295780,52961.158,505.4701,CLICK,1
1772342938.581125975,52964.988,568.6294,CLICK,1
1772342938.588721991,52972.584,481.6279,CLICK,1
1772342938.592538118,52976.400,447.9649,CLICK,1
1772342938.601392031,52985.254,485.8838,CLICK,1
1772342938.605201006,52989.063,473.1699,CLICK,1
1772342938.613870144,52997.732,476.0209,CLICK,1
1772342938.617691994,53001.554,511.5628,CLICK,1
1772342938.625324965,53009.187,469.6445,CLICK,1
1772342938.630398035,53014.260,427.1991,CLICK,1
1772342938.637926817,53021.789,465.3666,CLICK,1
1772342938.641754150,53025.616,433.2670,CLICK,1
1772342938.650426865,53034.290,374.0608,CLICK,1
1772342938.654242992,53038.105,456.2106,CLICK,1
1772342938.662973881,53046.836,495.9297,CLICK,1
1772342938.666795015,53050.657,413.5861,CLICK,1
1772342938.675526857,53059.389,424.9414,CLICK,1
1772342938.679344893,53063.207,476.3683,CLICK,1
1772342938.687141895,53071.004,423.9245,CLICK,1
1772342938.690961838,53074.824,423.9041,CLICK,1
1772342938.699830055,53083.692,460.1509,CLICK,1
1772342938.703649044,53087.511,447.0263,CLICK,1
1772342938.712585926,53096.449,407.3312,CLICK,1
1772342938.715448141,53099.310,505.8786,CLICK,1
1772342938.724146843,53108.009,505.1180,CLICK,1
1772342938.727962017,53111.824,432.7651,CLICK,1
1772342938.736814022,53120.676,511.0006,CLICK,1
1772342938.740625858,53124.488,557.9000,CLICK,1
1772342938.748220921,53132.083,489.9536,CLICK,1
1772342938.753313065,53137.175,526.1657,CLICK,1
1772342938.760915041,53144.777,594.7086,CLICK,1
1772342938.764732838,53148.595,539.1372,CLICK,1
1772342938.773577929,53157.440,548.0228,CLICK,1
1772342938.777398109,53161.261,597.7352,CLICK,1
1772342938.785005093,53168.867,552.2875,CLICK,1
1772342938.790095091,53173.957,502.0708,CLICK,1
1772342938.797693014,53181.555,582.3795,CLICK,1
1772342938.801451921,53185.314,567.0164,CLICK,1
1772342938.810307980,53194.170,513.7080,CLICK,1
1772342938.814121962,53197.984,534.7871,CLICK,1
1772342938.821827173,53205.689,571.8989,CLICK,1
1772342938.826918840,53210.781,428.3063,CLICK,1
1772342938.834527016,53218.390,449.6937,CLICK,1
1772342938.838341951,53222.204,496.8164,CLICK,1
1772342938.847188950,53231.051,441.6343,CLICK,1
1772342938.851003885,53234.866,421.7910,CLICK,1
1772342938.859873056,53243.735,472.6260,CLICK,1
1772342938.863687992,53247.550,435.2962,CLICK,1
1772342938.871277094,53255.139,419.9900,CLICK,1
1772342938.875093937,53258.956,492.2536,CLICK,1
1772342938.883840084,53267.703,487.6305,CLICK,1
1772342938.887722015,53271.584,468.2702,CLICK,1
1772342938.896579981,53280.443,543.9582,CLICK,1
1772342938.900410175,53284.272,483.7737,CLICK,1
1772342938.908011913,53291.875,414.3635,CLICK,1
1772342938.913083792,53296.946,464.3225,CLICK,1
1772342938.920677185,53304.539,535.0957,CLICK,1
1772342938.924502134,53308.364,487.6540,CLICK,1
1772342938.933393955,53317.257,477.0061,CLICK,1
1772342938.937227011,53321.089,560.0299,CLICK,1
1772342938.944812059,53328.674,516.0441,CLICK,1
1772342938.949878931,53333.741,495.2245,CLICK,1
1772342938.957488060,53341.351,578.9722,CLICK,1
1772342938.961317778,53345.181,562.4166,CLICK,1
1772342938.970172882,53354.035,515.7456,CLICK,1
1772342938.973994970,53357.857,564.5840,CLICK,1
1772342938.981586933,53365.449,622.0470,CLICK,1
1772342938.986721992,53370.584,529.3942,CLICK,1
1772342938.994550943,53378.413,572.9953,CLICK,1
1772342938.998337030,53382.199,638.4193,CLICK,1
1772342939.007289171,53391.151,551.3914,CLICK,1
1772342939.014208078,53398.070,534.2288,CLICK,1
1772342939.019294977,53403.157,643.2035,CLICK,1
1772342939.026447773,53410.310,570.9664,CLICK,1
1772342939.031543016,53415.405,511.7538,CLICK,1
1772342939.038750887,53422.613,582.6482,CLICK,1
1772342939.043832064,53427.694,573.7005,CLICK,1
1772342939.051034927,53434.898,492.9291,CLICK,1
1772342939.056127071,53439.989,514.6998,CLICK,1
1772342939.063322783,53447.185,543.5376,CLICK,1
1772342939.068408012,53452.270,505.2074,CLICK,1
1772342939.075630188,53459.492,498.6530,CLICK,1
1772342939.080821037,53464.683,536.8229,CLICK,1
1772342939.087939024,53471.801,450.2162,CLICK,1
1772342939.093111992,53476.974,447.8926,CLICK,1
1772342939.100249052,53484.111,538.4132,CLICK,1
1772342939.105321884,53489.184,483.0792,CLICK,1
1772342939.112502098,53496.364,452.6022,CLICK,1
1772342939.117678165,53501.540,551.8923,CLICK,1
1772342939.124813080,53508.675,534.6431,CLICK,1
1772342939.129959822,53513.822,461.5152,CLICK,1
1772342939.137086868,53520.949,483.9520,CLICK,1
1772342939.142165899,53526.028,542.8801,CLICK,1
1772342939.149458885,53533.322,470.3771,CLICK,1
1772342939.154629230,53538.491,510.6881,CLICK,1
1772342939.161663055,53545.525,563.0667,CLICK,1
1772342939.166761875,53550.624,512.3281,CLICK,1
1772342939.173928022,53557.790,513.8368,CLICK,1
1772342939.179049015,53562.911,574.6442,CLICK,1
1772342939.186335087,53570.197,535.0079,CLICK,1
1772342939.191513062,53575.375,479.8113,CLICK,1
1772342939.198491812,53582.354,575.1879,CLICK,1
1772342939.203591824,53587.454,574.9865,CLICK,1
1772342939.210835934,53594.698,461.0979,CLICK,1
1772342939.215984106,53599.846,458.9673,CLICK,1
1772342939.223203182,53607.065,470.9654,CLICK,1
1772342939.228363991,53612.226,456.0368,CLICK,1
1772342939.235379934,53619.242,488.3432,CLICK,1
1772342939.240459919,53624.322,521.4676,CLICK,1
1772342939.247728109,53631.590,495.6347,CLICK,1
1772342939.252897024,53636.760,473.1155,CLICK,1
1772342939.259979010,53643.842,531.6164,CLICK,1
1772342939.265158892,53649.022,479.0054,CLICK,1
1772342939.272247076,53656.109,436.7030,CLICK,1
1772342939.277326107,53661.188,553.0332,CLICK,1
1772342939.284610987,53668.474,543.0906,CLICK,1
1772342939.289767027,53673.629,474.0540,CLICK,1
1772342939.296813011,53680.675,561.5947,CLICK,1
1772342939.301755905,53685.618,589.5592,CLICK,1
1772342939.309114218,53692.977,499.7597,CLICK,1
1772342939.314183950,53698.046,494.5722,CLICK,1
1772342939.321547031,53705.410,540.0544,CLICK,1
1772342939.326715946,53710.578,475.7457,CLICK,1
1772342939.333678007,53717.541,435.4136,CLICK,1
1772342939.338760853,53722.623,496.0782,CLICK,1
1772342939.345979929,53729.842,468.7718,CLICK,1
1772342939.351002216,53734.865,426.8547,CLICK,1
1772342939.358372211,53742.234,511.5990,CLICK,1
1772342939.363549948,53747.412,519.4068,CLICK,1
1772342939.370702028,53754.564,481.4323,CLICK,1
1772342939.375786066,53759.648,512.2908,CLICK,1
1772342939.382882118,53766.744,538.6458,CLICK,1
1772342939.388016224,53771.878,468.6298,CLICK,1
1772342939.395239830,53779.102,492.0512,CLICK,1
1772342939.400401831,53784.265,559.6906,CLICK,1
1772342939.407397985,53791.260,518.1629,CLICK,1
1772342939.412473202,53796.335,470.4871,CLICK,1
1772342939.419768095,53803.630,494.6979,CLICK,1
1772342939.424746037,53808.608,472.4143,CLICK,1
1772342939.432034969,53815.897,468.8744,CLICK,1
1772342939.437209129,53821.071,522.2698,CLICK,1
1772342939.444298983,53828.161,493.1369,CLICK,1
1772342939.449370146,53833.232,441.6010,CLICK,1
1772342939.456645012,53840.507,508.1016,CLICK,1
1772342939.461812973,53845.675,583.0529,CLICK,1
1772342939.468884945,53852.748,500.9161,CLICK,1
1772342939.473986149,53857.848,520.1364,CLICK,1
1772342939.481254816,53865.117,567.3025,CLICK,1
1772342939.486329079,53870.192,480.4440,CLICK,1
1772342939.493427992,53877.291,479.2595,REST,0
1772342939.498524904,53882.387,542.7774,REST,0
1772342939.505815029,53889.678,472.7906,REST,0
1772342939.510915041,53894.777,475.6232,REST,0
1772342939.518035889,53901.898,601.9581,REST,0
1772342939.523162127,53907.024,550.7185,REST,0
1772342939.530243158,53914.105,450.3860,REST,0
1772342939.535330057,53919.192,485.6916,REST,0
1772342939.542586088,53926.448,517.5903,REST,0
1772342939.547662020,53931.524,453.0428,REST,0
1772342939.554858923,53938.721,510.6748,REST,0
1772342939.559943914,53943.806,538.5063,REST,0
1772342939.567234039,53951.096,478.0638,REST,0
1772342939.572316885,53956.179,480.1763,REST,0
1772342939.579471111,53963.333,520.3416,REST,0
1772342939.584297895,53968.160,464.8106,REST,0
1772342939.591742039,53975.605,427.2069,REST,0
1772342939.596922874,53980.785,513.0090,REST,0
1772342939.604036093,53987.899,505.6018,REST,0
1772342939.609119892,53992.982,468.6347,REST,0
1772342939.616296053,54000.158,511.5485,REST,0
1772342939.621612072,54005.475,531.2996,REST,0
1772342939.628618956,54012.481,390.5094,REST,0
1772342939.633517981,54017.380,404.2869,REST,0
1772342939.640882969,54024.746,456.2130,REST,0
1772342939.645964146,54029.826,393.3169,REST,0
1772342939.653223991,54037.086,417.4366,REST,0
1772342939.658303976,54042.166,510.3108,REST,0
1772342939.665452003,54049.314,469.9375,REST,0
1772342939.670418978,54054.281,428.8333,REST,0
1772342939.677785158,54061.647,486.8637,REST,0
1772342939.682945013,54066.807,494.6517,REST,0
1772342939.690026999,54073.889,466.7959,REST,0
1772342939.695119858,54078.983,520.4498,REST,0
1772342939.702405214,54086.267,554.4771,REST,0
1772342939.707578897,54091.441,491.4908,REST,0
1772342939.714672089,54098.534,496.5682,REST,0
1772342939.719729900,54103.592,560.5567,REST,0
1772342939.726885796,54110.748,526.6264,REST,0
1772342939.731971025,54115.833,499.9724,REST,0
1772342939.739250898,54123.113,545.2457,REST,0
1772342939.744418144,54128.280,513.8385,REST,0
1772342939.751590967,54135.453,489.3172,REST,0
1772342939.756753922,54140.616,571.5255,REST,0
1772342939.763797045,54147.659,579.7918,REST,0
1772342939.768869877,54152.732,521.8121,REST,0
1772342939.776135921,54159.998,558.2702,REST,0
1772342939.781300068,54165.162,598.9946,REST,0
1772342939.788418055,54172.280,525.8909,REST,0
1772342939.793426991,54177.289,561.5847,REST,0
1772342939.800680876,54184.543,624.1963,REST,0
1772342939.805751085,54189.613,545.9501,REST,0
1772342939.813019991,54196.882,525.0018,REST,0
1772342939.818182945,54202.045,627.4813,REST,0
1772342939.825289965,54209.152,549.5615,REST,0
1772342939.830379009,54214.241,467.6182,REST,0
1772342939.837529182,54221.391,552.9344,REST,0
1772342939.842655897,54226.518,523.6751,REST,0
1772342939.849888086,54233.750,447.3539,REST,0
1772342939.855016947,54238.879,504.8439,REST,0
1772342939.862108946,54245.971,494.6934,REST,0
1772342939.867184877,54251.047,410.9797,REST,0
1772342939.874443054,54258.305,441.4714,REST,0
1772342939.879321098,54263.183,475.3466,REST,0
1772342939.886722088,54270.584,430.3858,REST,0
1772342939.891892910,54275.755,394.7509,REST,0
1772342939.898938894,54282.801,427.1088,REST,0
1772342939.904015064,54287.877,353.7669,REST,0
1772342939.911339998,54295.203,294.0514,REST,0
1772342939.916501045,54300.363,337.2159,REST,0
1772342939.923662186,54307.524,361.4297,REST,0
1772342939.929013014,54312.875,166.9552,REST,0
1772342939.935852051,54319.714,105.1019,REST,0
1772342939.940918922,54324.781,6.6562,REST,0
1772342939.948144197,54332.007,-150.6638,REST,0
1772342939.953317165,54337.179,-249.4586,REST,0
1772342939.960469007,54344.331,-284.6054,REST,0
1772342939.965569973,54349.432,-330.6243,REST,0
1772342939.972700834,54356.564,-388.0791,REST,0
1772342939.977817059,54361.679,-290.9365,REST,0
1772342939.985073805,54368.936,-235.8935,REST,0
1772342939.990241051,54374.103,-182.0836,REST,0
1772342939.997362852,54381.225,19.9854,REST,0
1772342940.002138853,54386.001,108.9093,REST,0
1772342940.009587049,54393.449,149.2551,REST,0
1772342940.014726877,54398.589,260.8869,REST,0
1772342940.021852016,54405.714,382.2241,REST,0
1772342940.026992798,54410.855,355.1138,REST,0
1772342940.034250021,54418.112,384.6389,REST,0
1772342940.039328098,54423.190,502.8309,REST,0
1772342940.046458960,54430.321,498.3835,REST,0
1772342940.051573038,54435.435,559.7212,REST,0
1772342940.058766127,54442.629,707.5717,REST,0
1772342940.063884974,54447.747,691.6194,REST,0
1772342940.071650028,54455.512,668.1974,REST,0
1772342940.075479984,54459.342,770.4232,REST,0
1772342940.084404945,54468.267,802.9720,REST,0
1772342940.088279963,54472.142,737.2351,REST,0
1772342940.095818043,54479.680,808.2831,REST,0
1772342940.099675894,54483.538,844.9846,REST,0
1772342940.108537197,54492.399,797.7327,REST,0
1772342940.112354994,54496.218,828.6908,REST,0
1772342940.121310949,54505.173,893.2747,REST,0
1772342940.125191927,54509.055,863.0916,REST,0
1772342940.132899046,54516.761,882.6375,REST,0
1772342940.136727095,54520.589,950.5946,REST,0
1772342940.145576000,54529.438,918.0463,REST,0
1772342940.149443150,54533.305,877.0515,REST,0
1772342940.158085108,54541.947,964.1787,REST,0
1772342940.161958933,54545.821,932.2803,REST,0
1772342940.169413090,54553.275,875.0347,REST,0
1772342940.174485922,54558.348,876.9496,REST,0
1772342940.182116032,54565.979,896.3928,REST,0
1772342940.185999155,54569.861,838.8182,REST,0
1772342940.194741964,54578.604,846.1565,REST,0
1772342940.198619843,54582.482,906.5139,REST,0
1772342940.207324982,54591.188,818.3787,REST,0
1772342940.211138964,54595.001,795.9370,REST,0
1772342940.218789101,54602.652,839.2319,REST,0
1772342940.222715855,54606.578,796.1184,REST,0
1772342940.231712103,54615.575,728.9221,REST,0
1772342940.235589027,54619.451,777.2963,REST,0
1772342940.243182182,54627.044,727.0585,REST,0
1772342940.248255968,54632.118,640.2930,REST,0
1772342940.255930901,54639.793,668.5225,REST,0
1772342940.259813070,54643.675,701.2073,REST,0
1772342940.268794775,54652.657,626.0579,REST,0
1772342940.272623062,54656.485,636.9676,REST,0
1772342940.280215025,54664.077,683.6546,REST,0
1772342940.284029961,54667.892,658.9248,REST,0
1772342940.292982101,54676.844,688.9782,REST,0
1772342940.296860933,54680.723,680.5996,REST,0
1772342940.306096077,54689.958,641.2672,REST,0
1772342940.308670998,54692.533,638.5204,REST,0
1772342940.317527056,54701.389,651.3984,REST,0
1772342940.321485043,54705.347,657.4277,REST,0
1772342940.329198122,54713.060,616.1862,REST,0
1772342940.334362984,54718.225,627.0209,REST,0
1772342940.342004061,54725.866,651.3792,REST,0
1772342940.345816135,54729.678,581.3776,REST,0
1772342940.354727983,54738.590,581.5725,REST,0
1772342940.358607769,54742.470,648.4456,REST,0
1772342940.366309881,54750.172,593.3514,REST,0
1772342940.370190144,54754.052,590.9291,REST,0
1772342940.379098892,54762.961,632.0935,REST,0
1772342940.382874012,54766.736,570.0780,REST,0
1772342940.390563011,54774.426,513.5539,REST,0
1772342940.395724058,54779.586,587.9625,REST,0
1772342940.403429985,54787.292,579.5145,REST,0
1772342940.407305002,54791.168,521.3407,REST,0
1772342940.416154861,54800.017,569.0776,REST,0
1772342940.419875145,54803.737,616.8504,REST,0
1772342940.427587032,54811.450,542.4984,REST,0
1772342940.431432009,54815.294,575.7081,REST,0
1772342940.440320969,54824.183,605.2125,REST,0
1772342940.444301128,54828.163,548.8315,REST,0
1772342940.451921940,54835.784,518.2175,REST,0
1772342940.457050800,54840.913,574.7962,REST,0
1772342940.464752913,54848.615,533.4646,REST,0
1772342940.468456030,54852.318,509.3829,REST,0
1772342940.477241993,54861.104,554.2960,REST,0
1772342940.480844021,54864.706,558.3232,REST,0
1772342940.489744902,54873.607,489.3711,REST,0
1772342940.493432045,54877.294,542.2252,REST,0
1772342940.502305031,54886.167,566.8274,REST,0
1772342940.505954981,54889.817,463.4059,REST,0
1772342940.513595819,54897.458,488.6382,REST,0
1772342940.518416882,54902.279,540.2791,REST,0
1772342940.526021957,54909.884,483.9808,REST,0
1772342940.529894829,54913.757,474.6676,REST,0
1772342940.538800955,54922.663,530.8239,REST,0
1772342940.542682886,54926.545,486.4042,REST,0
1772342940.550319195,54934.181,423.8641,REST,0
1772342940.555391073,54939.253,463.8466,REST,0
1772342940.563064098,54946.926,446.6436,REST,0
1772342940.566880941,54950.743,393.8892,REST,0
1772342940.575822115,54959.684,450.3635,REST,0
1772342940.579648972,54963.511,445.7908,REST,0
1772342940.587247133,54971.109,356.9410,REST,0
1772342940.592322111,54976.184,369.6569,REST,0
1772342940.599964857,54983.827,451.1312,REST,0
1772342940.603827953,54987.690,398.8591,REST,0
1772342940.612781048,54996.643,353.2725,REST,0
1772342940.616595030,55000.457,453.2447,REST,0
1772342940.624230862,55008.093,428.6511,REST,0
1772342940.628098965,55011.961,383.1232,REST,0
1772342940.637063980,55020.926,448.7930,REST,0
1772342940.640946865,55024.809,457.3974,REST,0
1772342940.648802042,55032.664,398.3042,REST,0
1772342940.652621031,55036.483,462.3689,REST,0
1772342940.661505938,55045.368,496.9559,REST,0
1772342940.665385962,55049.248,430.2771,REST,0
1772342940.674438953,55058.301,443.1142,REST,0
1772342940.678323984,55062.187,497.2974,REST,0
1772342940.685971022,55069.833,411.3052,REST,0
1772342940.689790010,55073.652,429.9218,REST,0
1772342940.698696852,55082.559,485.5485,REST,0
1772342940.702561140,55086.423,454.6992,REST,0
1772342940.710266113,55094.128,406.0945,REST,0
1772342940.714146137,55098.008,457.7822,REST,0
1772342940.723013163,55106.875,453.7242,REST,0
1772342940.726826906,55110.689,395.0455,REST,0
1772342940.735882044,55119.744,434.9931,REST,0
1772342940.739777088,55123.639,450.7754,REST,0
1772342940.747482061,55131.344,387.6149,REST,0
1772342940.751328945,55135.191,363.1652,REST,0
1772342940.760177851,55144.040,429.7961,REST,0
1772342940.764029026,55147.891,379.8178,REST,0
1772342940.771525860,55155.388,380.4832,REST,0
1772342940.776680946,55160.543,442.2407,REST,0
1772342940.784353018,55168.215,409.6421,REST,0
1772342940.788179874,55172.042,356.5665,REST,0
1772342940.797049046,55180.911,426.4875,REST,0
1772342940.800933123,55184.795,434.9987,REST,0
1772342940.808639050,55192.501,373.9898,REST,0
1772342940.812517881,55196.380,431.7003,REST,0
1772342940.821429014,55205.291,475.3881,REST,0
1772342940.825244904,55209.107,406.1292,REST,0
1772342940.834022999,55217.885,423.1621,REST,0
1772342940.837895870,55221.758,469.8588,REST,0
1772342940.845597982,55229.461,442.6347,REST,0
1772342940.849478960,55233.341,406.5156,REST,0
1772342940.858359098,55242.221,507.6159,REST,0
1772342940.862171888,55246.034,495.1835,REST,0
1772342940.869853973,55253.717,462.8117,REST,0
1772342940.874993801,55258.856,541.1561,REST,0
1772342940.882695913,55266.558,554.0332,REST,0
1772342940.886574030,55270.436,505.9926,REST,0
1772342940.895422935,55279.285,557.5095,REST,0
1772342940.899237871,55283.100,597.1255,REST,0
1772342940.906931877,55290.794,542.9563,REST,0
1772342940.910812855,55294.675,561.9212,REST,0
1772342940.919797897,55303.660,598.1040,REST,0
1772342940.923712969,55307.575,534.0452,REST,0
1772342940.931313992,55315.176,540.5663,REST,0
1772342940.936455011,55320.317,605.6049,REST,0
1772342940.944165945,55328.028,551.2503,REST,0
1772342940.948045015,55331.907,490.8185,REST,0
1772342940.955750942,55339.614,548.0385,REST,0
1772342940.960825205,55344.687,523.8862,REST,0
1772342940.968436956,55352.299,472.3297,REST,0
1772342940.972327948,55356.191,525.3258,REST,0
1772342940.981317043,55365.179,548.6711,REST,0
1772342940.985199213,55369.061,468.6793,REST,0
1772342940.992873907,55376.736,461.6657,REST,0
1772342940.996690989,55380.553,517.2140,REST,0
1772342941.005583763,55389.446,465.5175,REST,0
1772342941.009355068,55393.217,446.3250,REST,0
1772342941.018172979,55402.036,550.7450,REST,0
1772342941.022128820,55405.991,509.3416,REST,0
1772342941.029764175,55413.626,434.3020,REST,0
1772342941.033579111,55417.441,481.2774,REST,0
1772342941.042500019,55426.362,452.4041,REST,0
1772342941.046382189,55430.244,375.0335,REST,0
1772342941.054039955,55437.902,283.5431,REST,0
1772342941.059252977,55443.116,137.7241,REST,0
1772342941.066854000,55450.716,-56.2862,REST,0
1772342941.070673943,55454.536,-217.3565,REST,0
1772342941.079648972,55463.511,-283.2776,REST,0
1772342941.083533049,55467.395,-434.5656,REST,0
1772342941.091246128,55475.108,-465.9954,REST,0
1772342941.095097065,55478.959,-379.6465,REST,0
1772342941.103946924,55487.809,-382.3642,REST,0
1772342941.107712984,55491.575,-384.8555,REST,0
1772342941.116415024,55500.277,-205.6160,REST,0
1772342941.120391846,55504.254,-156.2869,REST,0
1772342941.128055096,55511.917,-218.0857,REST,0
1772342941.131884098,55515.746,-62.8180,REST,0
1772342941.140640020,55524.502,97.3373,REST,0
1772342941.144518852,55528.381,132.8216,REST,0
1772342941.153495073,55537.357,209.2535,REST,0
1772342941.157387018,55541.249,345.6895,REST,0
1772342941.165039062,55548.901,392.8591,REST,0
1772342941.168850899,55552.713,435.0823,REST,0
1772342941.177767992,55561.630,575.8957,REST,0
1772342941.181627989,55565.490,601.3007,REST,0
1772342941.189329863,55573.193,627.4768,REST,0
1772342941.194543123,55578.405,784.9015,REST,0
1772342941.202159166,55586.021,813.9936,REST,0
1772342941.205978155,55589.840,784.3576,REST,0
1772342941.214936018,55598.798,824.1923,REST,0
1772342941.218816996,55602.679,904.5640,REST,0
1772342941.226583958,55610.446,846.0177,REST,0
1772342941.230682135,55614.544,873.2594,REST,0
1772342941.239340067,55623.202,933.4772,REST,0
1772342941.243162155,55627.024,855.6387,REST,0
1772342941.250861168,55634.723,823.1126,REST,0
1772342941.254736900,55638.599,891.0288,REST,0
1772342941.263694048,55647.556,854.3316,REST,0
1772342941.267667055,55651.529,810.6430,REST,0
1772342941.275272846,55659.135,888.0073,REST,0
1772342941.280412912,55664.275,905.0932,REST,0
1772342941.288133860,55671.996,834.2518,REST,0
1772342941.292024136,55675.886,854.5518,REST,0
1772342941.299701929,55683.564,880.5333,REST,0
1772342941.304780960,55688.643,779.5478,REST,0
1772342941.312431097,55696.293,764.3719,REST,0
1772342941.316313028,55700.175,780.4474,REST,0
1772342941.325373888,55709.236,752.7429,REST,0
1772342941.329258919,55713.121,719.5055,REST,0
1772342941.336999893,55720.862,778.2260,REST,0
1772342941.340815067,55724.677,739.2009,REST,0
1772342941.349740028,55733.602,684.8960,REST,0
1772342941.353378057,55737.240,752.4457,REST,0
1772342941.362393141,55746.255,723.0402,REST,0
1772342941.366272926,55750.135,650.5105,REST,0
1772342941.373878002,55757.740,664.9453,REST,0
1772342941.377693892,55761.556,688.9093,REST,0
1772342941.386389971,55770.252,597.1643,REST,0
1772342941.390269041,55774.131,584.0848,REST,0
1772342941.399046898,55782.910,654.5716,REST,0
1772342941.402894020,55786.756,581.5016,REST,0
1772342941.410498142,55794.360,556.2396,REST,0
1772342941.415613890,55799.476,615.9628,REST,0
1772342941.423263073,55807.125,599.2606,REST,0
1772342941.427146912,55811.009,544.6876,REST,0
1772342941.436125040,55819.987,626.3795,REST,0
1772342941.439952850,55823.815,612.3475,REST,0
1772342941.447551966,55831.414,573.8455,REST,0
1772342941.451416969,55835.279,620.3505,REST,0
1772342941.460391998,55844.254,664.0964,REST,0
1772342941.464269161,55848.131,567.5645,REST,0
1772342941.471912861,55855.775,606.6090,REST,0
1772342941.476984978,55860.847,643.6907,REST,0
1772342941.484606981,55868.469,571.4781,REST,0
1772342941.488481045,55872.343,554.4192,REST,0
1772342941.497285128,55881.147,597.3391,REST,0
1772342941.501008987,55884.871,574.3023,REST,0
1772342941.508661032,55892.523,527.5417,REST,0
1772342941.513733864,55897.597,619.8792,REST,0
1772342941.521387100,55905.249,628.1501,REST,0
1772342941.525253057,55909.115,553.8136,REST,0
1772342941.534233093,55918.095,574.3533,REST,0
1772342941.538118839,55921.981,604.2689,REST,0
1772342941.545737028,55929.599,512.0624,REST,0
1772342941.549552202,55933.414,510.7634,REST,0
1772342941.558477163,55942.340,544.9665,REST,0
1772342941.562355995,55946.218,489.5956,REST,0
1772342941.570055008,55953.917,479.4249,REST,0
1772342941.575191975,55959.054,546.2004,REST,0
1772342941.582783937,55966.646,522.1350,REST,0
1772342941.586596012,55970.458,463.2628,REST,0
1772342941.595579863,55979.442,544.1252,REST,0
1772342941.599456072,55983.318,526.5574,REST,0
1772342941.607150078,55991.012,440.2828,REST,0
1772342941.610996962,55994.859,506.7291,REST,0
1772342941.619848013,56003.711,531.2073,REST,0
1772342941.623842001,56007.704,456.4465,REST,0
1772342941.631544113,56015.406,463.2528,REST,0
1772342941.636706114,56020.568,493.4862,REST,0
1772342941.644352913,56028.215,431.3278,REST,0
1772342941.648163080,56032.025,419.3462,REST,0
1772342941.657064915,56040.927,510.2603,REST,0
1772342941.660946846,56044.809,483.9553,REST,0
1772342941.668476820,56052.339,459.6745,REST,0
1772342941.673626900,56057.489,531.8417,REST,0
1772342941.681051970,56064.914,536.0975,REST,0
1772342941.684879780,56068.742,484.7216,REST,0
1772342941.693794966,56077.657,498.0482,REST,0
1772342941.700994015,56084.856,570.1204,REST,0
1772342941.706117153,56089.979,438.3257,REST,0
1772342941.713317156,56097.179,442.0683,REST,0
1772342941.718400002,56102.262,484.5148,REST,0
1772342941.725658894,56109.521,413.4860,REST,0
1772342941.730810165,56114.672,389.5376,REST,0
1772342941.737936974,56121.799,466.3451,REST,0
1772342941.743103027,56126.965,455.3992,REST,0
1772342941.750170231,56134.032,405.9213,REST,0
1772342941.755249977,56139.112,472.2983,REST,0
1772342941.762458086,56146.320,547.1872,REST,0
1772342941.767636061,56151.498,424.7885,REST,0
1772342941.774788141,56158.650,394.6049,REST,0
1772342941.780009985,56163.872,430.8470,REST,0
1772342941.787074089,56170.936,373.6591,REST,0
1772342941.792149067,56176.011,347.4447,REST,0
1772342941.799399853,56183.262,441.1629,REST,0
1772342941.804565907,56188.428,386.6834,REST,0
1772342941.811650038,56195.512,377.0143,REST,0
1772342941.816815138,56200.677,470.8549,REST,0
1772342941.823917150,56207.779,472.6033,REST,0
1772342941.829014063,56212.876,423.9813,REST,0
1772342941.836210012,56220.072,500.6023,REST,0
1772342941.841307878,56225.170,498.9097,REST,0
1772342941.848486900,56232.349,439.5793,REST,0
1772342941.853605032,56237.467,459.7073,REST,0
1772342941.860773087,56244.635,484.7735,REST,0
1772342941.865865946,56249.728,428.3768,REST,0
1772342941.873050928,56256.913,425.4194,REST,0
1772342941.878168106,56262.030,502.3728,REST,0
1772342941.885413170,56269.275,443.3125,REST,0
1772342941.890517950,56274.381,441.1520,REST,0
1772342941.897612095,56281.474,524.4320,REST,0
1772342941.902702093,56286.565,496.1376,REST,0
1772342941.909970999,56293.833,457.3513,REST,0
1772342941.915054083,56298.916,520.3701,REST,0
1772342941.922254086,56306.116,542.3865,REST,0
1772342941.927335024,56311.198,479.3663,REST,0
1772342941.934567928,56318.430,517.0937,REST,0
1772342941.939646959,56323.509,538.9951,REST,0
1772342941.946815968,56330.679,457.6483,REST,0
1772342941.951904058,56335.766,451.4272,REST,0
1772342941.959105015,56342.967,508.5881,REST,0
1772342941.964197874,56348.060,451.6029,REST,0
1772342941.971478939,56355.342,433.2124,REST,0
1772342941.976618052,56360.480,532.5198,REST,0
1772342941.983648062,56367.510,506.7332,REST,0
1772342941.988751173,56372.613,468.9730,REST,0
1772342941.995886087,56379.748,556.6031,REST,0
1772342942.001008034,56384.870,568.5822,REST,0
1772342942.008282185,56392.144,472.6492,REST,0
1772342942.013432026,56397.294,521.9133,REST,0
1772342942.020516157,56404.378,542.8173,REST,0
1772342942.025494099,56409.356,478.3140,REST,0
1772342942.032788992,56416.651,501.5203,REST,0
1772342942.037878036,56421.740,564.3374,REST,0
1772342942.045176983,56429.039,521.9559,REST,0
1772342942.050288916,56434.151,512.7859,REST,0
1772342942.057384968,56441.247,547.4154,REST,0
1772342942.062488079,56446.350,514.2763,REST,0
1772342942.069718122,56453.580,491.0234,REST,0
1772342942.074804068,56458.666,576.5459,REST,0
1772342942.082005024,56465.867,566.3724,REST,0
1772342942.087109089,56470.971,478.1252,REST,0
1772342942.094223976,56478.086,541.1063,REST,0
1772342942.099305868,56483.168,555.5696,REST,0
1772342942.106538057,56490.400,484.4159,REST,0
1772342942.111649990,56495.512,499.5971,REST,0
1772342942.118973970,56502.836,572.6906,REST,0
1772342942.124112844,56507.975,513.9312,REST,0
1772342942.131248236,56515.110,473.5975,REST,0
1772342942.136327028,56520.189,530.7694,REST,0
1772342942.143399954,56527.263,525.2208,REST,0
1772342942.148504019,56532.366,486.0876,REST,0
1772342942.155706167,56539.568,540.4618,REST,0
1772342942.160570860,56544.433,540.6543,REST,0
1772342942.167989016,56551.851,465.4766,REST,0
1772342942.173085928,56556.948,497.4298,REST,0
1772342942.180269003,56564.131,508.5631,REST,0
1772342942.185354948,56569.217,410.8649,REST,0
1772342942.192537069,56576.399,420.2019,REST,0
1772342942.197635174,56581.497,487.3769,REST,0
1772342942.204823971,56588.686,412.8167,REST,0
1772342942.209959984,56593.822,414.8489,REST,0
1772342942.217178106,56601.041,505.6727,REST,0
1772342942.222353935,56606.216,506.4119,REST,0
1772342942.229382992,56613.245,482.0269,REST,0
1772342942.234476089,56618.338,522.6141,REST,0
1772342942.241681814,56625.544,529.2080,REST,0
1772342942.246814013,56630.676,444.1441,REST,0
1772342942.254018068,56637.880,521.7061,REST,0
1772342942.259179115,56643.041,535.2058,REST,0
1772342942.266266823,56650.130,452.3015,REST,0
1772342942.271356821,56655.219,483.9472,REST,0
1772342942.278585196,56662.447,540.8613,REST,0
1772342942.283703089,56667.565,501.0590,REST,0
1772342942.290894032,56674.756,448.7864,REST,0
1772342942.295760870,56679.623,537.8968,REST,0
1772342942.303254128,56687.116,484.4152,REST,0
1772342942.308344126,56692.206,425.8128,REST,0
1772342942.315418005,56699.280,477.4122,REST,0
1772342942.320291996,56704.154,504.5529,REST,0
1772342942.327736139,56711.598,425.8236,REST,0
1772342942.332885981,56716.748,479.7216,REST,0
1772342942.340018034,56723.880,547.2038,REST,0
1772342942.345115900,56728.978,462.1926,REST,0
1772342942.352357864,56736.220,484.8381,REST,0
1772342942.357527018,56741.389,663.0036,REST,0
1772342942.364578009,56748.441,576.2765,REST,0
1772342942.369679928,56753.542,441.7775,REST,0
1772342942.376862049,56760.724,462.7823,REST,0
1772342942.382021904,56765.884,358.4837,REST,0
1772342942.389266014,56773.128,196.2851,REST,0
1772342942.394414186,56778.276,213.0952,REST,0
1772342942.401427031,56785.290,159.3306,REST,0
1772342942.406517029,56790.379,111.5516,REST,0
1772342942.413725853,56797.588,114.0780,REST,0
1772342942.418849945,56802.713,82.9964,REST,0
1772342942.426048040,56809.910,-11.6456,REST,0
1772342942.431252956,56815.115,-6.1366,REST,0
1772342942.438331842,56822.194,73.0571,REST,0
1772342942.443243027,56827.105,51.6468,REST,0
1772342942.450558901,56834.421,53.9372,REST,0
1772342942.455706120,56839.568,137.3932,REST,0
1772342942.462884188,56846.746,156.2615,REST,0
1772342942.468055964,56851.918,149.9257,REST,0
1772342942.475178957,56859.041,240.9488,REST,0
1772342942.480281115,56864.144,294.2715,REST,0
1772342942.487496853,56871.359,226.6405,REST,0
1772342942.492748976,56876.611,306.2927,CLICK,1
1772342942.499706030,56883.568,374.0386,CLICK,1
1772342942.504825115,56888.687,339.0523,CLICK,1
1772342942.511960030,56895.822,376.8905,CLICK,1
1772342942.517055988,56900.918,460.1835,CLICK,1
1772342942.524261951,56908.124,470.6742,CLICK,1
1772342942.529391050,56913.254,464.4194,CLICK,1
1772342942.536556959,56920.420,575.2885,CLICK,1
1772342942.541840792,56925.703,576.2013,CLICK,1
1772342942.548887968,56932.750,560.9876,CLICK,1
1772342942.553976059,56937.838,623.5890,CLICK,1
1772342942.561178923,56945.041,654.8554,CLICK,1
1772342942.566247940,56950.110,557.4499,CLICK,1
1772342942.573429108,56957.292,606.5570,CLICK,1
1772342942.578521013,56962.383,619.7064,CLICK,1
1772342942.585748911,56969.611,564.6974,CLICK,1
1772342942.590820074,56974.682,577.6981,CLICK,1
1772342942.598033905,56981.896,640.6637,CLICK,1
1772342942.603111029,56986.973,599.4183,CLICK,1
1772342942.610323906,56994.186,592.2041,CLICK,1
1772342942.615401030,56999.263,673.6635,CLICK,1
1772342942.622626066,57006.488,667.7728,CLICK,1
1772342942.627721071,57011.583,655.2777,CLICK,1
1772342942.634876966,57018.739,666.3083,CLICK,1
1772342942.640029907,57023.892,635.2785,CLICK,1
1772342942.647177935,57031.040,541.1738,CLICK,1
1772342942.652295828,57036.158,574.2615,CLICK,1
1772342942.659519911,57043.382,641.5291,CLICK,1
1772342942.664645910,57048.508,587.3577,CLICK,1
1772342942.671834946,57055.697,602.8635,CLICK,1
1772342942.677063942,57060.926,662.6522,CLICK,1
1772342942.684042931,57067.905,614.4153,CLICK,1
1772342942.689141035,57073.003,550.0202,CLICK,1
1772342942.696344137,57080.206,624.4899,CLICK,1
1772342942.701457977,57085.320,588.9916,CLICK,1
1772342942.708619118,57092.481,538.7280,CLICK,1
1772342942.713713884,57097.576,593.0733,CLICK,1
1772342942.720952988,57104.815,594.3628,CLICK,1
1772342942.725967169,57109.829,522.3583,CLICK,1
1772342942.733206987,57117.069,567.4115,CLICK,1
1772342942.738191843,57122.054,605.5632,CLICK,1
1772342942.745508194,57129.370,540.4627,CLICK,1
1772342942.750589848,57134.452,569.5562,CLICK,1
1772342942.757760048,57141.622,619.0948,CLICK,1
1772342942.762925148,57146.787,560.3649,CLICK,1
1772342942.770129919,57153.992,486.9751,CLICK,1
1772342942.775269032,57159.131,573.8191,CLICK,1
1772342942.782363892,57166.226,551.4711,CLICK,1
1772342942.787440777,57171.303,512.8925,CLICK,1
1772342942.794705868,57178.568,577.6572,CLICK,1
1772342942.799866199,57183.728,604.9989,CLICK,1
1772342942.807000160,57190.862,531.8258,CLICK,1
1772342942.812154055,57196.017,545.2660,CLICK,1
1772342942.819267988,57203.130,612.8378,CLICK,1
1772342942.824400902,57208.263,526.7336,CLICK,1
1772342942.831575155,57215.437,541.0847,CLICK,1
1772342942.836731911,57220.594,616.6953,CLICK,1
1772342942.843839884,57227.702,550.4639,CLICK,1
1772342942.848959923,57232.822,532.4926,CLICK,1
1772342942.856131077,57239.993,721.1917,CLICK,1
1772342942.861241102,57245.103,630.8524,CLICK,1
1772342942.868443966,57252.306,481.9153,CLICK,1
1772342942.873595953,57257.458,500.9432,CLICK,1
1772342942.880762100,57264.624,508.4536,CLICK,1
1772342942.885876894,57269.739,432.2124,CLICK,1
1772342942.892946959,57276.809,454.9268,CLICK,1
1772342942.898087978,57281.950,413.3776,CLICK,1
1772342942.905303001,57289.165,233.3493,CLICK,1
1772342942.910450935,57294.313,152.3455,CLICK,1
1772342942.917505026,57301.367,149.2396,CLICK,1
1772342942.922621012,57306.483,49.5159,CLICK,1
1772342942.929853916,57313.716,-49.5082,CLICK,1
1772342942.934966087,57318.828,0.1404,CLICK,1
1772342942.942097902,57325.960,-55.8740,CLICK,1
1772342942.947255135,57331.117,-154.8265,CLICK,1
1772342942.954358101,57338.220,-133.9324,CLICK,1
1772342942.959444046,57343.306,-119.0956,CLICK,1
1772342942.966675997,57350.538,-108.6646,CLICK,1
1772342942.971831083,57355.693,16.7577,CLICK,1
1772342942.978969097,57362.832,136.0461,CLICK,1
1772342942.984135866,57367.998,218.0231,CLICK,1
1772342942.991231918,57375.094,336.2449,CLICK,1
1772342942.996309042,57380.171,523.5508,CLICK,1
1772342943.003631115,57387.493,551.5541,CLICK,1
1772342943.008810043,57392.672,613.3688,CLICK,1
1772342943.015856028,57399.718,806.8514,CLICK,1
1772342943.020848989,57404.711,853.0895,CLICK,1
1772342943.028079033,57411.941,823.1057,CLICK,1
1772342943.033027172,57416.889,930.7470,CLICK,1
1772342943.040512085,57424.374,972.0776,CLICK,1
1772342943.045665026,57429.527,913.7902,CLICK,1
1772342943.052723885,57436.586,960.7885,CLICK,1
1772342943.057822943,57441.685,946.6453,CLICK,1
1772342943.064990997,57448.853,892.2412,CLICK,1
1772342943.070149899,57454.012,876.3651,CLICK,1
1772342943.077297926,57461.160,962.2236,CLICK,1
1772342943.082457066,57466.319,916.4950,CLICK,1
1772342943.089576006,57473.439,909.1378,CLICK,1
1772342943.094672918,57478.535,1034.6002,CLICK,1
1772342943.101946115,57485.808,1022.4024,CLICK,1
1772342943.107074976,57490.937,897.9548,CLICK,1
1772342943.114257812,57498.120,947.1409,CLICK,1
1772342943.119429827,57503.292,959.1104,CLICK,1
1772342943.126385927,57510.248,908.5956,CLICK,1
1772342943.131475925,57515.338,921.0288,CLICK,1
1772342943.138742924,57522.605,919.9396,CLICK,1
1772342943.143906116,57527.768,837.8456,CLICK,1
1772342943.151031017,57534.893,847.8569,CLICK,1
1772342943.156202078,57540.064,932.7525,CLICK,1
1772342943.163261890,57547.124,825.4392,CLICK,1
1772342943.168333054,57552.196,684.5861,CLICK,1
1772342943.175616026,57559.478,737.9436,CLICK,1
1772342943.180768967,57564.631,744.1229,CLICK,1
1772342943.188442230,57572.304,700.8408,CLICK,1
1772342943.192286968,57576.149,761.1892,CLICK,1
1772342943.201136112,57584.998,779.9072,CLICK,1
1772342943.204814196,57588.676,745.4909,CLICK,1
1772342943.212518930,57596.381,775.3889,CLICK,1
1772342943.217680931,57601.543,789.5901,CLICK,1
1772342943.225415945,57609.278,728.4223,CLICK,1
1772342943.229234934,57613.098,722.4792,CLICK,1
1772342943.238062143,57621.924,781.2471,CLICK,1
1772342943.241929054,57625.791,723.6607,CLICK,1
1772342943.249627829,57633.490,697.0656,CLICK,1
1772342943.253509045,57637.372,732.7731,CLICK,1
1772342943.262448072,57646.310,697.7767,CLICK,1
1772342943.266258955,57650.121,590.7998,CLICK,1
1772342943.275173187,57659.035,655.8708,CLICK,1
1772342943.279049873,57662.912,682.6813,CLICK,1
1772342943.286761045,57670.623,551.1731,CLICK,1
1772342943.290639162,57674.501,547.8403,CLICK,1
1772342943.299491167,57683.353,561.3720,CLICK,1
1772342943.303303957,57687.167,491.9823,CLICK,1
1772342943.310883999,57694.746,491.6406,CLICK,1
1772342943.316037178,57699.899,579.7544,CLICK,1
1772342943.323568821,57707.431,535.5004,CLICK,1
1772342943.327280045,57711.142,504.2459,CLICK,1
1772342943.336152077,57720.014,585.1359,CLICK,1
1772342943.339970112,57723.832,571.2191,CLICK,1
1772342943.348555088,57732.418,518.0266,CLICK,1
1772342943.352288961,57736.151,548.1633,CLICK,1
1772342943.361315012,57745.178,554.6254,CLICK,1
1772342943.364934921,57748.797,497.4221,CLICK,1
1772342943.372538805,57756.401,520.3364,CLICK,1
1772342943.376360893,57760.223,511.9467,CLICK,1
1772342943.385334969,57769.197,418.9192,CLICK,1
1772342943.389224052,57773.086,405.7404,CLICK,1
1772342943.396929979,57780.792,479.8894,CLICK,1
1772342943.401997089,57785.859,441.9205,CLICK,1
1772342943.409603119,57793.465,399.7881,CLICK,1
1772342943.413456917,57797.319,464.4817,CLICK,1
1772342943.422403097,57806.265,437.5632,CLICK,1
1772342943.426290989,57810.153,384.1217,CLICK,1
1772342943.433912992,57817.776,454.3502,CLICK,1
1772342943.437731981,57821.594,472.5824,CLICK,1
1772342943.446609974,57830.472,395.1188,CLICK,1
1772342943.450505018,57834.367,434.0829,CLICK,1
1772342943.459484816,57843.347,459.2026,CLICK,1
1772342943.463361979,57847.224,401.4732,CLICK,1
1772342943.470936060,57854.799,396.2104,CLICK,1
1772342943.474695921,57858.558,474.8567,CLICK,1
1772342943.483551025,57867.413,445.1314,CLICK,1
1772342943.487430811,57871.293,426.5740,CLICK,1
1772342943.495141983,57879.004,485.8766,CLICK,1
1772342943.500290155,57884.152,483.5738,CLICK,1
1772342943.507909060,57891.771,392.2553,CLICK,1
1772342943.511731863,57895.594,478.2938,CLICK,1
1772342943.520698071,57904.560,483.3623,CLICK,1
1772342943.524580002,57908.442,414.7009,CLICK,1
1772342943.532286882,57916.150,424.6297,CLICK,1
1772342943.536145926,57920.009,462.9650,CLICK,1
1772342943.545022964,57928.885,386.8934,CLICK,1
1772342943.548841000,57932.703,403.9652,CLICK,1
1772342943.556554079,57940.416,469.4011,CLICK,1
1772342943.561710119,57945.572,426.6872,CLICK,1
1772342943.569407940,57953.271,390.9865,CLICK,1
1772342943.573236942,57957.099,457.3587,CLICK,1
1772342943.582095146,57965.957,410.1607,CLICK,1
1772342943.585976124,57969.838,356.9678,CLICK,1
1772342943.593660831,57977.523,422.8998,CLICK,1
1772342943.597543955,57981.406,479.3963,CLICK,1
1772342943.606472969,57990.335,457.3232,CLICK,1
1772342943.610297203,57994.159,447.1818,CLICK,1
1772342943.619218826,58003.082,480.4516,CLICK,1
1772342943.623152018,58007.014,424.3528,CLICK,1
1772342943.630625963,58014.489,426.4488,CLICK,1
1772342943.634346008,58018.208,534.4086,CLICK,1
1772342943.643260956,58027.123,482.7705,CLICK,1
1772342943.647077084,58030.939,445.7069,CLICK,1
1772342943.656008959,58039.871,550.4138,CLICK,1
1772342943.659852028,58043.714,536.2572,CLICK,1
1772342943.667551994,58051.414,487.9623,CLICK,1
1772342943.671429873,58055.292,519.5326,CLICK,1
1772342943.680294991,58064.157,499.3647,CLICK,1
1772342943.684110165,58067.972,402.0936,CLICK,1
1772342943.691768169,58075.630,443.1463,CLICK,1
1772342943.696925879,58080.788,494.2362,CLICK,1
1772342943.704615831,58088.478,429.2820,CLICK,1
1772342943.708473206,58092.335,423.7226,CLICK,1
1772342943.717334986,58101.197,495.2888,CLICK,1
1772342943.721190929,58105.053,482.6469,CLICK,1
1772342943.728901148,58112.763,469.6249,CLICK,1
1772342943.732784033,58116.646,585.0473,CLICK,1
1772342943.741833925,58125.696,555.9628,CLICK,1
1772342943.745658875,58129.521,506.4002,CLICK,1
1772342943.753254890,58137.117,551.5835,CLICK,1
1772342943.758424044,58142.286,537.8886,CLICK,1
1772342943.766131878,58149.994,462.7434,CLICK,1
1772342943.770012856,58153.875,489.2873,CLICK,1
1772342943.778992176,58162.855,531.2346,CLICK,1
1772342943.782817125,58166.679,426.1138,CLICK,1
1772342943.790345907,58174.208,450.4267,CLICK,1
1772342943.794239044,58178.101,515.8656,CLICK,1
1772342943.803071022,58186.933,460.7587,CLICK,1
1772342943.806915045,58190.777,444.6149,CLICK,1
1772342943.815608025,58199.470,567.1547,CLICK,1
1772342943.819420815,58203.283,454.6668,CLICK,1
1772342943.827157021,58211.019,325.8042,CLICK,1
1772342943.831039906,58214.902,349.4919,CLICK,1
1772342943.839932919,58223.795,334.0695,CLICK,1
1772342943.843824863,58227.687,257.7795,CLICK,1
1772342943.851418972,58235.281,312.2338,CLICK,1
1772342943.856405973,58240.268,370.8383,CLICK,1
1772342943.863951206,58247.813,319.3211,CLICK,1
1772342943.868945837,58252.808,354.2816,CLICK,1
1772342943.876667976,58260.530,453.9445,CLICK,1
1772342943.880522966,58264.385,413.0369,CLICK,1
1772342943.889325142,58273.187,379.8381,CLICK,1
1772342943.893198013,58277.061,440.5544,CLICK,1
1772342943.900907040,58284.769,441.0383,CLICK,1
1772342943.904788017,58288.650,409.1462,CLICK,1
1772342943.913745880,58297.608,495.9311,CLICK,1
1772342943.917575836,58301.438,519.0443,CLICK,1
1772342943.925225973,58309.088,459.9302,CLICK,1
1772342943.930402040,58314.265,505.6149,CLICK,1
1772342943.938107967,58321.970,575.0897,CLICK,1
1772342943.941997051,58325.859,461.0172,CLICK,1
1772342943.949814081,58333.676,440.4810,CLICK,1
1772342943.954885006,58338.747,489.3471,CLICK,1
1772342943.962528944,58346.391,424.8081,CLICK,1
1772342943.966398954,58350.261,377.1519,CLICK,1
1772342943.975389957,58359.252,461.2925,CLICK,1
1772342943.979274035,58363.136,448.1190,CLICK,1
1772342943.986818075,58370.680,406.8554,CLICK,1
1772342943.991953850,58375.816,474.1445,CLICK,1
1772342943.999627113,58383.489,520.8565,CLICK,1
1772342944.003504992,58387.367,468.2782,CLICK,1
1772342944.012495041,58396.357,497.3552,CLICK,1
1772342944.016364098,58400.226,553.0025,CLICK,1
1772342944.024037838,58407.900,496.8360,CLICK,1
1772342944.027855158,58411.717,507.0218,CLICK,1
1772342944.036827803,58420.690,556.3534,CLICK,1
1772342944.040725946,58424.588,494.8705,CLICK,1
1772342944.048429966,58432.292,531.8408,CLICK,1
1772342944.052522898,58436.385,561.2625,CLICK,1
1772342944.061373949,58445.236,575.0617,CLICK,1
1772342944.065240145,58449.102,511.8766,CLICK,1
1772342944.072775841,58456.638,550.1418,CLICK,1
1772342944.077943087,58461.805,573.1475,CLICK,1
1772342944.085573912,58469.436,488.7605,CLICK,1
1772342944.089397907,58473.260,495.0378,CLICK,1
1772342944.098127842,58481.990,561.2723,CLICK,1
1772342944.101797819,58485.661,514.0625,CLICK,1
1772342944.110600948,58494.463,497.2271,CLICK,1
1772342944.114474058,58498.336,586.3526,CLICK,1
1772342944.121911049,58505.773,560.3552,CLICK,1
1772342944.126743078,58510.605,516.4731,CLICK,1
1772342944.134371042,58518.233,557.6313,CLICK,1
1772342944.138259888,58522.122,542.5090,CLICK,1
1772342944.147247076,58531.109,483.9096,CLICK,1
1772342944.151138067,58535.000,547.7429,CLICK,1
1772342944.158751965,58542.614,550.9006,CLICK,1
1772342944.163823128,58547.685,449.2935,CLICK,1
1772342944.171503067,58555.365,517.7106,CLICK,1
1772342944.175386906,58559.249,664.8796,CLICK,1
1772342944.184344053,58568.206,479.7120,CLICK,1
1772342944.188197136,58572.059,472.1284,CLICK,1
1772342944.195811033,58579.673,577.3377,CLICK,1
1772342944.199630022,58583.492,489.4709,CLICK,1
1772342944.208609104,58592.471,451.7664,CLICK,1
1772342944.212495804,58596.358,571.0567,CLICK,1
1772342944.220207214,58604.069,524.8435,CLICK,1
1772342944.225215912,58609.078,458.9116,CLICK,1
1772342944.232814074,58616.676,538.5917,CLICK,1
1772342944.236677170,58620.539,603.6165,CLICK,1
1772342944.245651007,58629.513,519.3928,CLICK,1
1772342944.249528170,58633.390,545.8696,CLICK,1
1772342944.257184982,58641.047,550.3977,CLICK,1
1772342944.261020899,58644.883,487.4400,CLICK,1
1772342944.269703865,58653.566,513.2332,CLICK,1
1772342944.273601055,58657.463,574.8141,CLICK,1
1772342944.282371044,58666.233,543.9917,CLICK,1
1772342944.286095142,58669.957,520.4442,CLICK,1
1772342944.293750048,58677.613,588.9075,CLICK,1
1772342944.298828125,58682.690,563.6156,CLICK,1
1772342944.306296110,58690.158,495.6497,CLICK,1
1772342944.310129881,58693.992,542.8513,CLICK,1
1772342944.318949223,58702.811,585.7067,CLICK,1
1772342944.323065042,58706.927,526.1043,CLICK,1
1772342944.331784010,58715.646,536.7903,CLICK,1
1772342944.335600138,58719.462,569.2232,CLICK,1
1772342944.343282938,58727.145,518.8024,CLICK,1
1772342944.347168922,58731.031,508.6241,CLICK,1
1772342944.356112957,58739.975,546.9152,CLICK,1
1772342944.359973907,58743.836,525.0600,CLICK,1
1772342944.367574930,58751.437,430.6795,CLICK,1
1772342944.372653961,58756.516,491.8215,CLICK,1
1772342944.380372047,58764.234,497.7125,CLICK,1
1772342944.384262800,58768.125,443.3826,CLICK,1
1772342944.393249989,58777.112,479.6288,CLICK,1
1772342944.397061825,58780.925,499.1443,CLICK,1
1772342944.404649973,58788.512,448.1032,CLICK,1
1772342944.408521891,58792.384,480.3242,CLICK,1
1772342944.417505980,58801.368,511.1908,CLICK,1
1772342944.421454191,58805.316,433.3537,CLICK,1
1772342944.428975105,58812.837,450.4218,CLICK,1
1772342944.434049129,58817.911,512.7797,CLICK,1
1772342944.441677094,58825.539,491.7954,CLICK,1
1772342944.445552826,58829.415,473.0886,CLICK,1
1772342944.454344988,58838.207,539.1721,CLICK,1
1772342944.458067894,58841.930,547.1621,CLICK,1
1772342944.466977119,58850.839,469.0518,CLICK,1
1772342944.470793962,58854.656,511.0715,CLICK,1
1772342944.478426933,58862.289,539.5963,CLICK,1
1772342944.482311964,58866.174,455.9580,CLICK,1
1772342944.491209984,58875.072,457.6867,CLICK,1
1772342944.495077133,58878.939,505.0642,CLICK,1
1772342944.502694845,58886.557,431.8444,CLICK,1
1772342944.507769108,58891.631,428.7940,CLICK,1
1772342944.515126944,58898.989,497.8453,CLICK,1
1772342944.520218849,58904.081,462.0115,CLICK,1
1772342944.527921915,58911.784,410.9748,CLICK,1
1772342944.531772852,58915.635,483.8987,CLICK,1
1772342944.540621042,58924.483,495.7583,CLICK,1
1772342944.547623873,58931.487,461.0144,CLICK,1
1772342944.552812099,58936.674,517.5728,CLICK,1
1772342944.559908152,58943.771,496.8679,CLICK,1
1772342944.565073013,58948.935,402.1334,CLICK,1
1772342944.572195053,58956.057,427.3738,CLICK,1
1772342944.577273130,58961.135,478.5297,CLICK,1
1772342944.584509850,58968.372,375.6342,CLICK,1
1772342944.589709044,58973.571,374.3973,CLICK,1
1772342944.596746922,58980.610,456.9339,CLICK,1
1772342944.601863861,58985.726,390.3401,CLICK,1
1772342944.608999968,58992.862,390.2149,CLICK,1
1772342944.614135981,58997.998,460.8901,CLICK,1
1772342944.621356964,59005.219,474.7945,CLICK,1
1772342944.626555920,59010.418,423.0203,CLICK,1
1772342944.633624077,59017.486,458.0463,CLICK,1
1772342944.638712168,59022.574,478.1985,CLICK,1
1772342944.645872831,59029.735,412.4456,CLICK,1
1772342944.651016951,59034.879,433.4715,CLICK,1
1772342944.658261061,59042.123,459.6994,CLICK,1
1772342944.663424969,59047.287,382.4926,CLICK,1
1772342944.670557976,59054.420,390.2106,CLICK,1
1772342944.675627947,59059.490,498.2885,CLICK,1
1772342944.682820082,59066.682,472.4129,CLICK,1
1772342944.687936068,59071.799,430.9997,CLICK,1
1772342944.695167065,59079.029,502.9791,CLICK,1
1772342944.700334072,59084.196,505.6255,CLICK,1
1772342944.707346916,59091.209,445.0521,CLICK,1
1772342944.712432861,59096.295,522.1324,CLICK,1
1772342944.719751835,59103.615,514.8728,CLICK,1
1772342944.724986792,59108.849,430.4393,CLICK,1
1772342944.731950045,59115.812,504.6036,CLICK,1
1772342944.737102032,59120.965,532.2435,CLICK,1
1772342944.744162083,59128.024,461.7131,CLICK,1
1772342944.749247074,59133.109,477.3275,CLICK,1
1772342944.756561995,59140.424,537.5686,CLICK,1
1772342944.761729956,59145.592,496.6690,CLICK,1
1772342944.768893957,59152.757,464.2664,CLICK,1
1772342944.773851871,59157.714,530.4266,CLICK,1
1772342944.781075001,59164.937,530.8942,CLICK,1
1772342944.786191940,59170.054,484.8728,CLICK,1
1772342944.793442965,59177.305,559.8632,CLICK,1
1772342944.798590899,59182.453,591.3952,CLICK,1
1772342944.805773973,59189.636,499.0377,CLICK,1
1772342944.810859919,59194.722,545.5375,CLICK,1
1772342944.817951918,59201.814,604.0321,CLICK,1
1772342944.823141813,59207.004,505.7462,CLICK,1
1772342944.830247879,59214.110,497.3686,CLICK,1
1772342944.835389853,59219.252,567.9958,CLICK,1
1772342944.842521191,59226.383,527.9793,CLICK,1
1772342944.847622871,59231.485,468.9241,CLICK,1
1772342944.854840994,59238.704,546.2277,CLICK,1
1772342944.860013008,59243.875,562.4046,CLICK,1
1772342944.867100954,59250.963,491.5406,CLICK,1
1772342944.872270107,59256.132,549.6870,CLICK,1
1772342944.879358053,59263.220,546.1405,CLICK,1
1772342944.884282827,59268.145,431.1915,CLICK,1
1772342944.891743898,59275.606,468.5137,CLICK,1
1772342944.896898985,59280.761,554.4516,CLICK,1
1772342944.904010057,59287.873,460.7158,CLICK,1
1772342944.909173965,59293.037,466.1859,CLICK,1
1772342944.916227102,59300.089,567.6334,CLICK,1
1772342944.921347141,59305.209,520.8861,CLICK,1
1772342944.928610086,59312.472,509.7267,CLICK,1
1772342944.933773041,59317.635,595.8308,CLICK,1
1772342944.940881014,59324.743,554.0305,CLICK,1
1772342944.946250916,59330.113,479.9501,CLICK,1
1772342944.953091145,59336.953,554.9644,CLICK,1
1772342944.958022833,59341.885,593.4427,CLICK,1
1772342944.965497017,59349.359,519.4946,CLICK,1
1772342944.970669031,59354.531,544.6856,CLICK,1
1772342944.977722883,59361.586,601.1183,CLICK,1
1772342944.982818127,59366.680,564.4902,CLICK,1
1772342944.989977121,59373.839,617.7834,CLICK,1
1772342944.994892120,59378.754,586.4024,CLICK,1
1772342945.002356052,59386.218,503.2921,CLICK,1
1772342945.007523060,59391.385,424.2251,CLICK,1
1772342945.014545918,59398.408,482.4830,CLICK,1
1772342945.019620180,59403.482,461.2401,CLICK,1
1772342945.026837111,59410.699,378.6196,CLICK,1
1772342945.031993151,59415.855,452.7144,CLICK,1
1772342945.039329052,59423.191,481.0628,CLICK,1
1772342945.044484138,59428.347,396.6758,CLICK,1
1772342945.051465988,59435.328,442.7702,CLICK,1
1772342945.056542873,59440.405,489.6816,CLICK,1
1772342945.063775063,59447.637,414.1785,CLICK,1
1772342945.068938971,59452.801,392.7053,CLICK,1
1772342945.076048851,59459.911,473.5947,CLICK,1
1772342945.081212997,59465.075,416.2841,CLICK,1
1772342945.088357925,59472.220,371.7899,CLICK,1
1772342945.093406916,59477.269,465.0027,CLICK,1
1772342945.100595951,59484.458,460.5491,CLICK,1
1772342945.105751991,59489.614,385.1687,CLICK,1
1772342945.112860918,59496.723,469.8148,CLICK,1
1772342945.117949009,59501.811,525.5086,CLICK,1
1772342945.125218153,59509.080,439.7322,CLICK,1
1772342945.130094051,59513.956,481.3274,CLICK,1
1772342945.137465000,59521.327,545.6931,CLICK,1
1772342945.142545938,59526.408,483.3477,CLICK,1
1772342945.149719000,59533.582,469.3584,CLICK,1
1772342945.154790878,59538.653,519.3066,CLICK,1
1772342945.162036896,59545.900,428.5185,CLICK,1
1772342945.167099953,59550.962,413.9473,CLICK,1
